The target system is: Generic -  - 
The host system is: Linux - 6.18.33.2-microsoft-standard-WSL2 - x86_64
Compiling the C compiler identification source file "CMakeCCompilerId.c" succeeded.
Compiler: /home/vietnq/.espressif/tools/xtensa-esp-elf/esp-14.2.0_20260121/xtensa-esp-elf/bin/xtensa-esp32-elf-gcc 
Build flags: 
Id flags:  

The output was:
0


Compilation of the C compiler identification source "CMakeCCompilerId.c" produced "a.out"

The C compiler identification is GNU, found in "/home/vietnq/esp/ota/build/bootloader/CMakeFiles/3.22.1/CompilerIdC/a.out"

Compiling the CXX compiler identification source file "CMakeCXXCompilerId.cpp" succeeded.
Compiler: /home/vietnq/.espressif/tools/xtensa-esp-elf/esp-14.2.0_20260121/xtensa-esp-elf/bin/xtensa-esp32-elf-g++ 
Build flags: 
Id flags:  

The output was:
0


Compilation of the CXX compiler identification source "CMakeCXXCompilerId.cpp" produced "a.out"

The CXX compiler identification is GNU, found in "/home/vietnq/esp/ota/build/bootloader/CMakeFiles/3.22.1/CompilerIdCXX/a.out"

Checking whether the ASM compiler is GNU using "--version" matched "(GNU assembler)|(GCC)|(Free Software Foundation)":
xtensa-esp-elf-gcc (crosstool-NG esp-14.2.0_20260121) 14.2.0
Copyright (C) 2024 Free Software Foundation, Inc.
This is free software; see the source for copying conditions.  There is NO
warranty; not even for MERCHANTABILITY or FITNESS FOR A PARTICULAR PURPOSE.

Detecting C compiler ABI info compiled with the following output:
Change Dir: /home/vietnq/esp/ota/build/bootloader/CMakeFiles/CMakeTmp

Run Build Command(s):/usr/bin/ninja cmTC_d6d83 && [1/2] Building C object CMakeFiles/cmTC_d6d83.dir/CMakeCCompilerABI.c.obj
Using built-in specs.
COLLECT_GCC=/home/vietnq/.espressif/tools/xtensa-esp-elf/esp-14.2.0_20260121/xtensa-esp-elf/bin/xtensa-esp-elf-gcc
Target: xtensa-esp-elf
Configured with: /builds/idf/crosstool-NG/.build/xtensa-esp-elf/src/gcc/configure --build=x86_64-build_pc-linux-gnu --host=x86_64-build_pc-linux-gnu --target=xtensa-esp-elf --prefix=/builds/idf/crosstool-NG/builds/xtensa-esp-elf --exec_prefix=/builds/idf/crosstool-NG/builds/xtensa-esp-elf --with-local-prefix=/builds/idf/crosstool-NG/builds/xtensa-esp-elf/xtensa-esp-elf --with-sysroot=/builds/idf/crosstool-NG/builds/xtensa-esp-elf/xtensa-esp-elf --with-native-system-header-dir=/include --with-headers=/builds/idf/crosstool-NG/builds/xtensa-esp-elf/xtensa-esp-elf/include --with-newlib --enable-threads=no --disable-shared --with-pkgversion='crosstool-NG esp-14.2.0_20260121' --disable-__cxa_atexit --enable-cxx-flags='-ffunction-sections -fdata-sections' --disable-libgomp --disable-libmudflap --disable-libmpx --disable-libssp --disable-libquadmath --disable-libquadmath-support --disable-libstdcxx-verbose --with-gmp=/builds/idf/crosstool-NG/.build/xtensa-esp-elf/buildtools --with-mpfr=/builds/idf/crosstool-NG/.build/xtensa-esp-elf/buildtools --with-mpc=/builds/idf/crosstool-NG/.build/xtensa-esp-elf/buildtools --with-isl=/builds/idf/crosstool-NG/.build/xtensa-esp-elf/buildtools --enable-lto --enable-target-optspace --without-long-double-128 --enable-plugin --disable-nls --enable-multiarch --enable-languages=c,c++ --disable-libstdcxx-verbose --enable-threads=posix --enable-libstdcxx-time=yes --disable-win32-utf8-manifest
Thread model: posix
Supported LTO compression algorithms: zlib zstd
gcc version 14.2.0 (crosstool-NG esp-14.2.0_20260121) 
COLLECT_GCC_OPTIONS='-mdynconfig=xtensa_esp32.so' '-v' '-o' 'CMakeFiles/cmTC_d6d83.dir/CMakeCCompilerABI.c.obj' '-c' '-dumpdir' 'CMakeFiles/cmTC_d6d83.dir/'
 /home/vietnq/.espressif/tools/xtensa-esp-elf/esp-14.2.0_20260121/xtensa-esp-elf/bin/../libexec/gcc/xtensa-esp-elf/14.2.0/cc1 -quiet -v -imultilib esp32 -iprefix /home/vietnq/.espressif/tools/xtensa-esp-elf/esp-14.2.0_20260121/xtensa-esp-elf/bin/../lib/gcc/xtensa-esp-elf/14.2.0/ -isysroot /home/vietnq/.espressif/tools/xtensa-esp-elf/esp-14.2.0_20260121/xtensa-esp-elf/bin/../xtensa-esp-elf /usr/share/cmake-3.22/Modules/CMakeCCompilerABI.c -quiet -dumpdir CMakeFiles/cmTC_d6d83.dir/ -dumpbase CMakeCCompilerABI.c.c -dumpbase-ext .c -mdynconfig=xtensa_esp32.so -version -o /tmp/ccMpVGxW.s
GNU C17 (crosstool-NG esp-14.2.0_20260121) version 14.2.0 (xtensa-esp-elf)
	compiled by GNU C version 6.3.0, GMP version 6.3.0, MPFR version 4.2.1, MPC version 1.3.1, isl version isl-0.26-GMP

GGC heuristics: --param ggc-min-expand=100 --param ggc-min-heapsize=131072
ignoring duplicate directory "/home/vietnq/.espressif/tools/xtensa-esp-elf/esp-14.2.0_20260121/xtensa-esp-elf/bin/../lib/gcc/../../lib/gcc/xtensa-esp-elf/14.2.0/include"
ignoring nonexistent directory "/home/vietnq/.espressif/tools/xtensa-esp-elf/esp-14.2.0_20260121/xtensa-esp-elf/bin/../xtensa-esp-elf/builds/idf/crosstool-NG/builds/xtensa-esp-elf/xtensa-esp-elf/include"
ignoring duplicate directory "/home/vietnq/.espressif/tools/xtensa-esp-elf/esp-14.2.0_20260121/xtensa-esp-elf/bin/../lib/gcc/../../lib/gcc/xtensa-esp-elf/14.2.0/include-fixed"
ignoring duplicate directory "/home/vietnq/.espressif/tools/xtensa-esp-elf/esp-14.2.0_20260121/xtensa-esp-elf/bin/../lib/gcc/../../lib/gcc/xtensa-esp-elf/14.2.0/../../../../xtensa-esp-elf/include"
ignoring duplicate directory "/home/vietnq/.espressif/tools/xtensa-esp-elf/esp-14.2.0_20260121/xtensa-esp-elf/bin/../xtensa-esp-elf/include"
#include "..." search starts here:
#include <...> search starts here:
 /home/vietnq/.espressif/tools/xtensa-esp-elf/esp-14.2.0_20260121/xtensa-esp-elf/bin/../lib/gcc/xtensa-esp-elf/14.2.0/include
 /home/vietnq/.espressif/tools/xtensa-esp-elf/esp-14.2.0_20260121/xtensa-esp-elf/bin/../lib/gcc/xtensa-esp-elf/14.2.0/include-fixed
 /home/vietnq/.espressif/tools/xtensa-esp-elf/esp-14.2.0_20260121/xtensa-esp-elf/bin/../lib/gcc/xtensa-esp-elf/14.2.0/../../../../xtensa-esp-elf/include
End of search list.
Compiler executable checksum: 709abf7e99d4c633116df3b91860509f
COLLECT_GCC_OPTIONS='-mdynconfig=xtensa_esp32.so' '-v' '-o' 'CMakeFiles/cmTC_d6d83.dir/CMakeCCompilerABI.c.obj' '-c' '-dumpdir' 'CMakeFiles/cmTC_d6d83.dir/'
 /home/vietnq/.espressif/tools/xtensa-esp-elf/esp-14.2.0_20260121/xtensa-esp-elf/bin/../lib/gcc/xtensa-esp-elf/14.2.0/../../../../xtensa-esp-elf/bin/as --traditional-format --dynconfig=xtensa_esp32.so -o CMakeFiles/cmTC_d6d83.dir/CMakeCCompilerABI.c.obj /tmp/ccMpVGxW.s
COMPILER_PATH=/home/vietnq/.espressif/tools/xtensa-esp-elf/esp-14.2.0_20260121/xtensa-esp-elf/bin/../libexec/gcc/xtensa-esp-elf/14.2.0/:/home/vietnq/.espressif/tools/xtensa-esp-elf/esp-14.2.0_20260121/xtensa-esp-elf/bin/../libexec/gcc/:/home/vietnq/.espressif/tools/xtensa-esp-elf/esp-14.2.0_20260121/xtensa-esp-elf/bin/../lib/gcc/xtensa-esp-elf/14.2.0/../../../../xtensa-esp-elf/bin/
LIBRARY_PATH=/home/vietnq/.espressif/tools/xtensa-esp-elf/esp-14.2.0_20260121/xtensa-esp-elf/bin/../lib/gcc/xtensa-esp-elf/14.2.0/esp32/:/home/vietnq/.espressif/tools/xtensa-esp-elf/esp-14.2.0_20260121/xtensa-esp-elf/bin/../lib/gcc/xtensa-esp-elf/14.2.0/../../../../xtensa-esp-elf/lib/esp32/:/home/vietnq/.espressif/tools/xtensa-esp-elf/esp-14.2.0_20260121/xtensa-esp-elf/bin/../xtensa-esp-elf/lib/esp32/:/home/vietnq/.espressif/tools/xtensa-esp-elf/esp-14.2.0_20260121/xtensa-esp-elf/bin/../lib/gcc/xtensa-esp-elf/14.2.0/:/home/vietnq/.espressif/tools/xtensa-esp-elf/esp-14.2.0_20260121/xtensa-esp-elf/bin/../lib/gcc/:/home/vietnq/.espressif/tools/xtensa-esp-elf/esp-14.2.0_20260121/xtensa-esp-elf/bin/../lib/gcc/xtensa-esp-elf/14.2.0/../../../../xtensa-esp-elf/lib/:/home/vietnq/.espressif/tools/xtensa-esp-elf/esp-14.2.0_20260121/xtensa-esp-elf/bin/../xtensa-esp-elf/lib/:/home/vietnq/.espressif/tools/xtensa-esp-elf/esp-14.2.0_20260121/xtensa-esp-elf/bin/../xtensa-esp-elf/usr/lib/
COLLECT_GCC_OPTIONS='-mdynconfig=xtensa_esp32.so' '-v' '-o' 'CMakeFiles/cmTC_d6d83.dir/CMakeCCompilerABI.c.obj' '-c' '-dumpdir' 'CMakeFiles/cmTC_d6d83.dir/CMakeCCompilerABI.c.'
[2/2] Linking C executable cmTC_d6d83
Using built-in specs.
COLLECT_GCC=/home/vietnq/.espressif/tools/xtensa-esp-elf/esp-14.2.0_20260121/xtensa-esp-elf/bin/xtensa-esp-elf-gcc
COLLECT_LTO_WRAPPER=/home/vietnq/.espressif/tools/xtensa-esp-elf/esp-14.2.0_20260121/xtensa-esp-elf/bin/../libexec/gcc/xtensa-esp-elf/14.2.0/lto-wrapper
Target: xtensa-esp-elf
Configured with: /builds/idf/crosstool-NG/.build/xtensa-esp-elf/src/gcc/configure --build=x86_64-build_pc-linux-gnu --host=x86_64-build_pc-linux-gnu --target=xtensa-esp-elf --prefix=/builds/idf/crosstool-NG/builds/xtensa-esp-elf --exec_prefix=/builds/idf/crosstool-NG/builds/xtensa-esp-elf --with-local-prefix=/builds/idf/crosstool-NG/builds/xtensa-esp-elf/xtensa-esp-elf --with-sysroot=/builds/idf/crosstool-NG/builds/xtensa-esp-elf/xtensa-esp-elf --with-native-system-header-dir=/include --with-headers=/builds/idf/crosstool-NG/builds/xtensa-esp-elf/xtensa-esp-elf/include --with-newlib --enable-threads=no --disable-shared --with-pkgversion='crosstool-NG esp-14.2.0_20260121' --disable-__cxa_atexit --enable-cxx-flags='-ffunction-sections -fdata-sections' --disable-libgomp --disable-libmudflap --disable-libmpx --disable-libssp --disable-libquadmath --disable-libquadmath-support --disable-libstdcxx-verbose --with-gmp=/builds/idf/crosstool-NG/.build/xtensa-esp-elf/buildtools --with-mpfr=/builds/idf/crosstool-NG/.build/xtensa-esp-elf/buildtools --with-mpc=/builds/idf/crosstool-NG/.build/xtensa-esp-elf/buildtools --with-isl=/builds/idf/crosstool-NG/.build/xtensa-esp-elf/buildtools --enable-lto --enable-target-optspace --without-long-double-128 --enable-plugin --disable-nls --enable-multiarch --enable-languages=c,c++ --disable-libstdcxx-verbose --enable-threads=posix --enable-libstdcxx-time=yes --disable-win32-utf8-manifest
Thread model: posix
Supported LTO compression algorithms: zlib zstd
gcc version 14.2.0 (crosstool-NG esp-14.2.0_20260121) 
COMPILER_PATH=/home/vietnq/.espressif/tools/xtensa-esp-elf/esp-14.2.0_20260121/xtensa-esp-elf/bin/../libexec/gcc/xtensa-esp-elf/14.2.0/:/home/vietnq/.espressif/tools/xtensa-esp-elf/esp-14.2.0_20260121/xtensa-esp-elf/bin/../libexec/gcc/:/home/vietnq/.espressif/tools/xtensa-esp-elf/esp-14.2.0_20260121/xtensa-esp-elf/bin/../lib/gcc/xtensa-esp-elf/14.2.0/../../../../xtensa-esp-elf/bin/
LIBRARY_PATH=/home/vietnq/.espressif/tools/xtensa-esp-elf/esp-14.2.0_20260121/xtensa-esp-elf/bin/../lib/gcc/xtensa-esp-elf/14.2.0/esp32/:/home/vietnq/.espressif/tools/xtensa-esp-elf/esp-14.2.0_20260121/xtensa-esp-elf/bin/../lib/gcc/xtensa-esp-elf/14.2.0/../../../../xtensa-esp-elf/lib/esp32/:/home/vietnq/.espressif/tools/xtensa-esp-elf/esp-14.2.0_20260121/xtensa-esp-elf/bin/../xtensa-esp-elf/lib/esp32/:/home/vietnq/.espressif/tools/xtensa-esp-elf/esp-14.2.0_20260121/xtensa-esp-elf/bin/../lib/gcc/xtensa-esp-elf/14.2.0/:/home/vietnq/.espressif/tools/xtensa-esp-elf/esp-14.2.0_20260121/xtensa-esp-elf/bin/../lib/gcc/:/home/vietnq/.espressif/tools/xtensa-esp-elf/esp-14.2.0_20260121/xtensa-esp-elf/bin/../lib/gcc/xtensa-esp-elf/14.2.0/../../../../xtensa-esp-elf/lib/:/home/vietnq/.espressif/tools/xtensa-esp-elf/esp-14.2.0_20260121/xtensa-esp-elf/bin/../xtensa-esp-elf/lib/:/home/vietnq/.espressif/tools/xtensa-esp-elf/esp-14.2.0_20260121/xtensa-esp-elf/bin/../xtensa-esp-elf/usr/lib/
COLLECT_GCC_OPTIONS='-mdynconfig=xtensa_esp32.so' '-v' '-o' 'cmTC_d6d83' '-dumpdir' 'cmTC_d6d83.'
 /home/vietnq/.espressif/tools/xtensa-esp-elf/esp-14.2.0_20260121/xtensa-esp-elf/bin/../libexec/gcc/xtensa-esp-elf/14.2.0/collect2 -plugin /home/vietnq/.espressif/tools/xtensa-esp-elf/esp-14.2.0_20260121/xtensa-esp-elf/bin/../libexec/gcc/xtensa-esp-elf/14.2.0/liblto_plugin.so -plugin-opt=/home/vietnq/.espressif/tools/xtensa-esp-elf/esp-14.2.0_20260121/xtensa-esp-elf/bin/../libexec/gcc/xtensa-esp-elf/14.2.0/lto-wrapper -plugin-opt=-fresolution=/tmp/cc5LfVbv.res -plugin-opt=-pass-through=-lgcc -plugin-opt=-pass-through=-lc -plugin-opt=-pass-through=-lnosys -plugin-opt=-pass-through=-lc -plugin-opt=-pass-through=-lgcc --sysroot=/home/vietnq/.espressif/tools/xtensa-esp-elf/esp-14.2.0_20260121/xtensa-esp-elf/bin/../xtensa-esp-elf --dynconfig=xtensa_esp32.so -o cmTC_d6d83 /home/vietnq/.espressif/tools/xtensa-esp-elf/esp-14.2.0_20260121/xtensa-esp-elf/bin/../lib/gcc/xtensa-esp-elf/14.2.0/../../../../xtensa-esp-elf/lib/esp32/crt0.o /home/vietnq/.espressif/tools/xtensa-esp-elf/esp-14.2.0_20260121/xtensa-esp-elf/bin/../lib/gcc/xtensa-esp-elf/14.2.0/esp32/crti.o /home/vietnq/.espressif/tools/xtensa-esp-elf/esp-14.2.0_20260121/xtensa-esp-elf/bin/../lib/gcc/xtensa-esp-elf/14.2.0/esp32/crtbegin.o -L/home/vietnq/.espressif/tools/xtensa-esp-elf/esp-14.2.0_20260121/xtensa-esp-elf/bin/../lib/gcc/xtensa-esp-elf/14.2.0/esp32 -L/home/vietnq/.espressif/tools/xtensa-esp-elf/esp-14.2.0_20260121/xtensa-esp-elf/bin/../lib/gcc/xtensa-esp-elf/14.2.0/../../../../xtensa-esp-elf/lib/esp32 -L/home/vietnq/.espressif/tools/xtensa-esp-elf/esp-14.2.0_20260121/xtensa-esp-elf/bin/../xtensa-esp-elf/lib/esp32 -L/home/vietnq/.espressif/tools/xtensa-esp-elf/esp-14.2.0_20260121/xtensa-esp-elf/bin/../lib/gcc/xtensa-esp-elf/14.2.0 -L/home/vietnq/.espressif/tools/xtensa-esp-elf/esp-14.2.0_20260121/xtensa-esp-elf/bin/../lib/gcc -L/home/vietnq/.espressif/tools/xtensa-esp-elf/esp-14.2.0_20260121/xtensa-esp-elf/bin/../lib/gcc/xtensa-esp-elf/14.2.0/../../../../xtensa-esp-elf/lib -L/home/vietnq/.espressif/tools/xtensa-esp-elf/esp-14.2.0_20260121/xtensa-esp-elf/bin/../xtensa-esp-elf/lib -L/home/vietnq/.espressif/tools/xtensa-esp-elf/esp-14.2.0_20260121/xtensa-esp-elf/bin/../xtensa-esp-elf/usr/lib @/tmp/cc5I54vH -lgcc -lc -lnosys -lc -lgcc /home/vietnq/.espressif/tools/xtensa-esp-elf/esp-14.2.0_20260121/xtensa-esp-elf/bin/../lib/gcc/xtensa-esp-elf/14.2.0/esp32/crtend.o /home/vietnq/.espressif/tools/xtensa-esp-elf/esp-14.2.0_20260121/xtensa-esp-elf/bin/../lib/gcc/xtensa-esp-elf/14.2.0/esp32/crtn.o
COLLECT_GCC_OPTIONS='-mdynconfig=xtensa_esp32.so' '-v' '-o' 'cmTC_d6d83' '-dumpdir' 'cmTC_d6d83.'



Parsed C implicit include dir info from above output: rv=done
  found start of include info
  found start of implicit include info
    add: [/home/vietnq/.espressif/tools/xtensa-esp-elf/esp-14.2.0_20260121/xtensa-esp-elf/bin/../lib/gcc/xtensa-esp-elf/14.2.0/include]
    add: [/home/vietnq/.espressif/tools/xtensa-esp-elf/esp-14.2.0_20260121/xtensa-esp-elf/bin/../lib/gcc/xtensa-esp-elf/14.2.0/include-fixed]
    add: [/home/vietnq/.espressif/tools/xtensa-esp-elf/esp-14.2.0_20260121/xtensa-esp-elf/bin/../lib/gcc/xtensa-esp-elf/14.2.0/../../../../xtensa-esp-elf/include]
  end of search list found
  collapse include dir [/home/vietnq/.espressif/tools/xtensa-esp-elf/esp-14.2.0_20260121/xtensa-esp-elf/bin/../lib/gcc/xtensa-esp-elf/14.2.0/include] ==> [/home/vietnq/.espressif/tools/xtensa-esp-elf/esp-14.2.0_20260121/xtensa-esp-elf/lib/gcc/xtensa-esp-elf/14.2.0/include]
  collapse include dir [/home/vietnq/.espressif/tools/xtensa-esp-elf/esp-14.2.0_20260121/xtensa-esp-elf/bin/../lib/gcc/xtensa-esp-elf/14.2.0/include-fixed] ==> [/home/vietnq/.espressif/tools/xtensa-esp-elf/esp-14.2.0_20260121/xtensa-esp-elf/lib/gcc/xtensa-esp-elf/14.2.0/include-fixed]
  collapse include dir [/home/vietnq/.espressif/tools/xtensa-esp-elf/esp-14.2.0_20260121/xtensa-esp-elf/bin/../lib/gcc/xtensa-esp-elf/14.2.0/../../../../xtensa-esp-elf/include] ==> [/home/vietnq/.espressif/tools/xtensa-esp-elf/esp-14.2.0_20260121/xtensa-esp-elf/xtensa-esp-elf/include]
  implicit include dirs: [/home/vietnq/.espressif/tools/xtensa-esp-elf/esp-14.2.0_20260121/xtensa-esp-elf/lib/gcc/xtensa-esp-elf/14.2.0/include;/home/vietnq/.espressif/tools/xtensa-esp-elf/esp-14.2.0_20260121/xtensa-esp-elf/lib/gcc/xtensa-esp-elf/14.2.0/include-fixed;/home/vietnq/.espressif/tools/xtensa-esp-elf/esp-14.2.0_20260121/xtensa-esp-elf/xtensa-esp-elf/include]


Parsed C implicit link information from above output:
  link line regex: [^( *|.*[/\])(xtensa-esp32-elf-ld|CMAKE_LINK_STARTFILE-NOTFOUND|([^/\]+-)?ld|collect2)[^/\]*( |$)]
  ignore line: [Change Dir: /home/vietnq/esp/ota/build/bootloader/CMakeFiles/CMakeTmp]
  ignore line: []
  ignore line: [Run Build Command(s):/usr/bin/ninja cmTC_d6d83 && [1/2] Building C object CMakeFiles/cmTC_d6d83.dir/CMakeCCompilerABI.c.obj]
  ignore line: [Using built-in specs.]
  ignore line: [COLLECT_GCC=/home/vietnq/.espressif/tools/xtensa-esp-elf/esp-14.2.0_20260121/xtensa-esp-elf/bin/xtensa-esp-elf-gcc]
  ignore line: [Target: xtensa-esp-elf]
  ignore line: [Configured with: /builds/idf/crosstool-NG/.build/xtensa-esp-elf/src/gcc/configure --build=x86_64-build_pc-linux-gnu --host=x86_64-build_pc-linux-gnu --target=xtensa-esp-elf --prefix=/builds/idf/crosstool-NG/builds/xtensa-esp-elf --exec_prefix=/builds/idf/crosstool-NG/builds/xtensa-esp-elf --with-local-prefix=/builds/idf/crosstool-NG/builds/xtensa-esp-elf/xtensa-esp-elf --with-sysroot=/builds/idf/crosstool-NG/builds/xtensa-esp-elf/xtensa-esp-elf --with-native-system-header-dir=/include --with-headers=/builds/idf/crosstool-NG/builds/xtensa-esp-elf/xtensa-esp-elf/include --with-newlib --enable-threads=no --disable-shared --with-pkgversion='crosstool-NG esp-14.2.0_20260121' --disable-__cxa_atexit --enable-cxx-flags='-ffunction-sections -fdata-sections' --disable-libgomp --disable-libmudflap --disable-libmpx --disable-libssp --disable-libquadmath --disable-libquadmath-support --disable-libstdcxx-verbose --with-gmp=/builds/idf/crosstool-NG/.build/xtensa-esp-elf/buildtools --with-mpfr=/builds/idf/crosstool-NG/.build/xtensa-esp-elf/buildtools --with-mpc=/builds/idf/crosstool-NG/.build/xtensa-esp-elf/buildtools --with-isl=/builds/idf/crosstool-NG/.build/xtensa-esp-elf/buildtools --enable-lto --enable-target-optspace --without-long-double-128 --enable-plugin --disable-nls --enable-multiarch --enable-languages=c c++ --disable-libstdcxx-verbose --enable-threads=posix --enable-libstdcxx-time=yes --disable-win32-utf8-manifest]
  ignore line: [Thread model: posix]
  ignore line: [Supported LTO compression algorithms: zlib zstd]
  ignore line: [gcc version 14.2.0 (crosstool-NG esp-14.2.0_20260121) ]
  ignore line: [COLLECT_GCC_OPTIONS='-mdynconfig=xtensa_esp32.so' '-v' '-o' 'CMakeFiles/cmTC_d6d83.dir/CMakeCCompilerABI.c.obj' '-c' '-dumpdir' 'CMakeFiles/cmTC_d6d83.dir/']
  ignore line: [ /home/vietnq/.espressif/tools/xtensa-esp-elf/esp-14.2.0_20260121/xtensa-esp-elf/bin/../libexec/gcc/xtensa-esp-elf/14.2.0/cc1 -quiet -v -imultilib esp32 -iprefix /home/vietnq/.espressif/tools/xtensa-esp-elf/esp-14.2.0_20260121/xtensa-esp-elf/bin/../lib/gcc/xtensa-esp-elf/14.2.0/ -isysroot /home/vietnq/.espressif/tools/xtensa-esp-elf/esp-14.2.0_20260121/xtensa-esp-elf/bin/../xtensa-esp-elf /usr/share/cmake-3.22/Modules/CMakeCCompilerABI.c -quiet -dumpdir CMakeFiles/cmTC_d6d83.dir/ -dumpbase CMakeCCompilerABI.c.c -dumpbase-ext .c -mdynconfig=xtensa_esp32.so -version -o /tmp/ccMpVGxW.s]
  ignore line: [GNU C17 (crosstool-NG esp-14.2.0_20260121) version 14.2.0 (xtensa-esp-elf)]
  ignore line: [	compiled by GNU C version 6.3.0  GMP version 6.3.0  MPFR version 4.2.1  MPC version 1.3.1  isl version isl-0.26-GMP]
  ignore line: []
  ignore line: [GGC heuristics: --param ggc-min-expand=100 --param ggc-min-heapsize=131072]
  ignore line: [ignoring duplicate directory "/home/vietnq/.espressif/tools/xtensa-esp-elf/esp-14.2.0_20260121/xtensa-esp-elf/bin/../lib/gcc/../../lib/gcc/xtensa-esp-elf/14.2.0/include"]
  ignore line: [ignoring nonexistent directory "/home/vietnq/.espressif/tools/xtensa-esp-elf/esp-14.2.0_20260121/xtensa-esp-elf/bin/../xtensa-esp-elf/builds/idf/crosstool-NG/builds/xtensa-esp-elf/xtensa-esp-elf/include"]
  ignore line: [ignoring duplicate directory "/home/vietnq/.espressif/tools/xtensa-esp-elf/esp-14.2.0_20260121/xtensa-esp-elf/bin/../lib/gcc/../../lib/gcc/xtensa-esp-elf/14.2.0/include-fixed"]
  ignore line: [ignoring duplicate directory "/home/vietnq/.espressif/tools/xtensa-esp-elf/esp-14.2.0_20260121/xtensa-esp-elf/bin/../lib/gcc/../../lib/gcc/xtensa-esp-elf/14.2.0/../../../../xtensa-esp-elf/include"]
  ignore line: [ignoring duplicate directory "/home/vietnq/.espressif/tools/xtensa-esp-elf/esp-14.2.0_20260121/xtensa-esp-elf/bin/../xtensa-esp-elf/include"]
  ignore line: [#include "..." search starts here:]
  ignore line: [#include <...> search starts here:]
  ignore line: [ /home/vietnq/.espressif/tools/xtensa-esp-elf/esp-14.2.0_20260121/xtensa-esp-elf/bin/../lib/gcc/xtensa-esp-elf/14.2.0/include]
  ignore line: [ /home/vietnq/.espressif/tools/xtensa-esp-elf/esp-14.2.0_20260121/xtensa-esp-elf/bin/../lib/gcc/xtensa-esp-elf/14.2.0/include-fixed]
  ignore line: [ /home/vietnq/.espressif/tools/xtensa-esp-elf/esp-14.2.0_20260121/xtensa-esp-elf/bin/../lib/gcc/xtensa-esp-elf/14.2.0/../../../../xtensa-esp-elf/include]
  ignore line: [End of search list.]
  ignore line: [Compiler executable checksum: 709abf7e99d4c633116df3b91860509f]
  ignore line: [COLLECT_GCC_OPTIONS='-mdynconfig=xtensa_esp32.so' '-v' '-o' 'CMakeFiles/cmTC_d6d83.dir/CMakeCCompilerABI.c.obj' '-c' '-dumpdir' 'CMakeFiles/cmTC_d6d83.dir/']
  ignore line: [ /home/vietnq/.espressif/tools/xtensa-esp-elf/esp-14.2.0_20260121/xtensa-esp-elf/bin/../lib/gcc/xtensa-esp-elf/14.2.0/../../../../xtensa-esp-elf/bin/as --traditional-format --dynconfig=xtensa_esp32.so -o CMakeFiles/cmTC_d6d83.dir/CMakeCCompilerABI.c.obj /tmp/ccMpVGxW.s]
  ignore line: [COMPILER_PATH=/home/vietnq/.espressif/tools/xtensa-esp-elf/esp-14.2.0_20260121/xtensa-esp-elf/bin/../libexec/gcc/xtensa-esp-elf/14.2.0/:/home/vietnq/.espressif/tools/xtensa-esp-elf/esp-14.2.0_20260121/xtensa-esp-elf/bin/../libexec/gcc/:/home/vietnq/.espressif/tools/xtensa-esp-elf/esp-14.2.0_20260121/xtensa-esp-elf/bin/../lib/gcc/xtensa-esp-elf/14.2.0/../../../../xtensa-esp-elf/bin/]
  ignore line: [LIBRARY_PATH=/home/vietnq/.espressif/tools/xtensa-esp-elf/esp-14.2.0_20260121/xtensa-esp-elf/bin/../lib/gcc/xtensa-esp-elf/14.2.0/esp32/:/home/vietnq/.espressif/tools/xtensa-esp-elf/esp-14.2.0_20260121/xtensa-esp-elf/bin/../lib/gcc/xtensa-esp-elf/14.2.0/../../../../xtensa-esp-elf/lib/esp32/:/home/vietnq/.espressif/tools/xtensa-esp-elf/esp-14.2.0_20260121/xtensa-esp-elf/bin/../xtensa-esp-elf/lib/esp32/:/home/vietnq/.espressif/tools/xtensa-esp-elf/esp-14.2.0_20260121/xtensa-esp-elf/bin/../lib/gcc/xtensa-esp-elf/14.2.0/:/home/vietnq/.espressif/tools/xtensa-esp-elf/esp-14.2.0_20260121/xtensa-esp-elf/bin/../lib/gcc/:/home/vietnq/.espressif/tools/xtensa-esp-elf/esp-14.2.0_20260121/xtensa-esp-elf/bin/../lib/gcc/xtensa-esp-elf/14.2.0/../../../../xtensa-esp-elf/lib/:/home/vietnq/.espressif/tools/xtensa-esp-elf/esp-14.2.0_20260121/xtensa-esp-elf/bin/../xtensa-esp-elf/lib/:/home/vietnq/.espressif/tools/xtensa-esp-elf/esp-14.2.0_20260121/xtensa-esp-elf/bin/../xtensa-esp-elf/usr/lib/]
  ignore line: [COLLECT_GCC_OPTIONS='-mdynconfig=xtensa_esp32.so' '-v' '-o' 'CMakeFiles/cmTC_d6d83.dir/CMakeCCompilerABI.c.obj' '-c' '-dumpdir' 'CMakeFiles/cmTC_d6d83.dir/CMakeCCompilerABI.c.']
  ignore line: [[2/2] Linking C executable cmTC_d6d83]
  ignore line: [Using built-in specs.]
  ignore line: [COLLECT_GCC=/home/vietnq/.espressif/tools/xtensa-esp-elf/esp-14.2.0_20260121/xtensa-esp-elf/bin/xtensa-esp-elf-gcc]
  ignore line: [COLLECT_LTO_WRAPPER=/home/vietnq/.espressif/tools/xtensa-esp-elf/esp-14.2.0_20260121/xtensa-esp-elf/bin/../libexec/gcc/xtensa-esp-elf/14.2.0/lto-wrapper]
  ignore line: [Target: xtensa-esp-elf]
  ignore line: [Configured with: /builds/idf/crosstool-NG/.build/xtensa-esp-elf/src/gcc/configure --build=x86_64-build_pc-linux-gnu --host=x86_64-build_pc-linux-gnu --target=xtensa-esp-elf --prefix=/builds/idf/crosstool-NG/builds/xtensa-esp-elf --exec_prefix=/builds/idf/crosstool-NG/builds/xtensa-esp-elf --with-local-prefix=/builds/idf/crosstool-NG/builds/xtensa-esp-elf/xtensa-esp-elf --with-sysroot=/builds/idf/crosstool-NG/builds/xtensa-esp-elf/xtensa-esp-elf --with-native-system-header-dir=/include --with-headers=/builds/idf/crosstool-NG/builds/xtensa-esp-elf/xtensa-esp-elf/include --with-newlib --enable-threads=no --disable-shared --with-pkgversion='crosstool-NG esp-14.2.0_20260121' --disable-__cxa_atexit --enable-cxx-flags='-ffunction-sections -fdata-sections' --disable-libgomp --disable-libmudflap --disable-libmpx --disable-libssp --disable-libquadmath --disable-libquadmath-support --disable-libstdcxx-verbose --with-gmp=/builds/idf/crosstool-NG/.build/xtensa-esp-elf/buildtools --with-mpfr=/builds/idf/crosstool-NG/.build/xtensa-esp-elf/buildtools --with-mpc=/builds/idf/crosstool-NG/.build/xtensa-esp-elf/buildtools --with-isl=/builds/idf/crosstool-NG/.build/xtensa-esp-elf/buildtools --enable-lto --enable-target-optspace --without-long-double-128 --enable-plugin --disable-nls --enable-multiarch --enable-languages=c c++ --disable-libstdcxx-verbose --enable-threads=posix --enable-libstdcxx-time=yes --disable-win32-utf8-manifest]
  ignore line: [Thread model: posix]
  ignore line: [Supported LTO compression algorithms: zlib zstd]
  ignore line: [gcc version 14.2.0 (crosstool-NG esp-14.2.0_20260121) ]
  ignore line: [COMPILER_PATH=/home/vietnq/.espressif/tools/xtensa-esp-elf/esp-14.2.0_20260121/xtensa-esp-elf/bin/../libexec/gcc/xtensa-esp-elf/14.2.0/:/home/vietnq/.espressif/tools/xtensa-esp-elf/esp-14.2.0_20260121/xtensa-esp-elf/bin/../libexec/gcc/:/home/vietnq/.espressif/tools/xtensa-esp-elf/esp-14.2.0_20260121/xtensa-esp-elf/bin/../lib/gcc/xtensa-esp-elf/14.2.0/../../../../xtensa-esp-elf/bin/]
  ignore line: [LIBRARY_PATH=/home/vietnq/.espressif/tools/xtensa-esp-elf/esp-14.2.0_20260121/xtensa-esp-elf/bin/../lib/gcc/xtensa-esp-elf/14.2.0/esp32/:/home/vietnq/.espressif/tools/xtensa-esp-elf/esp-14.2.0_20260121/xtensa-esp-elf/bin/../lib/gcc/xtensa-esp-elf/14.2.0/../../../../xtensa-esp-elf/lib/esp32/:/home/vietnq/.espressif/tools/xtensa-esp-elf/esp-14.2.0_20260121/xtensa-esp-elf/bin/../xtensa-esp-elf/lib/esp32/:/home/vietnq/.espressif/tools/xtensa-esp-elf/esp-14.2.0_20260121/xtensa-esp-elf/bin/../lib/gcc/xtensa-esp-elf/14.2.0/:/home/vietnq/.espressif/tools/xtensa-esp-elf/esp-14.2.0_20260121/xtensa-esp-elf/bin/../lib/gcc/:/home/vietnq/.espressif/tools/xtensa-esp-elf/esp-14.2.0_20260121/xtensa-esp-elf/bin/../lib/gcc/xtensa-esp-elf/14.2.0/../../../../xtensa-esp-elf/lib/:/home/vietnq/.espressif/tools/xtensa-esp-elf/esp-14.2.0_20260121/xtensa-esp-elf/bin/../xtensa-esp-elf/lib/:/home/vietnq/.espressif/tools/xtensa-esp-elf/esp-14.2.0_20260121/xtensa-esp-elf/bin/../xtensa-esp-elf/usr/lib/]
  ignore line: [COLLECT_GCC_OPTIONS='-mdynconfig=xtensa_esp32.so' '-v' '-o' 'cmTC_d6d83' '-dumpdir' 'cmTC_d6d83.']
  link line: [ /home/vietnq/.espressif/tools/xtensa-esp-elf/esp-14.2.0_20260121/xtensa-esp-elf/bin/../libexec/gcc/xtensa-esp-elf/14.2.0/collect2 -plugin /home/vietnq/.espressif/tools/xtensa-esp-elf/esp-14.2.0_20260121/xtensa-esp-elf/bin/../libexec/gcc/xtensa-esp-elf/14.2.0/liblto_plugin.so -plugin-opt=/home/vietnq/.espressif/tools/xtensa-esp-elf/esp-14.2.0_20260121/xtensa-esp-elf/bin/../libexec/gcc/xtensa-esp-elf/14.2.0/lto-wrapper -plugin-opt=-fresolution=/tmp/cc5LfVbv.res -plugin-opt=-pass-through=-lgcc -plugin-opt=-pass-through=-lc -plugin-opt=-pass-through=-lnosys -plugin-opt=-pass-through=-lc -plugin-opt=-pass-through=-lgcc --sysroot=/home/vietnq/.espressif/tools/xtensa-esp-elf/esp-14.2.0_20260121/xtensa-esp-elf/bin/../xtensa-esp-elf --dynconfig=xtensa_esp32.so -o cmTC_d6d83 /home/vietnq/.espressif/tools/xtensa-esp-elf/esp-14.2.0_20260121/xtensa-esp-elf/bin/../lib/gcc/xtensa-esp-elf/14.2.0/../../../../xtensa-esp-elf/lib/esp32/crt0.o /home/vietnq/.espressif/tools/xtensa-esp-elf/esp-14.2.0_20260121/xtensa-esp-elf/bin/../lib/gcc/xtensa-esp-elf/14.2.0/esp32/crti.o /home/vietnq/.espressif/tools/xtensa-esp-elf/esp-14.2.0_20260121/xtensa-esp-elf/bin/../lib/gcc/xtensa-esp-elf/14.2.0/esp32/crtbegin.o -L/home/vietnq/.espressif/tools/xtensa-esp-elf/esp-14.2.0_20260121/xtensa-esp-elf/bin/../lib/gcc/xtensa-esp-elf/14.2.0/esp32 -L/home/vietnq/.espressif/tools/xtensa-esp-elf/esp-14.2.0_20260121/xtensa-esp-elf/bin/../lib/gcc/xtensa-esp-elf/14.2.0/../../../../xtensa-esp-elf/lib/esp32 -L/home/vietnq/.espressif/tools/xtensa-esp-elf/esp-14.2.0_20260121/xtensa-esp-elf/bin/../xtensa-esp-elf/lib/esp32 -L/home/vietnq/.espressif/tools/xtensa-esp-elf/esp-14.2.0_20260121/xtensa-esp-elf/bin/../lib/gcc/xtensa-esp-elf/14.2.0 -L/home/vietnq/.espressif/tools/xtensa-esp-elf/esp-14.2.0_20260121/xtensa-esp-elf/bin/../lib/gcc -L/home/vietnq/.espressif/tools/xtensa-esp-elf/esp-14.2.0_20260121/xtensa-esp-elf/bin/../lib/gcc/xtensa-esp-elf/14.2.0/../../../../xtensa-esp-elf/lib -L/home/vietnq/.espressif/tools/xtensa-esp-elf/esp-14.2.0_20260121/xtensa-esp-elf/bin/../xtensa-esp-elf/lib -L/home/vietnq/.espressif/tools/xtensa-esp-elf/esp-14.2.0_20260121/xtensa-esp-elf/bin/../xtensa-esp-elf/usr/lib @/tmp/cc5I54vH -lgcc -lc -lnosys -lc -lgcc /home/vietnq/.espressif/tools/xtensa-esp-elf/esp-14.2.0_20260121/xtensa-esp-elf/bin/../lib/gcc/xtensa-esp-elf/14.2.0/esp32/crtend.o /home/vietnq/.espressif/tools/xtensa-esp-elf/esp-14.2.0_20260121/xtensa-esp-elf/bin/../lib/gcc/xtensa-esp-elf/14.2.0/esp32/crtn.o]
    arg [/home/vietnq/.espressif/tools/xtensa-esp-elf/esp-14.2.0_20260121/xtensa-esp-elf/bin/../libexec/gcc/xtensa-esp-elf/14.2.0/collect2] ==> ignore
    arg [-plugin] ==> ignore
    arg [/home/vietnq/.espressif/tools/xtensa-esp-elf/esp-14.2.0_20260121/xtensa-esp-elf/bin/../libexec/gcc/xtensa-esp-elf/14.2.0/liblto_plugin.so] ==> ignore
    arg [-plugin-opt=/home/vietnq/.espressif/tools/xtensa-esp-elf/esp-14.2.0_20260121/xtensa-esp-elf/bin/../libexec/gcc/xtensa-esp-elf/14.2.0/lto-wrapper] ==> ignore
    arg [-plugin-opt=-fresolution=/tmp/cc5LfVbv.res] ==> ignore
    arg [-plugin-opt=-pass-through=-lgcc] ==> ignore
    arg [-plugin-opt=-pass-through=-lc] ==> ignore
    arg [-plugin-opt=-pass-through=-lnosys] ==> ignore
    arg [-plugin-opt=-pass-through=-lc] ==> ignore
    arg [-plugin-opt=-pass-through=-lgcc] ==> ignore
    arg [--sysroot=/home/vietnq/.espressif/tools/xtensa-esp-elf/esp-14.2.0_20260121/xtensa-esp-elf/bin/../xtensa-esp-elf] ==> ignore
    arg [--dynconfig=xtensa_esp32.so] ==> ignore
    arg [-o] ==> ignore
    arg [cmTC_d6d83] ==> ignore
    arg [/home/vietnq/.espressif/tools/xtensa-esp-elf/esp-14.2.0_20260121/xtensa-esp-elf/bin/../lib/gcc/xtensa-esp-elf/14.2.0/../../../../xtensa-esp-elf/lib/esp32/crt0.o] ==> obj [/home/vietnq/.espressif/tools/xtensa-esp-elf/esp-14.2.0_20260121/xtensa-esp-elf/bin/../lib/gcc/xtensa-esp-elf/14.2.0/../../../../xtensa-esp-elf/lib/esp32/crt0.o]
    arg [/home/vietnq/.espressif/tools/xtensa-esp-elf/esp-14.2.0_20260121/xtensa-esp-elf/bin/../lib/gcc/xtensa-esp-elf/14.2.0/esp32/crti.o] ==> obj [/home/vietnq/.espressif/tools/xtensa-esp-elf/esp-14.2.0_20260121/xtensa-esp-elf/bin/../lib/gcc/xtensa-esp-elf/14.2.0/esp32/crti.o]
    arg [/home/vietnq/.espressif/tools/xtensa-esp-elf/esp-14.2.0_20260121/xtensa-esp-elf/bin/../lib/gcc/xtensa-esp-elf/14.2.0/esp32/crtbegin.o] ==> obj [/home/vietnq/.espressif/tools/xtensa-esp-elf/esp-14.2.0_20260121/xtensa-esp-elf/bin/../lib/gcc/xtensa-esp-elf/14.2.0/esp32/crtbegin.o]
    arg [-L/home/vietnq/.espressif/tools/xtensa-esp-elf/esp-14.2.0_20260121/xtensa-esp-elf/bin/../lib/gcc/xtensa-esp-elf/14.2.0/esp32] ==> dir [/home/vietnq/.espressif/tools/xtensa-esp-elf/esp-14.2.0_20260121/xtensa-esp-elf/bin/../lib/gcc/xtensa-esp-elf/14.2.0/esp32]
    arg [-L/home/vietnq/.espressif/tools/xtensa-esp-elf/esp-14.2.0_20260121/xtensa-esp-elf/bin/../lib/gcc/xtensa-esp-elf/14.2.0/../../../../xtensa-esp-elf/lib/esp32] ==> dir [/home/vietnq/.espressif/tools/xtensa-esp-elf/esp-14.2.0_20260121/xtensa-esp-elf/bin/../lib/gcc/xtensa-esp-elf/14.2.0/../../../../xtensa-esp-elf/lib/esp32]
    arg [-L/home/vietnq/.espressif/tools/xtensa-esp-elf/esp-14.2.0_20260121/xtensa-esp-elf/bin/../xtensa-esp-elf/lib/esp32] ==> dir [/home/vietnq/.espressif/tools/xtensa-esp-elf/esp-14.2.0_20260121/xtensa-esp-elf/bin/../xtensa-esp-elf/lib/esp32]
    arg [-L/home/vietnq/.espressif/tools/xtensa-esp-elf/esp-14.2.0_20260121/xtensa-esp-elf/bin/../lib/gcc/xtensa-esp-elf/14.2.0] ==> dir [/home/vietnq/.espressif/tools/xtensa-esp-elf/esp-14.2.0_20260121/xtensa-esp-elf/bin/../lib/gcc/xtensa-esp-elf/14.2.0]
    arg [-L/home/vietnq/.espressif/tools/xtensa-esp-elf/esp-14.2.0_20260121/xtensa-esp-elf/bin/../lib/gcc] ==> dir [/home/vietnq/.espressif/tools/xtensa-esp-elf/esp-14.2.0_20260121/xtensa-esp-elf/bin/../lib/gcc]
    arg [-L/home/vietnq/.espressif/tools/xtensa-esp-elf/esp-14.2.0_20260121/xtensa-esp-elf/bin/../lib/gcc/xtensa-esp-elf/14.2.0/../../../../xtensa-esp-elf/lib] ==> dir [/home/vietnq/.espressif/tools/xtensa-esp-elf/esp-14.2.0_20260121/xtensa-esp-elf/bin/../lib/gcc/xtensa-esp-elf/14.2.0/../../../../xtensa-esp-elf/lib]
    arg [-L/home/vietnq/.espressif/tools/xtensa-esp-elf/esp-14.2.0_20260121/xtensa-esp-elf/bin/../xtensa-esp-elf/lib] ==> dir [/home/vietnq/.espressif/tools/xtensa-esp-elf/esp-14.2.0_20260121/xtensa-esp-elf/bin/../xtensa-esp-elf/lib]
    arg [-L/home/vietnq/.espressif/tools/xtensa-esp-elf/esp-14.2.0_20260121/xtensa-esp-elf/bin/../xtensa-esp-elf/usr/lib] ==> dir [/home/vietnq/.espressif/tools/xtensa-esp-elf/esp-14.2.0_20260121/xtensa-esp-elf/bin/../xtensa-esp-elf/usr/lib]
    arg [@/tmp/cc5I54vH] ==> ignore
    arg [-lgcc] ==> lib [gcc]
    arg [-lc] ==> lib [c]
    arg [-lnosys] ==> lib [nosys]
    arg [-lc] ==> lib [c]
    arg [-lgcc] ==> lib [gcc]
    arg [/home/vietnq/.espressif/tools/xtensa-esp-elf/esp-14.2.0_20260121/xtensa-esp-elf/bin/../lib/gcc/xtensa-esp-elf/14.2.0/esp32/crtend.o] ==> obj [/home/vietnq/.espressif/tools/xtensa-esp-elf/esp-14.2.0_20260121/xtensa-esp-elf/bin/../lib/gcc/xtensa-esp-elf/14.2.0/esp32/crtend.o]
    arg [/home/vietnq/.espressif/tools/xtensa-esp-elf/esp-14.2.0_20260121/xtensa-esp-elf/bin/../lib/gcc/xtensa-esp-elf/14.2.0/esp32/crtn.o] ==> obj [/home/vietnq/.espressif/tools/xtensa-esp-elf/esp-14.2.0_20260121/xtensa-esp-elf/bin/../lib/gcc/xtensa-esp-elf/14.2.0/esp32/crtn.o]
  collapse obj [/home/vietnq/.espressif/tools/xtensa-esp-elf/esp-14.2.0_20260121/xtensa-esp-elf/bin/../lib/gcc/xtensa-esp-elf/14.2.0/../../../../xtensa-esp-elf/lib/esp32/crt0.o] ==> [/home/vietnq/.espressif/tools/xtensa-esp-elf/esp-14.2.0_20260121/xtensa-esp-elf/xtensa-esp-elf/lib/esp32/crt0.o]
  collapse obj [/home/vietnq/.espressif/tools/xtensa-esp-elf/esp-14.2.0_20260121/xtensa-esp-elf/bin/../lib/gcc/xtensa-esp-elf/14.2.0/esp32/crti.o] ==> [/home/vietnq/.espressif/tools/xtensa-esp-elf/esp-14.2.0_20260121/xtensa-esp-elf/lib/gcc/xtensa-esp-elf/14.2.0/esp32/crti.o]
  collapse obj [/home/vietnq/.espressif/tools/xtensa-esp-elf/esp-14.2.0_20260121/xtensa-esp-elf/bin/../lib/gcc/xtensa-esp-elf/14.2.0/esp32/crtbegin.o] ==> [/home/vietnq/.espressif/tools/xtensa-esp-elf/esp-14.2.0_20260121/xtensa-esp-elf/lib/gcc/xtensa-esp-elf/14.2.0/esp32/crtbegin.o]
  collapse obj [/home/vietnq/.espressif/tools/xtensa-esp-elf/esp-14.2.0_20260121/xtensa-esp-elf/bin/../lib/gcc/xtensa-esp-elf/14.2.0/esp32/crtend.o] ==> [/home/vietnq/.espressif/tools/xtensa-esp-elf/esp-14.2.0_20260121/xtensa-esp-elf/lib/gcc/xtensa-esp-elf/14.2.0/esp32/crtend.o]
  collapse obj [/home/vietnq/.espressif/tools/xtensa-esp-elf/esp-14.2.0_20260121/xtensa-esp-elf/bin/../lib/gcc/xtensa-esp-elf/14.2.0/esp32/crtn.o] ==> [/home/vietnq/.espressif/tools/xtensa-esp-elf/esp-14.2.0_20260121/xtensa-esp-elf/lib/gcc/xtensa-esp-elf/14.2.0/esp32/crtn.o]
  collapse library dir [/home/vietnq/.espressif/tools/xtensa-esp-elf/esp-14.2.0_20260121/xtensa-esp-elf/bin/../lib/gcc/xtensa-esp-elf/14.2.0/esp32] ==> [/home/vietnq/.espressif/tools/xtensa-esp-elf/esp-14.2.0_20260121/xtensa-esp-elf/lib/gcc/xtensa-esp-elf/14.2.0/esp32]
  collapse library dir [/home/vietnq/.espressif/tools/xtensa-esp-elf/esp-14.2.0_20260121/xtensa-esp-elf/bin/../lib/gcc/xtensa-esp-elf/14.2.0/../../../../xtensa-esp-elf/lib/esp32] ==> [/home/vietnq/.espressif/tools/xtensa-esp-elf/esp-14.2.0_20260121/xtensa-esp-elf/xtensa-esp-elf/lib/esp32]
  collapse library dir [/home/vietnq/.espressif/tools/xtensa-esp-elf/esp-14.2.0_20260121/xtensa-esp-elf/bin/../xtensa-esp-elf/lib/esp32] ==> [/home/vietnq/.espressif/tools/xtensa-esp-elf/esp-14.2.0_20260121/xtensa-esp-elf/xtensa-esp-elf/lib/esp32]
  collapse library dir [/home/vietnq/.espressif/tools/xtensa-esp-elf/esp-14.2.0_20260121/xtensa-esp-elf/bin/../lib/gcc/xtensa-esp-elf/14.2.0] ==> [/home/vietnq/.espressif/tools/xtensa-esp-elf/esp-14.2.0_20260121/xtensa-esp-elf/lib/gcc/xtensa-esp-elf/14.2.0]
  collapse library dir [/home/vietnq/.espressif/tools/xtensa-esp-elf/esp-14.2.0_20260121/xtensa-esp-elf/bin/../lib/gcc] ==> [/home/vietnq/.espressif/tools/xtensa-esp-elf/esp-14.2.0_20260121/xtensa-esp-elf/lib/gcc]
  collapse library dir [/home/vietnq/.espressif/tools/xtensa-esp-elf/esp-14.2.0_20260121/xtensa-esp-elf/bin/../lib/gcc/xtensa-esp-elf/14.2.0/../../../../xtensa-esp-elf/lib] ==> [/home/vietnq/.espressif/tools/xtensa-esp-elf/esp-14.2.0_20260121/xtensa-esp-elf/xtensa-esp-elf/lib]
  collapse library dir [/home/vietnq/.espressif/tools/xtensa-esp-elf/esp-14.2.0_20260121/xtensa-esp-elf/bin/../xtensa-esp-elf/lib] ==> [/home/vietnq/.espressif/tools/xtensa-esp-elf/esp-14.2.0_20260121/xtensa-esp-elf/xtensa-esp-elf/lib]
  collapse library dir [/home/vietnq/.espressif/tools/xtensa-esp-elf/esp-14.2.0_20260121/xtensa-esp-elf/bin/../xtensa-esp-elf/usr/lib] ==> [/home/vietnq/.espressif/tools/xtensa-esp-elf/esp-14.2.0_20260121/xtensa-esp-elf/xtensa-esp-elf/usr/lib]
  implicit libs: [gcc;c;nosys;c;gcc]
  implicit objs: [/home/vietnq/.espressif/tools/xtensa-esp-elf/esp-14.2.0_20260121/xtensa-esp-elf/xtensa-esp-elf/lib/esp32/crt0.o;/home/vietnq/.espressif/tools/xtensa-esp-elf/esp-14.2.0_20260121/xtensa-esp-elf/lib/gcc/xtensa-esp-elf/14.2.0/esp32/crti.o;/home/vietnq/.espressif/tools/xtensa-esp-elf/esp-14.2.0_20260121/xtensa-esp-elf/lib/gcc/xtensa-esp-elf/14.2.0/esp32/crtbegin.o;/home/vietnq/.espressif/tools/xtensa-esp-elf/esp-14.2.0_20260121/xtensa-esp-elf/lib/gcc/xtensa-esp-elf/14.2.0/esp32/crtend.o;/home/vietnq/.espressif/tools/xtensa-esp-elf/esp-14.2.0_20260121/xtensa-esp-elf/lib/gcc/xtensa-esp-elf/14.2.0/esp32/crtn.o]
  implicit dirs: [/home/vietnq/.espressif/tools/xtensa-esp-elf/esp-14.2.0_20260121/xtensa-esp-elf/lib/gcc/xtensa-esp-elf/14.2.0/esp32;/home/vietnq/.espressif/tools/xtensa-esp-elf/esp-14.2.0_20260121/xtensa-esp-elf/xtensa-esp-elf/lib/esp32;/home/vietnq/.espressif/tools/xtensa-esp-elf/esp-14.2.0_20260121/xtensa-esp-elf/lib/gcc/xtensa-esp-elf/14.2.0;/home/vietnq/.espressif/tools/xtensa-esp-elf/esp-14.2.0_20260121/xtensa-esp-elf/lib/gcc;/home/vietnq/.espressif/tools/xtensa-esp-elf/esp-14.2.0_20260121/xtensa-esp-elf/xtensa-esp-elf/lib;/home/vietnq/.espressif/tools/xtensa-esp-elf/esp-14.2.0_20260121/xtensa-esp-elf/xtensa-esp-elf/usr/lib]
  implicit fwks: []


Detecting CXX compiler ABI info compiled with the following output:
Change Dir: /home/vietnq/esp/ota/build/bootloader/CMakeFiles/CMakeTmp

Run Build Command(s):/usr/bin/ninja cmTC_9f9cf && [1/2] Building CXX object CMakeFiles/cmTC_9f9cf.dir/CMakeCXXCompilerABI.cpp.obj
Using built-in specs.
COLLECT_GCC=/home/vietnq/.espressif/tools/xtensa-esp-elf/esp-14.2.0_20260121/xtensa-esp-elf/bin/xtensa-esp-elf-g++
Target: xtensa-esp-elf
Configured with: /builds/idf/crosstool-NG/.build/xtensa-esp-elf/src/gcc/configure --build=x86_64-build_pc-linux-gnu --host=x86_64-build_pc-linux-gnu --target=xtensa-esp-elf --prefix=/builds/idf/crosstool-NG/builds/xtensa-esp-elf --exec_prefix=/builds/idf/crosstool-NG/builds/xtensa-esp-elf --with-local-prefix=/builds/idf/crosstool-NG/builds/xtensa-esp-elf/xtensa-esp-elf --with-sysroot=/builds/idf/crosstool-NG/builds/xtensa-esp-elf/xtensa-esp-elf --with-native-system-header-dir=/include --with-headers=/builds/idf/crosstool-NG/builds/xtensa-esp-elf/xtensa-esp-elf/include --with-newlib --enable-threads=no --disable-shared --with-pkgversion='crosstool-NG esp-14.2.0_20260121' --disable-__cxa_atexit --enable-cxx-flags='-ffunction-sections -fdata-sections' --disable-libgomp --disable-libmudflap --disable-libmpx --disable-libssp --disable-libquadmath --disable-libquadmath-support --disable-libstdcxx-verbose --with-gmp=/builds/idf/crosstool-NG/.build/xtensa-esp-elf/buildtools --with-mpfr=/builds/idf/crosstool-NG/.build/xtensa-esp-elf/buildtools --with-mpc=/builds/idf/crosstool-NG/.build/xtensa-esp-elf/buildtools --with-isl=/builds/idf/crosstool-NG/.build/xtensa-esp-elf/buildtools --enable-lto --enable-target-optspace --without-long-double-128 --enable-plugin --disable-nls --enable-multiarch --enable-languages=c,c++ --disable-libstdcxx-verbose --enable-threads=posix --enable-libstdcxx-time=yes --disable-win32-utf8-manifest
Thread model: posix
Supported LTO compression algorithms: zlib zstd
gcc version 14.2.0 (crosstool-NG esp-14.2.0_20260121) 
COLLECT_GCC_OPTIONS='-mdynconfig=xtensa_esp32.so' '-v' '-o' 'CMakeFiles/cmTC_9f9cf.dir/CMakeCXXCompilerABI.cpp.obj' '-c' '-dumpdir' 'CMakeFiles/cmTC_9f9cf.dir/'
 /home/vietnq/.espressif/tools/xtensa-esp-elf/esp-14.2.0_20260121/xtensa-esp-elf/bin/../libexec/gcc/xtensa-esp-elf/14.2.0/cc1plus -quiet -v -imultilib esp32 -iprefix /home/vietnq/.espressif/tools/xtensa-esp-elf/esp-14.2.0_20260121/xtensa-esp-elf/bin/../lib/gcc/xtensa-esp-elf/14.2.0/ -isysroot /home/vietnq/.espressif/tools/xtensa-esp-elf/esp-14.2.0_20260121/xtensa-esp-elf/bin/../xtensa-esp-elf /usr/share/cmake-3.22/Modules/CMakeCXXCompilerABI.cpp -quiet -dumpdir CMakeFiles/cmTC_9f9cf.dir/ -dumpbase CMakeCXXCompilerABI.cpp.cpp -dumpbase-ext .cpp -mdynconfig=xtensa_esp32.so -version -o /tmp/ccXLSq7r.s
GNU C++17 (crosstool-NG esp-14.2.0_20260121) version 14.2.0 (xtensa-esp-elf)
	compiled by GNU C version 6.3.0, GMP version 6.3.0, MPFR version 4.2.1, MPC version 1.3.1, isl version isl-0.26-GMP

GGC heuristics: --param ggc-min-expand=100 --param ggc-min-heapsize=131072
ignoring duplicate directory "/home/vietnq/.espressif/tools/xtensa-esp-elf/esp-14.2.0_20260121/xtensa-esp-elf/bin/../lib/gcc/../../lib/gcc/xtensa-esp-elf/14.2.0/../../../../xtensa-esp-elf/include/c++/14.2.0"
ignoring duplicate directory "/home/vietnq/.espressif/tools/xtensa-esp-elf/esp-14.2.0_20260121/xtensa-esp-elf/bin/../lib/gcc/../../lib/gcc/xtensa-esp-elf/14.2.0/../../../../xtensa-esp-elf/include/c++/14.2.0/xtensa-esp-elf/esp32"
ignoring duplicate directory "/home/vietnq/.espressif/tools/xtensa-esp-elf/esp-14.2.0_20260121/xtensa-esp-elf/bin/../lib/gcc/../../lib/gcc/xtensa-esp-elf/14.2.0/../../../../xtensa-esp-elf/include/c++/14.2.0/backward"
ignoring duplicate directory "/home/vietnq/.espressif/tools/xtensa-esp-elf/esp-14.2.0_20260121/xtensa-esp-elf/bin/../lib/gcc/../../lib/gcc/xtensa-esp-elf/14.2.0/include"
ignoring nonexistent directory "/home/vietnq/.espressif/tools/xtensa-esp-elf/esp-14.2.0_20260121/xtensa-esp-elf/bin/../xtensa-esp-elf/builds/idf/crosstool-NG/builds/xtensa-esp-elf/xtensa-esp-elf/include"
ignoring duplicate directory "/home/vietnq/.espressif/tools/xtensa-esp-elf/esp-14.2.0_20260121/xtensa-esp-elf/bin/../lib/gcc/../../lib/gcc/xtensa-esp-elf/14.2.0/include-fixed"
ignoring duplicate directory "/home/vietnq/.espressif/tools/xtensa-esp-elf/esp-14.2.0_20260121/xtensa-esp-elf/bin/../lib/gcc/../../lib/gcc/xtensa-esp-elf/14.2.0/../../../../xtensa-esp-elf/include"
ignoring duplicate directory "/home/vietnq/.espressif/tools/xtensa-esp-elf/esp-14.2.0_20260121/xtensa-esp-elf/bin/../xtensa-esp-elf/include"
#include "..." search starts here:
#include <...> search starts here:
 /home/vietnq/.espressif/tools/xtensa-esp-elf/esp-14.2.0_20260121/xtensa-esp-elf/bin/../lib/gcc/xtensa-esp-elf/14.2.0/../../../../xtensa-esp-elf/include/c++/14.2.0
 /home/vietnq/.espressif/tools/xtensa-esp-elf/esp-14.2.0_20260121/xtensa-esp-elf/bin/../lib/gcc/xtensa-esp-elf/14.2.0/../../../../xtensa-esp-elf/include/c++/14.2.0/xtensa-esp-elf/esp32
 /home/vietnq/.espressif/tools/xtensa-esp-elf/esp-14.2.0_20260121/xtensa-esp-elf/bin/../lib/gcc/xtensa-esp-elf/14.2.0/../../../../xtensa-esp-elf/include/c++/14.2.0/backward
 /home/vietnq/.espressif/tools/xtensa-esp-elf/esp-14.2.0_20260121/xtensa-esp-elf/bin/../lib/gcc/xtensa-esp-elf/14.2.0/include
 /home/vietnq/.espressif/tools/xtensa-esp-elf/esp-14.2.0_20260121/xtensa-esp-elf/bin/../lib/gcc/xtensa-esp-elf/14.2.0/include-fixed
 /home/vietnq/.espressif/tools/xtensa-esp-elf/esp-14.2.0_20260121/xtensa-esp-elf/bin/../lib/gcc/xtensa-esp-elf/14.2.0/../../../../xtensa-esp-elf/include
End of search list.
Compiler executable checksum: a254981dd59757a59628c9ca49d36a87
COLLECT_GCC_OPTIONS='-mdynconfig=xtensa_esp32.so' '-v' '-o' 'CMakeFiles/cmTC_9f9cf.dir/CMakeCXXCompilerABI.cpp.obj' '-c' '-dumpdir' 'CMakeFiles/cmTC_9f9cf.dir/'
 /home/vietnq/.espressif/tools/xtensa-esp-elf/esp-14.2.0_20260121/xtensa-esp-elf/bin/../lib/gcc/xtensa-esp-elf/14.2.0/../../../../xtensa-esp-elf/bin/as --traditional-format --dynconfig=xtensa_esp32.so -o CMakeFiles/cmTC_9f9cf.dir/CMakeCXXCompilerABI.cpp.obj /tmp/ccXLSq7r.s
COMPILER_PATH=/home/vietnq/.espressif/tools/xtensa-esp-elf/esp-14.2.0_20260121/xtensa-esp-elf/bin/../libexec/gcc/xtensa-esp-elf/14.2.0/:/home/vietnq/.espressif/tools/xtensa-esp-elf/esp-14.2.0_20260121/xtensa-esp-elf/bin/../libexec/gcc/:/home/vietnq/.espressif/tools/xtensa-esp-elf/esp-14.2.0_20260121/xtensa-esp-elf/bin/../lib/gcc/xtensa-esp-elf/14.2.0/../../../../xtensa-esp-elf/bin/
LIBRARY_PATH=/home/vietnq/.espressif/tools/xtensa-esp-elf/esp-14.2.0_20260121/xtensa-esp-elf/bin/../lib/gcc/xtensa-esp-elf/14.2.0/esp32/:/home/vietnq/.espressif/tools/xtensa-esp-elf/esp-14.2.0_20260121/xtensa-esp-elf/bin/../lib/gcc/xtensa-esp-elf/14.2.0/../../../../xtensa-esp-elf/lib/esp32/:/home/vietnq/.espressif/tools/xtensa-esp-elf/esp-14.2.0_20260121/xtensa-esp-elf/bin/../xtensa-esp-elf/lib/esp32/:/home/vietnq/.espressif/tools/xtensa-esp-elf/esp-14.2.0_20260121/xtensa-esp-elf/bin/../lib/gcc/xtensa-esp-elf/14.2.0/:/home/vietnq/.espressif/tools/xtensa-esp-elf/esp-14.2.0_20260121/xtensa-esp-elf/bin/../lib/gcc/:/home/vietnq/.espressif/tools/xtensa-esp-elf/esp-14.2.0_20260121/xtensa-esp-elf/bin/../lib/gcc/xtensa-esp-elf/14.2.0/../../../../xtensa-esp-elf/lib/:/home/vietnq/.espressif/tools/xtensa-esp-elf/esp-14.2.0_20260121/xtensa-esp-elf/bin/../xtensa-esp-elf/lib/:/home/vietnq/.espressif/tools/xtensa-esp-elf/esp-14.2.0_20260121/xtensa-esp-elf/bin/../xtensa-esp-elf/usr/lib/
COLLECT_GCC_OPTIONS='-mdynconfig=xtensa_esp32.so' '-v' '-o' 'CMakeFiles/cmTC_9f9cf.dir/CMakeCXXCompilerABI.cpp.obj' '-c' '-dumpdir' 'CMakeFiles/cmTC_9f9cf.dir/CMakeCXXCompilerABI.cpp.'
[2/2] Linking CXX executable cmTC_9f9cf
Using built-in specs.
COLLECT_GCC=/home/vietnq/.espressif/tools/xtensa-esp-elf/esp-14.2.0_20260121/xtensa-esp-elf/bin/xtensa-esp-elf-g++
COLLECT_LTO_WRAPPER=/home/vietnq/.espressif/tools/xtensa-esp-elf/esp-14.2.0_20260121/xtensa-esp-elf/bin/../libexec/gcc/xtensa-esp-elf/14.2.0/lto-wrapper
Target: xtensa-esp-elf
Configured with: /builds/idf/crosstool-NG/.build/xtensa-esp-elf/src/gcc/configure --build=x86_64-build_pc-linux-gnu --host=x86_64-build_pc-linux-gnu --target=xtensa-esp-elf --prefix=/builds/idf/crosstool-NG/builds/xtensa-esp-elf --exec_prefix=/builds/idf/crosstool-NG/builds/xtensa-esp-elf --with-local-prefix=/builds/idf/crosstool-NG/builds/xtensa-esp-elf/xtensa-esp-elf --with-sysroot=/builds/idf/crosstool-NG/builds/xtensa-esp-elf/xtensa-esp-elf --with-native-system-header-dir=/include --with-headers=/builds/idf/crosstool-NG/builds/xtensa-esp-elf/xtensa-esp-elf/include --with-newlib --enable-threads=no --disable-shared --with-pkgversion='crosstool-NG esp-14.2.0_20260121' --disable-__cxa_atexit --enable-cxx-flags='-ffunction-sections -fdata-sections' --disable-libgomp --disable-libmudflap --disable-libmpx --disable-libssp --disable-libquadmath --disable-libquadmath-support --disable-libstdcxx-verbose --with-gmp=/builds/idf/crosstool-NG/.build/xtensa-esp-elf/buildtools --with-mpfr=/builds/idf/crosstool-NG/.build/xtensa-esp-elf/buildtools --with-mpc=/builds/idf/crosstool-NG/.build/xtensa-esp-elf/buildtools --with-isl=/builds/idf/crosstool-NG/.build/xtensa-esp-elf/buildtools --enable-lto --enable-target-optspace --without-long-double-128 --enable-plugin --disable-nls --enable-multiarch --enable-languages=c,c++ --disable-libstdcxx-verbose --enable-threads=posix --enable-libstdcxx-time=yes --disable-win32-utf8-manifest
Thread model: posix
Supported LTO compression algorithms: zlib zstd
gcc version 14.2.0 (crosstool-NG esp-14.2.0_20260121) 
COMPILER_PATH=/home/vietnq/.espressif/tools/xtensa-esp-elf/esp-14.2.0_20260121/xtensa-esp-elf/bin/../libexec/gcc/xtensa-esp-elf/14.2.0/:/home/vietnq/.espressif/tools/xtensa-esp-elf/esp-14.2.0_20260121/xtensa-esp-elf/bin/../libexec/gcc/:/home/vietnq/.espressif/tools/xtensa-esp-elf/esp-14.2.0_20260121/xtensa-esp-elf/bin/../lib/gcc/xtensa-esp-elf/14.2.0/../../../../xtensa-esp-elf/bin/
LIBRARY_PATH=/home/vietnq/.espressif/tools/xtensa-esp-elf/esp-14.2.0_20260121/xtensa-esp-elf/bin/../lib/gcc/xtensa-esp-elf/14.2.0/esp32/:/home/vietnq/.espressif/tools/xtensa-esp-elf/esp-14.2.0_20260121/xtensa-esp-elf/bin/../lib/gcc/xtensa-esp-elf/14.2.0/../../../../xtensa-esp-elf/lib/esp32/:/home/vietnq/.espressif/tools/xtensa-esp-elf/esp-14.2.0_20260121/xtensa-esp-elf/bin/../xtensa-esp-elf/lib/esp32/:/home/vietnq/.espressif/tools/xtensa-esp-elf/esp-14.2.0_20260121/xtensa-esp-elf/bin/../lib/gcc/xtensa-esp-elf/14.2.0/:/home/vietnq/.espressif/tools/xtensa-esp-elf/esp-14.2.0_20260121/xtensa-esp-elf/bin/../lib/gcc/:/home/vietnq/.espressif/tools/xtensa-esp-elf/esp-14.2.0_20260121/xtensa-esp-elf/bin/../lib/gcc/xtensa-esp-elf/14.2.0/../../../../xtensa-esp-elf/lib/:/home/vietnq/.espressif/tools/xtensa-esp-elf/esp-14.2.0_20260121/xtensa-esp-elf/bin/../xtensa-esp-elf/lib/:/home/vietnq/.espressif/tools/xtensa-esp-elf/esp-14.2.0_20260121/xtensa-esp-elf/bin/../xtensa-esp-elf/usr/lib/
COLLECT_GCC_OPTIONS='-mdynconfig=xtensa_esp32.so' '-v' '-o' 'cmTC_9f9cf' '-dumpdir' 'cmTC_9f9cf.'
 /home/vietnq/.espressif/tools/xtensa-esp-elf/esp-14.2.0_20260121/xtensa-esp-elf/bin/../libexec/gcc/xtensa-esp-elf/14.2.0/collect2 -plugin /home/vietnq/.espressif/tools/xtensa-esp-elf/esp-14.2.0_20260121/xtensa-esp-elf/bin/../libexec/gcc/xtensa-esp-elf/14.2.0/liblto_plugin.so -plugin-opt=/home/vietnq/.espressif/tools/xtensa-esp-elf/esp-14.2.0_20260121/xtensa-esp-elf/bin/../libexec/gcc/xtensa-esp-elf/14.2.0/lto-wrapper -plugin-opt=-fresolution=/tmp/cckFlE9y.res -plugin-opt=-pass-through=-lgcc -plugin-opt=-pass-through=-lc -plugin-opt=-pass-through=-lnosys -plugin-opt=-pass-through=-lc -plugin-opt=-pass-through=-lgcc --sysroot=/home/vietnq/.espressif/tools/xtensa-esp-elf/esp-14.2.0_20260121/xtensa-esp-elf/bin/../xtensa-esp-elf --dynconfig=xtensa_esp32.so -o cmTC_9f9cf /home/vietnq/.espressif/tools/xtensa-esp-elf/esp-14.2.0_20260121/xtensa-esp-elf/bin/../lib/gcc/xtensa-esp-elf/14.2.0/../../../../xtensa-esp-elf/lib/esp32/crt0.o /home/vietnq/.espressif/tools/xtensa-esp-elf/esp-14.2.0_20260121/xtensa-esp-elf/bin/../lib/gcc/xtensa-esp-elf/14.2.0/esp32/crti.o /home/vietnq/.espressif/tools/xtensa-esp-elf/esp-14.2.0_20260121/xtensa-esp-elf/bin/../lib/gcc/xtensa-esp-elf/14.2.0/esp32/crtbegin.o -L/home/vietnq/.espressif/tools/xtensa-esp-elf/esp-14.2.0_20260121/xtensa-esp-elf/bin/../lib/gcc/xtensa-esp-elf/14.2.0/esp32 -L/home/vietnq/.espressif/tools/xtensa-esp-elf/esp-14.2.0_20260121/xtensa-esp-elf/bin/../lib/gcc/xtensa-esp-elf/14.2.0/../../../../xtensa-esp-elf/lib/esp32 -L/home/vietnq/.espressif/tools/xtensa-esp-elf/esp-14.2.0_20260121/xtensa-esp-elf/bin/../xtensa-esp-elf/lib/esp32 -L/home/vietnq/.espressif/tools/xtensa-esp-elf/esp-14.2.0_20260121/xtensa-esp-elf/bin/../lib/gcc/xtensa-esp-elf/14.2.0 -L/home/vietnq/.espressif/tools/xtensa-esp-elf/esp-14.2.0_20260121/xtensa-esp-elf/bin/../lib/gcc -L/home/vietnq/.espressif/tools/xtensa-esp-elf/esp-14.2.0_20260121/xtensa-esp-elf/bin/../lib/gcc/xtensa-esp-elf/14.2.0/../../../../xtensa-esp-elf/lib -L/home/vietnq/.espressif/tools/xtensa-esp-elf/esp-14.2.0_20260121/xtensa-esp-elf/bin/../xtensa-esp-elf/lib -L/home/vietnq/.espressif/tools/xtensa-esp-elf/esp-14.2.0_20260121/xtensa-esp-elf/bin/../xtensa-esp-elf/usr/lib @/tmp/ccc25BpV -lgcc -lc -lnosys -lc -lgcc /home/vietnq/.espressif/tools/xtensa-esp-elf/esp-14.2.0_20260121/xtensa-esp-elf/bin/../lib/gcc/xtensa-esp-elf/14.2.0/esp32/crtend.o /home/vietnq/.espressif/tools/xtensa-esp-elf/esp-14.2.0_20260121/xtensa-esp-elf/bin/../lib/gcc/xtensa-esp-elf/14.2.0/esp32/crtn.o
COLLECT_GCC_OPTIONS='-mdynconfig=xtensa_esp32.so' '-v' '-o' 'cmTC_9f9cf' '-dumpdir' 'cmTC_9f9cf.'



Parsed CXX implicit include dir info from above output: rv=done
  found start of include info
  found start of implicit include info
    add: [/home/vietnq/.espressif/tools/xtensa-esp-elf/esp-14.2.0_20260121/xtensa-esp-elf/bin/../lib/gcc/xtensa-esp-elf/14.2.0/../../../../xtensa-esp-elf/include/c++/14.2.0]
    add: [/home/vietnq/.espressif/tools/xtensa-esp-elf/esp-14.2.0_20260121/xtensa-esp-elf/bin/../lib/gcc/xtensa-esp-elf/14.2.0/../../../../xtensa-esp-elf/include/c++/14.2.0/xtensa-esp-elf/esp32]
    add: [/home/vietnq/.espressif/tools/xtensa-esp-elf/esp-14.2.0_20260121/xtensa-esp-elf/bin/../lib/gcc/xtensa-esp-elf/14.2.0/../../../../xtensa-esp-elf/include/c++/14.2.0/backward]
    add: [/home/vietnq/.espressif/tools/xtensa-esp-elf/esp-14.2.0_20260121/xtensa-esp-elf/bin/../lib/gcc/xtensa-esp-elf/14.2.0/include]
    add: [/home/vietnq/.espressif/tools/xtensa-esp-elf/esp-14.2.0_20260121/xtensa-esp-elf/bin/../lib/gcc/xtensa-esp-elf/14.2.0/include-fixed]
    add: [/home/vietnq/.espressif/tools/xtensa-esp-elf/esp-14.2.0_20260121/xtensa-esp-elf/bin/../lib/gcc/xtensa-esp-elf/14.2.0/../../../../xtensa-esp-elf/include]
  end of search list found
  collapse include dir [/home/vietnq/.espressif/tools/xtensa-esp-elf/esp-14.2.0_20260121/xtensa-esp-elf/bin/../lib/gcc/xtensa-esp-elf/14.2.0/../../../../xtensa-esp-elf/include/c++/14.2.0] ==> [/home/vietnq/.espressif/tools/xtensa-esp-elf/esp-14.2.0_20260121/xtensa-esp-elf/xtensa-esp-elf/include/c++/14.2.0]
  collapse include dir [/home/vietnq/.espressif/tools/xtensa-esp-elf/esp-14.2.0_20260121/xtensa-esp-elf/bin/../lib/gcc/xtensa-esp-elf/14.2.0/../../../../xtensa-esp-elf/include/c++/14.2.0/xtensa-esp-elf/esp32] ==> [/home/vietnq/.espressif/tools/xtensa-esp-elf/esp-14.2.0_20260121/xtensa-esp-elf/xtensa-esp-elf/include/c++/14.2.0/xtensa-esp-elf/esp32]
  collapse include dir [/home/vietnq/.espressif/tools/xtensa-esp-elf/esp-14.2.0_20260121/xtensa-esp-elf/bin/../lib/gcc/xtensa-esp-elf/14.2.0/../../../../xtensa-esp-elf/include/c++/14.2.0/backward] ==> [/home/vietnq/.espressif/tools/xtensa-esp-elf/esp-14.2.0_20260121/xtensa-esp-elf/xtensa-esp-elf/include/c++/14.2.0/backward]
  collapse include dir [/home/vietnq/.espressif/tools/xtensa-esp-elf/esp-14.2.0_20260121/xtensa-esp-elf/bin/../lib/gcc/xtensa-esp-elf/14.2.0/include] ==> [/home/vietnq/.espressif/tools/xtensa-esp-elf/esp-14.2.0_20260121/xtensa-esp-elf/lib/gcc/xtensa-esp-elf/14.2.0/include]
  collapse include dir [/home/vietnq/.espressif/tools/xtensa-esp-elf/esp-14.2.0_20260121/xtensa-esp-elf/bin/../lib/gcc/xtensa-esp-elf/14.2.0/include-fixed] ==> [/home/vietnq/.espressif/tools/xtensa-esp-elf/esp-14.2.0_20260121/xtensa-esp-elf/lib/gcc/xtensa-esp-elf/14.2.0/include-fixed]
  collapse include dir [/home/vietnq/.espressif/tools/xtensa-esp-elf/esp-14.2.0_20260121/xtensa-esp-elf/bin/../lib/gcc/xtensa-esp-elf/14.2.0/../../../../xtensa-esp-elf/include] ==> [/home/vietnq/.espressif/tools/xtensa-esp-elf/esp-14.2.0_20260121/xtensa-esp-elf/xtensa-esp-elf/include]
  implicit include dirs: [/home/vietnq/.espressif/tools/xtensa-esp-elf/esp-14.2.0_20260121/xtensa-esp-elf/xtensa-esp-elf/include/c++/14.2.0;/home/vietnq/.espressif/tools/xtensa-esp-elf/esp-14.2.0_20260121/xtensa-esp-elf/xtensa-esp-elf/include/c++/14.2.0/xtensa-esp-elf/esp32;/home/vietnq/.espressif/tools/xtensa-esp-elf/esp-14.2.0_20260121/xtensa-esp-elf/xtensa-esp-elf/include/c++/14.2.0/backward;/home/vietnq/.espressif/tools/xtensa-esp-elf/esp-14.2.0_20260121/xtensa-esp-elf/lib/gcc/xtensa-esp-elf/14.2.0/include;/home/vietnq/.espressif/tools/xtensa-esp-elf/esp-14.2.0_20260121/xtensa-esp-elf/lib/gcc/xtensa-esp-elf/14.2.0/include-fixed;/home/vietnq/.espressif/tools/xtensa-esp-elf/esp-14.2.0_20260121/xtensa-esp-elf/xtensa-esp-elf/include]


Parsed CXX implicit link information from above output:
  link line regex: [^( *|.*[/\])(xtensa-esp32-elf-ld|CMAKE_LINK_STARTFILE-NOTFOUND|([^/\]+-)?ld|collect2)[^/\]*( |$)]
  ignore line: [Change Dir: /home/vietnq/esp/ota/build/bootloader/CMakeFiles/CMakeTmp]
  ignore line: []
  ignore line: [Run Build Command(s):/usr/bin/ninja cmTC_9f9cf && [1/2] Building CXX object CMakeFiles/cmTC_9f9cf.dir/CMakeCXXCompilerABI.cpp.obj]
  ignore line: [Using built-in specs.]
  ignore line: [COLLECT_GCC=/home/vietnq/.espressif/tools/xtensa-esp-elf/esp-14.2.0_20260121/xtensa-esp-elf/bin/xtensa-esp-elf-g++]
  ignore line: [Target: xtensa-esp-elf]
  ignore line: [Configured with: /builds/idf/crosstool-NG/.build/xtensa-esp-elf/src/gcc/configure --build=x86_64-build_pc-linux-gnu --host=x86_64-build_pc-linux-gnu --target=xtensa-esp-elf --prefix=/builds/idf/crosstool-NG/builds/xtensa-esp-elf --exec_prefix=/builds/idf/crosstool-NG/builds/xtensa-esp-elf --with-local-prefix=/builds/idf/crosstool-NG/builds/xtensa-esp-elf/xtensa-esp-elf --with-sysroot=/builds/idf/crosstool-NG/builds/xtensa-esp-elf/xtensa-esp-elf --with-native-system-header-dir=/include --with-headers=/builds/idf/crosstool-NG/builds/xtensa-esp-elf/xtensa-esp-elf/include --with-newlib --enable-threads=no --disable-shared --with-pkgversion='crosstool-NG esp-14.2.0_20260121' --disable-__cxa_atexit --enable-cxx-flags='-ffunction-sections -fdata-sections' --disable-libgomp --disable-libmudflap --disable-libmpx --disable-libssp --disable-libquadmath --disable-libquadmath-support --disable-libstdcxx-verbose --with-gmp=/builds/idf/crosstool-NG/.build/xtensa-esp-elf/buildtools --with-mpfr=/builds/idf/crosstool-NG/.build/xtensa-esp-elf/buildtools --with-mpc=/builds/idf/crosstool-NG/.build/xtensa-esp-elf/buildtools --with-isl=/builds/idf/crosstool-NG/.build/xtensa-esp-elf/buildtools --enable-lto --enable-target-optspace --without-long-double-128 --enable-plugin --disable-nls --enable-multiarch --enable-languages=c c++ --disable-libstdcxx-verbose --enable-threads=posix --enable-libstdcxx-time=yes --disable-win32-utf8-manifest]
  ignore line: [Thread model: posix]
  ignore line: [Supported LTO compression algorithms: zlib zstd]
  ignore line: [gcc version 14.2.0 (crosstool-NG esp-14.2.0_20260121) ]
  ignore line: [COLLECT_GCC_OPTIONS='-mdynconfig=xtensa_esp32.so' '-v' '-o' 'CMakeFiles/cmTC_9f9cf.dir/CMakeCXXCompilerABI.cpp.obj' '-c' '-dumpdir' 'CMakeFiles/cmTC_9f9cf.dir/']
  ignore line: [ /home/vietnq/.espressif/tools/xtensa-esp-elf/esp-14.2.0_20260121/xtensa-esp-elf/bin/../libexec/gcc/xtensa-esp-elf/14.2.0/cc1plus -quiet -v -imultilib esp32 -iprefix /home/vietnq/.espressif/tools/xtensa-esp-elf/esp-14.2.0_20260121/xtensa-esp-elf/bin/../lib/gcc/xtensa-esp-elf/14.2.0/ -isysroot /home/vietnq/.espressif/tools/xtensa-esp-elf/esp-14.2.0_20260121/xtensa-esp-elf/bin/../xtensa-esp-elf /usr/share/cmake-3.22/Modules/CMakeCXXCompilerABI.cpp -quiet -dumpdir CMakeFiles/cmTC_9f9cf.dir/ -dumpbase CMakeCXXCompilerABI.cpp.cpp -dumpbase-ext .cpp -mdynconfig=xtensa_esp32.so -version -o /tmp/ccXLSq7r.s]
  ignore line: [GNU C++17 (crosstool-NG esp-14.2.0_20260121) version 14.2.0 (xtensa-esp-elf)]
  ignore line: [	compiled by GNU C version 6.3.0  GMP version 6.3.0  MPFR version 4.2.1  MPC version 1.3.1  isl version isl-0.26-GMP]
  ignore line: []
  ignore line: [GGC heuristics: --param ggc-min-expand=100 --param ggc-min-heapsize=131072]
  ignore line: [ignoring duplicate directory "/home/vietnq/.espressif/tools/xtensa-esp-elf/esp-14.2.0_20260121/xtensa-esp-elf/bin/../lib/gcc/../../lib/gcc/xtensa-esp-elf/14.2.0/../../../../xtensa-esp-elf/include/c++/14.2.0"]
  ignore line: [ignoring duplicate directory "/home/vietnq/.espressif/tools/xtensa-esp-elf/esp-14.2.0_20260121/xtensa-esp-elf/bin/../lib/gcc/../../lib/gcc/xtensa-esp-elf/14.2.0/../../../../xtensa-esp-elf/include/c++/14.2.0/xtensa-esp-elf/esp32"]
  ignore line: [ignoring duplicate directory "/home/vietnq/.espressif/tools/xtensa-esp-elf/esp-14.2.0_20260121/xtensa-esp-elf/bin/../lib/gcc/../../lib/gcc/xtensa-esp-elf/14.2.0/../../../../xtensa-esp-elf/include/c++/14.2.0/backward"]
  ignore line: [ignoring duplicate directory "/home/vietnq/.espressif/tools/xtensa-esp-elf/esp-14.2.0_20260121/xtensa-esp-elf/bin/../lib/gcc/../../lib/gcc/xtensa-esp-elf/14.2.0/include"]
  ignore line: [ignoring nonexistent directory "/home/vietnq/.espressif/tools/xtensa-esp-elf/esp-14.2.0_20260121/xtensa-esp-elf/bin/../xtensa-esp-elf/builds/idf/crosstool-NG/builds/xtensa-esp-elf/xtensa-esp-elf/include"]
  ignore line: [ignoring duplicate directory "/home/vietnq/.espressif/tools/xtensa-esp-elf/esp-14.2.0_20260121/xtensa-esp-elf/bin/../lib/gcc/../../lib/gcc/xtensa-esp-elf/14.2.0/include-fixed"]
  ignore line: [ignoring duplicate directory "/home/vietnq/.espressif/tools/xtensa-esp-elf/esp-14.2.0_20260121/xtensa-esp-elf/bin/../lib/gcc/../../lib/gcc/xtensa-esp-elf/14.2.0/../../../../xtensa-esp-elf/include"]
  ignore line: [ignoring duplicate directory "/home/vietnq/.espressif/tools/xtensa-esp-elf/esp-14.2.0_20260121/xtensa-esp-elf/bin/../xtensa-esp-elf/include"]
  ignore line: [#include "..." search starts here:]
  ignore line: [#include <...> search starts here:]
  ignore line: [ /home/vietnq/.espressif/tools/xtensa-esp-elf/esp-14.2.0_20260121/xtensa-esp-elf/bin/../lib/gcc/xtensa-esp-elf/14.2.0/../../../../xtensa-esp-elf/include/c++/14.2.0]
  ignore line: [ /home/vietnq/.espressif/tools/xtensa-esp-elf/esp-14.2.0_20260121/xtensa-esp-elf/bin/../lib/gcc/xtensa-esp-elf/14.2.0/../../../../xtensa-esp-elf/include/c++/14.2.0/xtensa-esp-elf/esp32]
  ignore line: [ /home/vietnq/.espressif/tools/xtensa-esp-elf/esp-14.2.0_20260121/xtensa-esp-elf/bin/../lib/gcc/xtensa-esp-elf/14.2.0/../../../../xtensa-esp-elf/include/c++/14.2.0/backward]
  ignore line: [ /home/vietnq/.espressif/tools/xtensa-esp-elf/esp-14.2.0_20260121/xtensa-esp-elf/bin/../lib/gcc/xtensa-esp-elf/14.2.0/include]
  ignore line: [ /home/vietnq/.espressif/tools/xtensa-esp-elf/esp-14.2.0_20260121/xtensa-esp-elf/bin/../lib/gcc/xtensa-esp-elf/14.2.0/include-fixed]
  ignore line: [ /home/vietnq/.espressif/tools/xtensa-esp-elf/esp-14.2.0_20260121/xtensa-esp-elf/bin/../lib/gcc/xtensa-esp-elf/14.2.0/../../../../xtensa-esp-elf/include]
  ignore line: [End of search list.]
  ignore line: [Compiler executable checksum: a254981dd59757a59628c9ca49d36a87]
  ignore line: [COLLECT_GCC_OPTIONS='-mdynconfig=xtensa_esp32.so' '-v' '-o' 'CMakeFiles/cmTC_9f9cf.dir/CMakeCXXCompilerABI.cpp.obj' '-c' '-dumpdir' 'CMakeFiles/cmTC_9f9cf.dir/']
  ignore line: [ /home/vietnq/.espressif/tools/xtensa-esp-elf/esp-14.2.0_20260121/xtensa-esp-elf/bin/../lib/gcc/xtensa-esp-elf/14.2.0/../../../../xtensa-esp-elf/bin/as --traditional-format --dynconfig=xtensa_esp32.so -o CMakeFiles/cmTC_9f9cf.dir/CMakeCXXCompilerABI.cpp.obj /tmp/ccXLSq7r.s]
  ignore line: [COMPILER_PATH=/home/vietnq/.espressif/tools/xtensa-esp-elf/esp-14.2.0_20260121/xtensa-esp-elf/bin/../libexec/gcc/xtensa-esp-elf/14.2.0/:/home/vietnq/.espressif/tools/xtensa-esp-elf/esp-14.2.0_20260121/xtensa-esp-elf/bin/../libexec/gcc/:/home/vietnq/.espressif/tools/xtensa-esp-elf/esp-14.2.0_20260121/xtensa-esp-elf/bin/../lib/gcc/xtensa-esp-elf/14.2.0/../../../../xtensa-esp-elf/bin/]
  ignore line: [LIBRARY_PATH=/home/vietnq/.espressif/tools/xtensa-esp-elf/esp-14.2.0_20260121/xtensa-esp-elf/bin/../lib/gcc/xtensa-esp-elf/14.2.0/esp32/:/home/vietnq/.espressif/tools/xtensa-esp-elf/esp-14.2.0_20260121/xtensa-esp-elf/bin/../lib/gcc/xtensa-esp-elf/14.2.0/../../../../xtensa-esp-elf/lib/esp32/:/home/vietnq/.espressif/tools/xtensa-esp-elf/esp-14.2.0_20260121/xtensa-esp-elf/bin/../xtensa-esp-elf/lib/esp32/:/home/vietnq/.espressif/tools/xtensa-esp-elf/esp-14.2.0_20260121/xtensa-esp-elf/bin/../lib/gcc/xtensa-esp-elf/14.2.0/:/home/vietnq/.espressif/tools/xtensa-esp-elf/esp-14.2.0_20260121/xtensa-esp-elf/bin/../lib/gcc/:/home/vietnq/.espressif/tools/xtensa-esp-elf/esp-14.2.0_20260121/xtensa-esp-elf/bin/../lib/gcc/xtensa-esp-elf/14.2.0/../../../../xtensa-esp-elf/lib/:/home/vietnq/.espressif/tools/xtensa-esp-elf/esp-14.2.0_20260121/xtensa-esp-elf/bin/../xtensa-esp-elf/lib/:/home/vietnq/.espressif/tools/xtensa-esp-elf/esp-14.2.0_20260121/xtensa-esp-elf/bin/../xtensa-esp-elf/usr/lib/]
  ignore line: [COLLECT_GCC_OPTIONS='-mdynconfig=xtensa_esp32.so' '-v' '-o' 'CMakeFiles/cmTC_9f9cf.dir/CMakeCXXCompilerABI.cpp.obj' '-c' '-dumpdir' 'CMakeFiles/cmTC_9f9cf.dir/CMakeCXXCompilerABI.cpp.']
  ignore line: [[2/2] Linking CXX executable cmTC_9f9cf]
  ignore line: [Using built-in specs.]
  ignore line: [COLLECT_GCC=/home/vietnq/.espressif/tools/xtensa-esp-elf/esp-14.2.0_20260121/xtensa-esp-elf/bin/xtensa-esp-elf-g++]
  ignore line: [COLLECT_LTO_WRAPPER=/home/vietnq/.espressif/tools/xtensa-esp-elf/esp-14.2.0_20260121/xtensa-esp-elf/bin/../libexec/gcc/xtensa-esp-elf/14.2.0/lto-wrapper]
  ignore line: [Target: xtensa-esp-elf]
  ignore line: [Configured with: /builds/idf/crosstool-NG/.build/xtensa-esp-elf/src/gcc/configure --build=x86_64-build_pc-linux-gnu --host=x86_64-build_pc-linux-gnu --target=xtensa-esp-elf --prefix=/builds/idf/crosstool-NG/builds/xtensa-esp-elf --exec_prefix=/builds/idf/crosstool-NG/builds/xtensa-esp-elf --with-local-prefix=/builds/idf/crosstool-NG/builds/xtensa-esp-elf/xtensa-esp-elf --with-sysroot=/builds/idf/crosstool-NG/builds/xtensa-esp-elf/xtensa-esp-elf --with-native-system-header-dir=/include --with-headers=/builds/idf/crosstool-NG/builds/xtensa-esp-elf/xtensa-esp-elf/include --with-newlib --enable-threads=no --disable-shared --with-pkgversion='crosstool-NG esp-14.2.0_20260121' --disable-__cxa_atexit --enable-cxx-flags='-ffunction-sections -fdata-sections' --disable-libgomp --disable-libmudflap --disable-libmpx --disable-libssp --disable-libquadmath --disable-libquadmath-support --disable-libstdcxx-verbose --with-gmp=/builds/idf/crosstool-NG/.build/xtensa-esp-elf/buildtools --with-mpfr=/builds/idf/crosstool-NG/.build/xtensa-esp-elf/buildtools --with-mpc=/builds/idf/crosstool-NG/.build/xtensa-esp-elf/buildtools --with-isl=/builds/idf/crosstool-NG/.build/xtensa-esp-elf/buildtools --enable-lto --enable-target-optspace --without-long-double-128 --enable-plugin --disable-nls --enable-multiarch --enable-languages=c c++ --disable-libstdcxx-verbose --enable-threads=posix --enable-libstdcxx-time=yes --disable-win32-utf8-manifest]
  ignore line: [Thread model: posix]
  ignore line: [Supported LTO compression algorithms: zlib zstd]
  ignore line: [gcc version 14.2.0 (crosstool-NG esp-14.2.0_20260121) ]
  ignore line: [COMPILER_PATH=/home/vietnq/.espressif/tools/xtensa-esp-elf/esp-14.2.0_20260121/xtensa-esp-elf/bin/../libexec/gcc/xtensa-esp-elf/14.2.0/:/home/vietnq/.espressif/tools/xtensa-esp-elf/esp-14.2.0_20260121/xtensa-esp-elf/bin/../libexec/gcc/:/home/vietnq/.espressif/tools/xtensa-esp-elf/esp-14.2.0_20260121/xtensa-esp-elf/bin/../lib/gcc/xtensa-esp-elf/14.2.0/../../../../xtensa-esp-elf/bin/]
  ignore line: [LIBRARY_PATH=/home/vietnq/.espressif/tools/xtensa-esp-elf/esp-14.2.0_20260121/xtensa-esp-elf/bin/../lib/gcc/xtensa-esp-elf/14.2.0/esp32/:/home/vietnq/.espressif/tools/xtensa-esp-elf/esp-14.2.0_20260121/xtensa-esp-elf/bin/../lib/gcc/xtensa-esp-elf/14.2.0/../../../../xtensa-esp-elf/lib/esp32/:/home/vietnq/.espressif/tools/xtensa-esp-elf/esp-14.2.0_20260121/xtensa-esp-elf/bin/../xtensa-esp-elf/lib/esp32/:/home/vietnq/.espressif/tools/xtensa-esp-elf/esp-14.2.0_20260121/xtensa-esp-elf/bin/../lib/gcc/xtensa-esp-elf/14.2.0/:/home/vietnq/.espressif/tools/xtensa-esp-elf/esp-14.2.0_20260121/xtensa-esp-elf/bin/../lib/gcc/:/home/vietnq/.espressif/tools/xtensa-esp-elf/esp-14.2.0_20260121/xtensa-esp-elf/bin/../lib/gcc/xtensa-esp-elf/14.2.0/../../../../xtensa-esp-elf/lib/:/home/vietnq/.espressif/tools/xtensa-esp-elf/esp-14.2.0_20260121/xtensa-esp-elf/bin/../xtensa-esp-elf/lib/:/home/vietnq/.espressif/tools/xtensa-esp-elf/esp-14.2.0_20260121/xtensa-esp-elf/bin/../xtensa-esp-elf/usr/lib/]
  ignore line: [COLLECT_GCC_OPTIONS='-mdynconfig=xtensa_esp32.so' '-v' '-o' 'cmTC_9f9cf' '-dumpdir' 'cmTC_9f9cf.']
  link line: [ /home/vietnq/.espressif/tools/xtensa-esp-elf/esp-14.2.0_20260121/xtensa-esp-elf/bin/../libexec/gcc/xtensa-esp-elf/14.2.0/collect2 -plugin /home/vietnq/.espressif/tools/xtensa-esp-elf/esp-14.2.0_20260121/xtensa-esp-elf/bin/../libexec/gcc/xtensa-esp-elf/14.2.0/liblto_plugin.so -plugin-opt=/home/vietnq/.espressif/tools/xtensa-esp-elf/esp-14.2.0_20260121/xtensa-esp-elf/bin/../libexec/gcc/xtensa-esp-elf/14.2.0/lto-wrapper -plugin-opt=-fresolution=/tmp/cckFlE9y.res -plugin-opt=-pass-through=-lgcc -plugin-opt=-pass-through=-lc -plugin-opt=-pass-through=-lnosys -plugin-opt=-pass-through=-lc -plugin-opt=-pass-through=-lgcc --sysroot=/home/vietnq/.espressif/tools/xtensa-esp-elf/esp-14.2.0_20260121/xtensa-esp-elf/bin/../xtensa-esp-elf --dynconfig=xtensa_esp32.so -o cmTC_9f9cf /home/vietnq/.espressif/tools/xtensa-esp-elf/esp-14.2.0_20260121/xtensa-esp-elf/bin/../lib/gcc/xtensa-esp-elf/14.2.0/../../../../xtensa-esp-elf/lib/esp32/crt0.o /home/vietnq/.espressif/tools/xtensa-esp-elf/esp-14.2.0_20260121/xtensa-esp-elf/bin/../lib/gcc/xtensa-esp-elf/14.2.0/esp32/crti.o /home/vietnq/.espressif/tools/xtensa-esp-elf/esp-14.2.0_20260121/xtensa-esp-elf/bin/../lib/gcc/xtensa-esp-elf/14.2.0/esp32/crtbegin.o -L/home/vietnq/.espressif/tools/xtensa-esp-elf/esp-14.2.0_20260121/xtensa-esp-elf/bin/../lib/gcc/xtensa-esp-elf/14.2.0/esp32 -L/home/vietnq/.espressif/tools/xtensa-esp-elf/esp-14.2.0_20260121/xtensa-esp-elf/bin/../lib/gcc/xtensa-esp-elf/14.2.0/../../../../xtensa-esp-elf/lib/esp32 -L/home/vietnq/.espressif/tools/xtensa-esp-elf/esp-14.2.0_20260121/xtensa-esp-elf/bin/../xtensa-esp-elf/lib/esp32 -L/home/vietnq/.espressif/tools/xtensa-esp-elf/esp-14.2.0_20260121/xtensa-esp-elf/bin/../lib/gcc/xtensa-esp-elf/14.2.0 -L/home/vietnq/.espressif/tools/xtensa-esp-elf/esp-14.2.0_20260121/xtensa-esp-elf/bin/../lib/gcc -L/home/vietnq/.espressif/tools/xtensa-esp-elf/esp-14.2.0_20260121/xtensa-esp-elf/bin/../lib/gcc/xtensa-esp-elf/14.2.0/../../../../xtensa-esp-elf/lib -L/home/vietnq/.espressif/tools/xtensa-esp-elf/esp-14.2.0_20260121/xtensa-esp-elf/bin/../xtensa-esp-elf/lib -L/home/vietnq/.espressif/tools/xtensa-esp-elf/esp-14.2.0_20260121/xtensa-esp-elf/bin/../xtensa-esp-elf/usr/lib @/tmp/ccc25BpV -lgcc -lc -lnosys -lc -lgcc /home/vietnq/.espressif/tools/xtensa-esp-elf/esp-14.2.0_20260121/xtensa-esp-elf/bin/../lib/gcc/xtensa-esp-elf/14.2.0/esp32/crtend.o /home/vietnq/.espressif/tools/xtensa-esp-elf/esp-14.2.0_20260121/xtensa-esp-elf/bin/../lib/gcc/xtensa-esp-elf/14.2.0/esp32/crtn.o]
    arg [/home/vietnq/.espressif/tools/xtensa-esp-elf/esp-14.2.0_20260121/xtensa-esp-elf/bin/../libexec/gcc/xtensa-esp-elf/14.2.0/collect2] ==> ignore
    arg [-plugin] ==> ignore
    arg [/home/vietnq/.espressif/tools/xtensa-esp-elf/esp-14.2.0_20260121/xtensa-esp-elf/bin/../libexec/gcc/xtensa-esp-elf/14.2.0/liblto_plugin.so] ==> ignore
    arg [-plugin-opt=/home/vietnq/.espressif/tools/xtensa-esp-elf/esp-14.2.0_20260121/xtensa-esp-elf/bin/../libexec/gcc/xtensa-esp-elf/14.2.0/lto-wrapper] ==> ignore
    arg [-plugin-opt=-fresolution=/tmp/cckFlE9y.res] ==> ignore
    arg [-plugin-opt=-pass-through=-lgcc] ==> ignore
    arg [-plugin-opt=-pass-through=-lc] ==> ignore
    arg [-plugin-opt=-pass-through=-lnosys] ==> ignore
    arg [-plugin-opt=-pass-through=-lc] ==> ignore
    arg [-plugin-opt=-pass-through=-lgcc] ==> ignore
    arg [--sysroot=/home/vietnq/.espressif/tools/xtensa-esp-elf/esp-14.2.0_20260121/xtensa-esp-elf/bin/../xtensa-esp-elf] ==> ignore
    arg [--dynconfig=xtensa_esp32.so] ==> ignore
    arg [-o] ==> ignore
    arg [cmTC_9f9cf] ==> ignore
    arg [/home/vietnq/.espressif/tools/xtensa-esp-elf/esp-14.2.0_20260121/xtensa-esp-elf/bin/../lib/gcc/xtensa-esp-elf/14.2.0/../../../../xtensa-esp-elf/lib/esp32/crt0.o] ==> obj [/home/vietnq/.espressif/tools/xtensa-esp-elf/esp-14.2.0_20260121/xtensa-esp-elf/bin/../lib/gcc/xtensa-esp-elf/14.2.0/../../../../xtensa-esp-elf/lib/esp32/crt0.o]
    arg [/home/vietnq/.espressif/tools/xtensa-esp-elf/esp-14.2.0_20260121/xtensa-esp-elf/bin/../lib/gcc/xtensa-esp-elf/14.2.0/esp32/crti.o] ==> obj [/home/vietnq/.espressif/tools/xtensa-esp-elf/esp-14.2.0_20260121/xtensa-esp-elf/bin/../lib/gcc/xtensa-esp-elf/14.2.0/esp32/crti.o]
    arg [/home/vietnq/.espressif/tools/xtensa-esp-elf/esp-14.2.0_20260121/xtensa-esp-elf/bin/../lib/gcc/xtensa-esp-elf/14.2.0/esp32/crtbegin.o] ==> obj [/home/vietnq/.espressif/tools/xtensa-esp-elf/esp-14.2.0_20260121/xtensa-esp-elf/bin/../lib/gcc/xtensa-esp-elf/14.2.0/esp32/crtbegin.o]
    arg [-L/home/vietnq/.espressif/tools/xtensa-esp-elf/esp-14.2.0_20260121/xtensa-esp-elf/bin/../lib/gcc/xtensa-esp-elf/14.2.0/esp32] ==> dir [/home/vietnq/.espressif/tools/xtensa-esp-elf/esp-14.2.0_20260121/xtensa-esp-elf/bin/../lib/gcc/xtensa-esp-elf/14.2.0/esp32]
    arg [-L/home/vietnq/.espressif/tools/xtensa-esp-elf/esp-14.2.0_20260121/xtensa-esp-elf/bin/../lib/gcc/xtensa-esp-elf/14.2.0/../../../../xtensa-esp-elf/lib/esp32] ==> dir [/home/vietnq/.espressif/tools/xtensa-esp-elf/esp-14.2.0_20260121/xtensa-esp-elf/bin/../lib/gcc/xtensa-esp-elf/14.2.0/../../../../xtensa-esp-elf/lib/esp32]
    arg [-L/home/vietnq/.espressif/tools/xtensa-esp-elf/esp-14.2.0_20260121/xtensa-esp-elf/bin/../xtensa-esp-elf/lib/esp32] ==> dir [/home/vietnq/.espressif/tools/xtensa-esp-elf/esp-14.2.0_20260121/xtensa-esp-elf/bin/../xtensa-esp-elf/lib/esp32]
    arg [-L/home/vietnq/.espressif/tools/xtensa-esp-elf/esp-14.2.0_20260121/xtensa-esp-elf/bin/../lib/gcc/xtensa-esp-elf/14.2.0] ==> dir [/home/vietnq/.espressif/tools/xtensa-esp-elf/esp-14.2.0_20260121/xtensa-esp-elf/bin/../lib/gcc/xtensa-esp-elf/14.2.0]
    arg [-L/home/vietnq/.espressif/tools/xtensa-esp-elf/esp-14.2.0_20260121/xtensa-esp-elf/bin/../lib/gcc] ==> dir [/home/vietnq/.espressif/tools/xtensa-esp-elf/esp-14.2.0_20260121/xtensa-esp-elf/bin/../lib/gcc]
    arg [-L/home/vietnq/.espressif/tools/xtensa-esp-elf/esp-14.2.0_20260121/xtensa-esp-elf/bin/../lib/gcc/xtensa-esp-elf/14.2.0/../../../../xtensa-esp-elf/lib] ==> dir [/home/vietnq/.espressif/tools/xtensa-esp-elf/esp-14.2.0_20260121/xtensa-esp-elf/bin/../lib/gcc/xtensa-esp-elf/14.2.0/../../../../xtensa-esp-elf/lib]
    arg [-L/home/vietnq/.espressif/tools/xtensa-esp-elf/esp-14.2.0_20260121/xtensa-esp-elf/bin/../xtensa-esp-elf/lib] ==> dir [/home/vietnq/.espressif/tools/xtensa-esp-elf/esp-14.2.0_20260121/xtensa-esp-elf/bin/../xtensa-esp-elf/lib]
    arg [-L/home/vietnq/.espressif/tools/xtensa-esp-elf/esp-14.2.0_20260121/xtensa-esp-elf/bin/../xtensa-esp-elf/usr/lib] ==> dir [/home/vietnq/.espressif/tools/xtensa-esp-elf/esp-14.2.0_20260121/xtensa-esp-elf/bin/../xtensa-esp-elf/usr/lib]
    arg [@/tmp/ccc25BpV] ==> ignore
    arg [-lgcc] ==> lib [gcc]
    arg [-lc] ==> lib [c]
    arg [-lnosys] ==> lib [nosys]
    arg [-lc] ==> lib [c]
    arg [-lgcc] ==> lib [gcc]
    arg [/home/vietnq/.espressif/tools/xtensa-esp-elf/esp-14.2.0_20260121/xtensa-esp-elf/bin/../lib/gcc/xtensa-esp-elf/14.2.0/esp32/crtend.o] ==> obj [/home/vietnq/.espressif/tools/xtensa-esp-elf/esp-14.2.0_20260121/xtensa-esp-elf/bin/../lib/gcc/xtensa-esp-elf/14.2.0/esp32/crtend.o]
    arg [/home/vietnq/.espressif/tools/xtensa-esp-elf/esp-14.2.0_20260121/xtensa-esp-elf/bin/../lib/gcc/xtensa-esp-elf/14.2.0/esp32/crtn.o] ==> obj [/home/vietnq/.espressif/tools/xtensa-esp-elf/esp-14.2.0_20260121/xtensa-esp-elf/bin/../lib/gcc/xtensa-esp-elf/14.2.0/esp32/crtn.o]
  collapse obj [/home/vietnq/.espressif/tools/xtensa-esp-elf/esp-14.2.0_20260121/xtensa-esp-elf/bin/../lib/gcc/xtensa-esp-elf/14.2.0/../../../../xtensa-esp-elf/lib/esp32/crt0.o] ==> [/home/vietnq/.espressif/tools/xtensa-esp-elf/esp-14.2.0_20260121/xtensa-esp-elf/xtensa-esp-elf/lib/esp32/crt0.o]
  collapse obj [/home/vietnq/.espressif/tools/xtensa-esp-elf/esp-14.2.0_20260121/xtensa-esp-elf/bin/../lib/gcc/xtensa-esp-elf/14.2.0/esp32/crti.o] ==> [/home/vietnq/.espressif/tools/xtensa-esp-elf/esp-14.2.0_20260121/xtensa-esp-elf/lib/gcc/xtensa-esp-elf/14.2.0/esp32/crti.o]
  collapse obj [/home/vietnq/.espressif/tools/xtensa-esp-elf/esp-14.2.0_20260121/xtensa-esp-elf/bin/../lib/gcc/xtensa-esp-elf/14.2.0/esp32/crtbegin.o] ==> [/home/vietnq/.espressif/tools/xtensa-esp-elf/esp-14.2.0_20260121/xtensa-esp-elf/lib/gcc/xtensa-esp-elf/14.2.0/esp32/crtbegin.o]
  collapse obj [/home/vietnq/.espressif/tools/xtensa-esp-elf/esp-14.2.0_20260121/xtensa-esp-elf/bin/../lib/gcc/xtensa-esp-elf/14.2.0/esp32/crtend.o] ==> [/home/vietnq/.espressif/tools/xtensa-esp-elf/esp-14.2.0_20260121/xtensa-esp-elf/lib/gcc/xtensa-esp-elf/14.2.0/esp32/crtend.o]
  collapse obj [/home/vietnq/.espressif/tools/xtensa-esp-elf/esp-14.2.0_20260121/xtensa-esp-elf/bin/../lib/gcc/xtensa-esp-elf/14.2.0/esp32/crtn.o] ==> [/home/vietnq/.espressif/tools/xtensa-esp-elf/esp-14.2.0_20260121/xtensa-esp-elf/lib/gcc/xtensa-esp-elf/14.2.0/esp32/crtn.o]
  collapse library dir [/home/vietnq/.espressif/tools/xtensa-esp-elf/esp-14.2.0_20260121/xtensa-esp-elf/bin/../lib/gcc/xtensa-esp-elf/14.2.0/esp32] ==> [/home/vietnq/.espressif/tools/xtensa-esp-elf/esp-14.2.0_20260121/xtensa-esp-elf/lib/gcc/xtensa-esp-elf/14.2.0/esp32]
  collapse library dir [/home/vietnq/.espressif/tools/xtensa-esp-elf/esp-14.2.0_20260121/xtensa-esp-elf/bin/../lib/gcc/xtensa-esp-elf/14.2.0/../../../../xtensa-esp-elf/lib/esp32] ==> [/home/vietnq/.espressif/tools/xtensa-esp-elf/esp-14.2.0_20260121/xtensa-esp-elf/xtensa-esp-elf/lib/esp32]
  collapse library dir [/home/vietnq/.espressif/tools/xtensa-esp-elf/esp-14.2.0_20260121/xtensa-esp-elf/bin/../xtensa-esp-elf/lib/esp32] ==> [/home/vietnq/.espressif/tools/xtensa-esp-elf/esp-14.2.0_20260121/xtensa-esp-elf/xtensa-esp-elf/lib/esp32]
  collapse library dir [/home/vietnq/.espressif/tools/xtensa-esp-elf/esp-14.2.0_20260121/xtensa-esp-elf/bin/../lib/gcc/xtensa-esp-elf/14.2.0] ==> [/home/vietnq/.espressif/tools/xtensa-esp-elf/esp-14.2.0_20260121/xtensa-esp-elf/lib/gcc/xtensa-esp-elf/14.2.0]
  collapse library dir [/home/vietnq/.espressif/tools/xtensa-esp-elf/esp-14.2.0_20260121/xtensa-esp-elf/bin/../lib/gcc] ==> [/home/vietnq/.espressif/tools/xtensa-esp-elf/esp-14.2.0_20260121/xtensa-esp-elf/lib/gcc]
  collapse library dir [/home/vietnq/.espressif/tools/xtensa-esp-elf/esp-14.2.0_20260121/xtensa-esp-elf/bin/../lib/gcc/xtensa-esp-elf/14.2.0/../../../../xtensa-esp-elf/lib] ==> [/home/vietnq/.espressif/tools/xtensa-esp-elf/esp-14.2.0_20260121/xtensa-esp-elf/xtensa-esp-elf/lib]
  collapse library dir [/home/vietnq/.espressif/tools/xtensa-esp-elf/esp-14.2.0_20260121/xtensa-esp-elf/bin/../xtensa-esp-elf/lib] ==> [/home/vietnq/.espressif/tools/xtensa-esp-elf/esp-14.2.0_20260121/xtensa-esp-elf/xtensa-esp-elf/lib]
  collapse library dir [/home/vietnq/.espressif/tools/xtensa-esp-elf/esp-14.2.0_20260121/xtensa-esp-elf/bin/../xtensa-esp-elf/usr/lib] ==> [/home/vietnq/.espressif/tools/xtensa-esp-elf/esp-14.2.0_20260121/xtensa-esp-elf/xtensa-esp-elf/usr/lib]
  implicit libs: [gcc;c;nosys;c;gcc]
  implicit objs: [/home/vietnq/.espressif/tools/xtensa-esp-elf/esp-14.2.0_20260121/xtensa-esp-elf/xtensa-esp-elf/lib/esp32/crt0.o;/home/vietnq/.espressif/tools/xtensa-esp-elf/esp-14.2.0_20260121/xtensa-esp-elf/lib/gcc/xtensa-esp-elf/14.2.0/esp32/crti.o;/home/vietnq/.espressif/tools/xtensa-esp-elf/esp-14.2.0_20260121/xtensa-esp-elf/lib/gcc/xtensa-esp-elf/14.2.0/esp32/crtbegin.o;/home/vietnq/.espressif/tools/xtensa-esp-elf/esp-14.2.0_20260121/xtensa-esp-elf/lib/gcc/xtensa-esp-elf/14.2.0/esp32/crtend.o;/home/vietnq/.espressif/tools/xtensa-esp-elf/esp-14.2.0_20260121/xtensa-esp-elf/lib/gcc/xtensa-esp-elf/14.2.0/esp32/crtn.o]
  implicit dirs: [/home/vietnq/.espressif/tools/xtensa-esp-elf/esp-14.2.0_20260121/xtensa-esp-elf/lib/gcc/xtensa-esp-elf/14.2.0/esp32;/home/vietnq/.espressif/tools/xtensa-esp-elf/esp-14.2.0_20260121/xtensa-esp-elf/xtensa-esp-elf/lib/esp32;/home/vietnq/.espressif/tools/xtensa-esp-elf/esp-14.2.0_20260121/xtensa-esp-elf/lib/gcc/xtensa-esp-elf/14.2.0;/home/vietnq/.espressif/tools/xtensa-esp-elf/esp-14.2.0_20260121/xtensa-esp-elf/lib/gcc;/home/vietnq/.espressif/tools/xtensa-esp-elf/esp-14.2.0_20260121/xtensa-esp-elf/xtensa-esp-elf/lib;/home/vietnq/.espressif/tools/xtensa-esp-elf/esp-14.2.0_20260121/xtensa-esp-elf/xtensa-esp-elf/usr/lib]
  implicit fwks: []


Detecting C compiler ABI info compiled with the following output:
Change Dir: /home/vietnq/esp/ota/build/bootloader/CMakeFiles/CMakeTmp

Run Build Command(s):/usr/bin/ninja cmTC_1eab5 && [1/2] Building C object CMakeFiles/cmTC_1eab5.dir/CMakeCCompilerABI.c.obj
Using built-in specs.
COLLECT_GCC=/home/vietnq/.espressif/tools/xtensa-esp-elf/esp-14.2.0_20260121/xtensa-esp-elf/bin/xtensa-esp-elf-gcc
Target: xtensa-esp-elf
Configured with: /builds/idf/crosstool-NG/.build/xtensa-esp-elf/src/gcc/configure --build=x86_64-build_pc-linux-gnu --host=x86_64-build_pc-linux-gnu --target=xtensa-esp-elf --prefix=/builds/idf/crosstool-NG/builds/xtensa-esp-elf --exec_prefix=/builds/idf/crosstool-NG/builds/xtensa-esp-elf --with-local-prefix=/builds/idf/crosstool-NG/builds/xtensa-esp-elf/xtensa-esp-elf --with-sysroot=/builds/idf/crosstool-NG/builds/xtensa-esp-elf/xtensa-esp-elf --with-native-system-header-dir=/include --with-headers=/builds/idf/crosstool-NG/builds/xtensa-esp-elf/xtensa-esp-elf/include --with-newlib --enable-threads=no --disable-shared --with-pkgversion='crosstool-NG esp-14.2.0_20260121' --disable-__cxa_atexit --enable-cxx-flags='-ffunction-sections -fdata-sections' --disable-libgomp --disable-libmudflap --disable-libmpx --disable-libssp --disable-libquadmath --disable-libquadmath-support --disable-libstdcxx-verbose --with-gmp=/builds/idf/crosstool-NG/.build/xtensa-esp-elf/buildtools --with-mpfr=/builds/idf/crosstool-NG/.build/xtensa-esp-elf/buildtools --with-mpc=/builds/idf/crosstool-NG/.build/xtensa-esp-elf/buildtools --with-isl=/builds/idf/crosstool-NG/.build/xtensa-esp-elf/buildtools --enable-lto --enable-target-optspace --without-long-double-128 --enable-plugin --disable-nls --enable-multiarch --enable-languages=c,c++ --disable-libstdcxx-verbose --enable-threads=posix --enable-libstdcxx-time=yes --disable-win32-utf8-manifest
Thread model: posix
Supported LTO compression algorithms: zlib zstd
gcc version 14.2.0 (crosstool-NG esp-14.2.0_20260121) 
COLLECT_GCC_OPTIONS='-mdynconfig=xtensa_esp32.so' '-v' '-o' 'CMakeFiles/cmTC_1eab5.dir/CMakeCCompilerABI.c.obj' '-c' '-dumpdir' 'CMakeFiles/cmTC_1eab5.dir/'
 /home/vietnq/.espressif/tools/xtensa-esp-elf/esp-14.2.0_20260121/xtensa-esp-elf/bin/../libexec/gcc/xtensa-esp-elf/14.2.0/cc1 -quiet -v -imultilib esp32 -iprefix /home/vietnq/.espressif/tools/xtensa-esp-elf/esp-14.2.0_20260121/xtensa-esp-elf/bin/../lib/gcc/xtensa-esp-elf/14.2.0/ -isysroot /home/vietnq/.espressif/tools/xtensa-esp-elf/esp-14.2.0_20260121/xtensa-esp-elf/bin/../xtensa-esp-elf /usr/share/cmake-3.22/Modules/CMakeCCompilerABI.c -quiet -dumpdir CMakeFiles/cmTC_1eab5.dir/ -dumpbase CMakeCCompilerABI.c.c -dumpbase-ext .c -mdynconfig=xtensa_esp32.so -version -o /tmp/ccsfJmBT.s
GNU C17 (crosstool-NG esp-14.2.0_20260121) version 14.2.0 (xtensa-esp-elf)
	compiled by GNU C version 6.3.0, GMP version 6.3.0, MPFR version 4.2.1, MPC version 1.3.1, isl version isl-0.26-GMP

GGC heuristics: --param ggc-min-expand=100 --param ggc-min-heapsize=131072
ignoring duplicate directory "/home/vietnq/.espressif/tools/xtensa-esp-elf/esp-14.2.0_20260121/xtensa-esp-elf/bin/../lib/gcc/../../lib/gcc/xtensa-esp-elf/14.2.0/include"
ignoring nonexistent directory "/home/vietnq/.espressif/tools/xtensa-esp-elf/esp-14.2.0_20260121/xtensa-esp-elf/bin/../xtensa-esp-elf/builds/idf/crosstool-NG/builds/xtensa-esp-elf/xtensa-esp-elf/include"
ignoring duplicate directory "/home/vietnq/.espressif/tools/xtensa-esp-elf/esp-14.2.0_20260121/xtensa-esp-elf/bin/../lib/gcc/../../lib/gcc/xtensa-esp-elf/14.2.0/include-fixed"
ignoring duplicate directory "/home/vietnq/.espressif/tools/xtensa-esp-elf/esp-14.2.0_20260121/xtensa-esp-elf/bin/../lib/gcc/../../lib/gcc/xtensa-esp-elf/14.2.0/../../../../xtensa-esp-elf/include"
ignoring duplicate directory "/home/vietnq/.espressif/tools/xtensa-esp-elf/esp-14.2.0_20260121/xtensa-esp-elf/bin/../xtensa-esp-elf/include"
#include "..." search starts here:
#include <...> search starts here:
 /home/vietnq/.espressif/tools/xtensa-esp-elf/esp-14.2.0_20260121/xtensa-esp-elf/bin/../lib/gcc/xtensa-esp-elf/14.2.0/include
 /home/vietnq/.espressif/tools/xtensa-esp-elf/esp-14.2.0_20260121/xtensa-esp-elf/bin/../lib/gcc/xtensa-esp-elf/14.2.0/include-fixed
 /home/vietnq/.espressif/tools/xtensa-esp-elf/esp-14.2.0_20260121/xtensa-esp-elf/bin/../lib/gcc/xtensa-esp-elf/14.2.0/../../../../xtensa-esp-elf/include
End of search list.
Compiler executable checksum: 709abf7e99d4c633116df3b91860509f
COLLECT_GCC_OPTIONS='-mdynconfig=xtensa_esp32.so' '-v' '-o' 'CMakeFiles/cmTC_1eab5.dir/CMakeCCompilerABI.c.obj' '-c' '-dumpdir' 'CMakeFiles/cmTC_1eab5.dir/'
 /home/vietnq/.espressif/tools/xtensa-esp-elf/esp-14.2.0_20260121/xtensa-esp-elf/bin/../lib/gcc/xtensa-esp-elf/14.2.0/../../../../xtensa-esp-elf/bin/as --traditional-format --dynconfig=xtensa_esp32.so -o CMakeFiles/cmTC_1eab5.dir/CMakeCCompilerABI.c.obj /tmp/ccsfJmBT.s
COMPILER_PATH=/home/vietnq/.espressif/tools/xtensa-esp-elf/esp-14.2.0_20260121/xtensa-esp-elf/bin/../libexec/gcc/xtensa-esp-elf/14.2.0/:/home/vietnq/.espressif/tools/xtensa-esp-elf/esp-14.2.0_20260121/xtensa-esp-elf/bin/../libexec/gcc/:/home/vietnq/.espressif/tools/xtensa-esp-elf/esp-14.2.0_20260121/xtensa-esp-elf/bin/../lib/gcc/xtensa-esp-elf/14.2.0/../../../../xtensa-esp-elf/bin/
LIBRARY_PATH=/home/vietnq/.espressif/tools/xtensa-esp-elf/esp-14.2.0_20260121/xtensa-esp-elf/bin/../lib/gcc/xtensa-esp-elf/14.2.0/esp32/:/home/vietnq/.espressif/tools/xtensa-esp-elf/esp-14.2.0_20260121/xtensa-esp-elf/bin/../lib/gcc/xtensa-esp-elf/14.2.0/../../../../xtensa-esp-elf/lib/esp32/:/home/vietnq/.espressif/tools/xtensa-esp-elf/esp-14.2.0_20260121/xtensa-esp-elf/bin/../xtensa-esp-elf/lib/esp32/:/home/vietnq/.espressif/tools/xtensa-esp-elf/esp-14.2.0_20260121/xtensa-esp-elf/bin/../lib/gcc/xtensa-esp-elf/14.2.0/:/home/vietnq/.espressif/tools/xtensa-esp-elf/esp-14.2.0_20260121/xtensa-esp-elf/bin/../lib/gcc/:/home/vietnq/.espressif/tools/xtensa-esp-elf/esp-14.2.0_20260121/xtensa-esp-elf/bin/../lib/gcc/xtensa-esp-elf/14.2.0/../../../../xtensa-esp-elf/lib/:/home/vietnq/.espressif/tools/xtensa-esp-elf/esp-14.2.0_20260121/xtensa-esp-elf/bin/../xtensa-esp-elf/lib/:/home/vietnq/.espressif/tools/xtensa-esp-elf/esp-14.2.0_20260121/xtensa-esp-elf/bin/../xtensa-esp-elf/usr/lib/
COLLECT_GCC_OPTIONS='-mdynconfig=xtensa_esp32.so' '-v' '-o' 'CMakeFiles/cmTC_1eab5.dir/CMakeCCompilerABI.c.obj' '-c' '-dumpdir' 'CMakeFiles/cmTC_1eab5.dir/CMakeCCompilerABI.c.'
[2/2] Linking C executable cmTC_1eab5
Using built-in specs.
COLLECT_GCC=/home/vietnq/.espressif/tools/xtensa-esp-elf/esp-14.2.0_20260121/xtensa-esp-elf/bin/xtensa-esp-elf-gcc
COLLECT_LTO_WRAPPER=/home/vietnq/.espressif/tools/xtensa-esp-elf/esp-14.2.0_20260121/xtensa-esp-elf/bin/../libexec/gcc/xtensa-esp-elf/14.2.0/lto-wrapper
Target: xtensa-esp-elf
Configured with: /builds/idf/crosstool-NG/.build/xtensa-esp-elf/src/gcc/configure --build=x86_64-build_pc-linux-gnu --host=x86_64-build_pc-linux-gnu --target=xtensa-esp-elf --prefix=/builds/idf/crosstool-NG/builds/xtensa-esp-elf --exec_prefix=/builds/idf/crosstool-NG/builds/xtensa-esp-elf --with-local-prefix=/builds/idf/crosstool-NG/builds/xtensa-esp-elf/xtensa-esp-elf --with-sysroot=/builds/idf/crosstool-NG/builds/xtensa-esp-elf/xtensa-esp-elf --with-native-system-header-dir=/include --with-headers=/builds/idf/crosstool-NG/builds/xtensa-esp-elf/xtensa-esp-elf/include --with-newlib --enable-threads=no --disable-shared --with-pkgversion='crosstool-NG esp-14.2.0_20260121' --disable-__cxa_atexit --enable-cxx-flags='-ffunction-sections -fdata-sections' --disable-libgomp --disable-libmudflap --disable-libmpx --disable-libssp --disable-libquadmath --disable-libquadmath-support --disable-libstdcxx-verbose --with-gmp=/builds/idf/crosstool-NG/.build/xtensa-esp-elf/buildtools --with-mpfr=/builds/idf/crosstool-NG/.build/xtensa-esp-elf/buildtools --with-mpc=/builds/idf/crosstool-NG/.build/xtensa-esp-elf/buildtools --with-isl=/builds/idf/crosstool-NG/.build/xtensa-esp-elf/buildtools --enable-lto --enable-target-optspace --without-long-double-128 --enable-plugin --disable-nls --enable-multiarch --enable-languages=c,c++ --disable-libstdcxx-verbose --enable-threads=posix --enable-libstdcxx-time=yes --disable-win32-utf8-manifest
Thread model: posix
Supported LTO compression algorithms: zlib zstd
gcc version 14.2.0 (crosstool-NG esp-14.2.0_20260121) 
COMPILER_PATH=/home/vietnq/.espressif/tools/xtensa-esp-elf/esp-14.2.0_20260121/xtensa-esp-elf/bin/../libexec/gcc/xtensa-esp-elf/14.2.0/:/home/vietnq/.espressif/tools/xtensa-esp-elf/esp-14.2.0_20260121/xtensa-esp-elf/bin/../libexec/gcc/:/home/vietnq/.espressif/tools/xtensa-esp-elf/esp-14.2.0_20260121/xtensa-esp-elf/bin/../lib/gcc/xtensa-esp-elf/14.2.0/../../../../xtensa-esp-elf/bin/
LIBRARY_PATH=/home/vietnq/.espressif/tools/xtensa-esp-elf/esp-14.2.0_20260121/xtensa-esp-elf/bin/../lib/gcc/xtensa-esp-elf/14.2.0/esp32/:/home/vietnq/.espressif/tools/xtensa-esp-elf/esp-14.2.0_20260121/xtensa-esp-elf/bin/../lib/gcc/xtensa-esp-elf/14.2.0/../../../../xtensa-esp-elf/lib/esp32/:/home/vietnq/.espressif/tools/xtensa-esp-elf/esp-14.2.0_20260121/xtensa-esp-elf/bin/../xtensa-esp-elf/lib/esp32/:/home/vietnq/.espressif/tools/xtensa-esp-elf/esp-14.2.0_20260121/xtensa-esp-elf/bin/../lib/gcc/xtensa-esp-elf/14.2.0/:/home/vietnq/.espressif/tools/xtensa-esp-elf/esp-14.2.0_20260121/xtensa-esp-elf/bin/../lib/gcc/:/home/vietnq/.espressif/tools/xtensa-esp-elf/esp-14.2.0_20260121/xtensa-esp-elf/bin/../lib/gcc/xtensa-esp-elf/14.2.0/../../../../xtensa-esp-elf/lib/:/home/vietnq/.espressif/tools/xtensa-esp-elf/esp-14.2.0_20260121/xtensa-esp-elf/bin/../xtensa-esp-elf/lib/:/home/vietnq/.espressif/tools/xtensa-esp-elf/esp-14.2.0_20260121/xtensa-esp-elf/bin/../xtensa-esp-elf/usr/lib/
COLLECT_GCC_OPTIONS='-mdynconfig=xtensa_esp32.so' '-v' '-o' 'cmTC_1eab5' '-dumpdir' 'cmTC_1eab5.'
 /home/vietnq/.espressif/tools/xtensa-esp-elf/esp-14.2.0_20260121/xtensa-esp-elf/bin/../libexec/gcc/xtensa-esp-elf/14.2.0/collect2 -plugin /home/vietnq/.espressif/tools/xtensa-esp-elf/esp-14.2.0_20260121/xtensa-esp-elf/bin/../libexec/gcc/xtensa-esp-elf/14.2.0/liblto_plugin.so -plugin-opt=/home/vietnq/.espressif/tools/xtensa-esp-elf/esp-14.2.0_20260121/xtensa-esp-elf/bin/../libexec/gcc/xtensa-esp-elf/14.2.0/lto-wrapper -plugin-opt=-fresolution=/tmp/ccCUb14B.res -plugin-opt=-pass-through=-lgcc -plugin-opt=-pass-through=-lc -plugin-opt=-pass-through=-lnosys -plugin-opt=-pass-through=-lc -plugin-opt=-pass-through=-lgcc --sysroot=/home/vietnq/.espressif/tools/xtensa-esp-elf/esp-14.2.0_20260121/xtensa-esp-elf/bin/../xtensa-esp-elf --dynconfig=xtensa_esp32.so -o cmTC_1eab5 /home/vietnq/.espressif/tools/xtensa-esp-elf/esp-14.2.0_20260121/xtensa-esp-elf/bin/../lib/gcc/xtensa-esp-elf/14.2.0/../../../../xtensa-esp-elf/lib/esp32/crt0.o /home/vietnq/.espressif/tools/xtensa-esp-elf/esp-14.2.0_20260121/xtensa-esp-elf/bin/../lib/gcc/xtensa-esp-elf/14.2.0/esp32/crti.o /home/vietnq/.espressif/tools/xtensa-esp-elf/esp-14.2.0_20260121/xtensa-esp-elf/bin/../lib/gcc/xtensa-esp-elf/14.2.0/esp32/crtbegin.o -L/home/vietnq/.espressif/tools/xtensa-esp-elf/esp-14.2.0_20260121/xtensa-esp-elf/bin/../lib/gcc/xtensa-esp-elf/14.2.0/esp32 -L/home/vietnq/.espressif/tools/xtensa-esp-elf/esp-14.2.0_20260121/xtensa-esp-elf/bin/../lib/gcc/xtensa-esp-elf/14.2.0/../../../../xtensa-esp-elf/lib/esp32 -L/home/vietnq/.espressif/tools/xtensa-esp-elf/esp-14.2.0_20260121/xtensa-esp-elf/bin/../xtensa-esp-elf/lib/esp32 -L/home/vietnq/.espressif/tools/xtensa-esp-elf/esp-14.2.0_20260121/xtensa-esp-elf/bin/../lib/gcc/xtensa-esp-elf/14.2.0 -L/home/vietnq/.espressif/tools/xtensa-esp-elf/esp-14.2.0_20260121/xtensa-esp-elf/bin/../lib/gcc -L/home/vietnq/.espressif/tools/xtensa-esp-elf/esp-14.2.0_20260121/xtensa-esp-elf/bin/../lib/gcc/xtensa-esp-elf/14.2.0/../../../../xtensa-esp-elf/lib -L/home/vietnq/.espressif/tools/xtensa-esp-elf/esp-14.2.0_20260121/xtensa-esp-elf/bin/../xtensa-esp-elf/lib -L/home/vietnq/.espressif/tools/xtensa-esp-elf/esp-14.2.0_20260121/xtensa-esp-elf/bin/../xtensa-esp-elf/usr/lib @/tmp/ccLa2yNt -lgcc -lc -lnosys -lc -lgcc /home/vietnq/.espressif/tools/xtensa-esp-elf/esp-14.2.0_20260121/xtensa-esp-elf/bin/../lib/gcc/xtensa-esp-elf/14.2.0/esp32/crtend.o /home/vietnq/.espressif/tools/xtensa-esp-elf/esp-14.2.0_20260121/xtensa-esp-elf/bin/../lib/gcc/xtensa-esp-elf/14.2.0/esp32/crtn.o
COLLECT_GCC_OPTIONS='-mdynconfig=xtensa_esp32.so' '-v' '-o' 'cmTC_1eab5' '-dumpdir' 'cmTC_1eab5.'



Parsed C implicit include dir info from above output: rv=done
  found start of include info
  found start of implicit include info
    add: [/home/vietnq/.espressif/tools/xtensa-esp-elf/esp-14.2.0_20260121/xtensa-esp-elf/bin/../lib/gcc/xtensa-esp-elf/14.2.0/include]
    add: [/home/vietnq/.espressif/tools/xtensa-esp-elf/esp-14.2.0_20260121/xtensa-esp-elf/bin/../lib/gcc/xtensa-esp-elf/14.2.0/include-fixed]
    add: [/home/vietnq/.espressif/tools/xtensa-esp-elf/esp-14.2.0_20260121/xtensa-esp-elf/bin/../lib/gcc/xtensa-esp-elf/14.2.0/../../../../xtensa-esp-elf/include]
  end of search list found
  collapse include dir [/home/vietnq/.espressif/tools/xtensa-esp-elf/esp-14.2.0_20260121/xtensa-esp-elf/bin/../lib/gcc/xtensa-esp-elf/14.2.0/include] ==> [/home/vietnq/.espressif/tools/xtensa-esp-elf/esp-14.2.0_20260121/xtensa-esp-elf/lib/gcc/xtensa-esp-elf/14.2.0/include]
  collapse include dir [/home/vietnq/.espressif/tools/xtensa-esp-elf/esp-14.2.0_20260121/xtensa-esp-elf/bin/../lib/gcc/xtensa-esp-elf/14.2.0/include-fixed] ==> [/home/vietnq/.espressif/tools/xtensa-esp-elf/esp-14.2.0_20260121/xtensa-esp-elf/lib/gcc/xtensa-esp-elf/14.2.0/include-fixed]
  collapse include dir [/home/vietnq/.espressif/tools/xtensa-esp-elf/esp-14.2.0_20260121/xtensa-esp-elf/bin/../lib/gcc/xtensa-esp-elf/14.2.0/../../../../xtensa-esp-elf/include] ==> [/home/vietnq/.espressif/tools/xtensa-esp-elf/esp-14.2.0_20260121/xtensa-esp-elf/xtensa-esp-elf/include]
  implicit include dirs: [/home/vietnq/.espressif/tools/xtensa-esp-elf/esp-14.2.0_20260121/xtensa-esp-elf/lib/gcc/xtensa-esp-elf/14.2.0/include;/home/vietnq/.espressif/tools/xtensa-esp-elf/esp-14.2.0_20260121/xtensa-esp-elf/lib/gcc/xtensa-esp-elf/14.2.0/include-fixed;/home/vietnq/.espressif/tools/xtensa-esp-elf/esp-14.2.0_20260121/xtensa-esp-elf/xtensa-esp-elf/include]


Parsed C implicit link information from above output:
  link line regex: [^( *|.*[/\])(xtensa-esp32-elf-ld|CMAKE_LINK_STARTFILE-NOTFOUND|([^/\]+-)?ld|collect2)[^/\]*( |$)]
  ignore line: [Change Dir: /home/vietnq/esp/ota/build/bootloader/CMakeFiles/CMakeTmp]
  ignore line: []
  ignore line: [Run Build Command(s):/usr/bin/ninja cmTC_1eab5 && [1/2] Building C object CMakeFiles/cmTC_1eab5.dir/CMakeCCompilerABI.c.obj]
  ignore line: [Using built-in specs.]
  ignore line: [COLLECT_GCC=/home/vietnq/.espressif/tools/xtensa-esp-elf/esp-14.2.0_20260121/xtensa-esp-elf/bin/xtensa-esp-elf-gcc]
  ignore line: [Target: xtensa-esp-elf]
  ignore line: [Configured with: /builds/idf/crosstool-NG/.build/xtensa-esp-elf/src/gcc/configure --build=x86_64-build_pc-linux-gnu --host=x86_64-build_pc-linux-gnu --target=xtensa-esp-elf --prefix=/builds/idf/crosstool-NG/builds/xtensa-esp-elf --exec_prefix=/builds/idf/crosstool-NG/builds/xtensa-esp-elf --with-local-prefix=/builds/idf/crosstool-NG/builds/xtensa-esp-elf/xtensa-esp-elf --with-sysroot=/builds/idf/crosstool-NG/builds/xtensa-esp-elf/xtensa-esp-elf --with-native-system-header-dir=/include --with-headers=/builds/idf/crosstool-NG/builds/xtensa-esp-elf/xtensa-esp-elf/include --with-newlib --enable-threads=no --disable-shared --with-pkgversion='crosstool-NG esp-14.2.0_20260121' --disable-__cxa_atexit --enable-cxx-flags='-ffunction-sections -fdata-sections' --disable-libgomp --disable-libmudflap --disable-libmpx --disable-libssp --disable-libquadmath --disable-libquadmath-support --disable-libstdcxx-verbose --with-gmp=/builds/idf/crosstool-NG/.build/xtensa-esp-elf/buildtools --with-mpfr=/builds/idf/crosstool-NG/.build/xtensa-esp-elf/buildtools --with-mpc=/builds/idf/crosstool-NG/.build/xtensa-esp-elf/buildtools --with-isl=/builds/idf/crosstool-NG/.build/xtensa-esp-elf/buildtools --enable-lto --enable-target-optspace --without-long-double-128 --enable-plugin --disable-nls --enable-multiarch --enable-languages=c c++ --disable-libstdcxx-verbose --enable-threads=posix --enable-libstdcxx-time=yes --disable-win32-utf8-manifest]
  ignore line: [Thread model: posix]
  ignore line: [Supported LTO compression algorithms: zlib zstd]
  ignore line: [gcc version 14.2.0 (crosstool-NG esp-14.2.0_20260121) ]
  ignore line: [COLLECT_GCC_OPTIONS='-mdynconfig=xtensa_esp32.so' '-v' '-o' 'CMakeFiles/cmTC_1eab5.dir/CMakeCCompilerABI.c.obj' '-c' '-dumpdir' 'CMakeFiles/cmTC_1eab5.dir/']
  ignore line: [ /home/vietnq/.espressif/tools/xtensa-esp-elf/esp-14.2.0_20260121/xtensa-esp-elf/bin/../libexec/gcc/xtensa-esp-elf/14.2.0/cc1 -quiet -v -imultilib esp32 -iprefix /home/vietnq/.espressif/tools/xtensa-esp-elf/esp-14.2.0_20260121/xtensa-esp-elf/bin/../lib/gcc/xtensa-esp-elf/14.2.0/ -isysroot /home/vietnq/.espressif/tools/xtensa-esp-elf/esp-14.2.0_20260121/xtensa-esp-elf/bin/../xtensa-esp-elf /usr/share/cmake-3.22/Modules/CMakeCCompilerABI.c -quiet -dumpdir CMakeFiles/cmTC_1eab5.dir/ -dumpbase CMakeCCompilerABI.c.c -dumpbase-ext .c -mdynconfig=xtensa_esp32.so -version -o /tmp/ccsfJmBT.s]
  ignore line: [GNU C17 (crosstool-NG esp-14.2.0_20260121) version 14.2.0 (xtensa-esp-elf)]
  ignore line: [	compiled by GNU C version 6.3.0  GMP version 6.3.0  MPFR version 4.2.1  MPC version 1.3.1  isl version isl-0.26-GMP]
  ignore line: []
  ignore line: [GGC heuristics: --param ggc-min-expand=100 --param ggc-min-heapsize=131072]
  ignore line: [ignoring duplicate directory "/home/vietnq/.espressif/tools/xtensa-esp-elf/esp-14.2.0_20260121/xtensa-esp-elf/bin/../lib/gcc/../../lib/gcc/xtensa-esp-elf/14.2.0/include"]
  ignore line: [ignoring nonexistent directory "/home/vietnq/.espressif/tools/xtensa-esp-elf/esp-14.2.0_20260121/xtensa-esp-elf/bin/../xtensa-esp-elf/builds/idf/crosstool-NG/builds/xtensa-esp-elf/xtensa-esp-elf/include"]
  ignore line: [ignoring duplicate directory "/home/vietnq/.espressif/tools/xtensa-esp-elf/esp-14.2.0_20260121/xtensa-esp-elf/bin/../lib/gcc/../../lib/gcc/xtensa-esp-elf/14.2.0/include-fixed"]
  ignore line: [ignoring duplicate directory "/home/vietnq/.espressif/tools/xtensa-esp-elf/esp-14.2.0_20260121/xtensa-esp-elf/bin/../lib/gcc/../../lib/gcc/xtensa-esp-elf/14.2.0/../../../../xtensa-esp-elf/include"]
  ignore line: [ignoring duplicate directory "/home/vietnq/.espressif/tools/xtensa-esp-elf/esp-14.2.0_20260121/xtensa-esp-elf/bin/../xtensa-esp-elf/include"]
  ignore line: [#include "..." search starts here:]
  ignore line: [#include <...> search starts here:]
  ignore line: [ /home/vietnq/.espressif/tools/xtensa-esp-elf/esp-14.2.0_20260121/xtensa-esp-elf/bin/../lib/gcc/xtensa-esp-elf/14.2.0/include]
  ignore line: [ /home/vietnq/.espressif/tools/xtensa-esp-elf/esp-14.2.0_20260121/xtensa-esp-elf/bin/../lib/gcc/xtensa-esp-elf/14.2.0/include-fixed]
  ignore line: [ /home/vietnq/.espressif/tools/xtensa-esp-elf/esp-14.2.0_20260121/xtensa-esp-elf/bin/../lib/gcc/xtensa-esp-elf/14.2.0/../../../../xtensa-esp-elf/include]
  ignore line: [End of search list.]
  ignore line: [Compiler executable checksum: 709abf7e99d4c633116df3b91860509f]
  ignore line: [COLLECT_GCC_OPTIONS='-mdynconfig=xtensa_esp32.so' '-v' '-o' 'CMakeFiles/cmTC_1eab5.dir/CMakeCCompilerABI.c.obj' '-c' '-dumpdir' 'CMakeFiles/cmTC_1eab5.dir/']
  ignore line: [ /home/vietnq/.espressif/tools/xtensa-esp-elf/esp-14.2.0_20260121/xtensa-esp-elf/bin/../lib/gcc/xtensa-esp-elf/14.2.0/../../../../xtensa-esp-elf/bin/as --traditional-format --dynconfig=xtensa_esp32.so -o CMakeFiles/cmTC_1eab5.dir/CMakeCCompilerABI.c.obj /tmp/ccsfJmBT.s]
  ignore line: [COMPILER_PATH=/home/vietnq/.espressif/tools/xtensa-esp-elf/esp-14.2.0_20260121/xtensa-esp-elf/bin/../libexec/gcc/xtensa-esp-elf/14.2.0/:/home/vietnq/.espressif/tools/xtensa-esp-elf/esp-14.2.0_20260121/xtensa-esp-elf/bin/../libexec/gcc/:/home/vietnq/.espressif/tools/xtensa-esp-elf/esp-14.2.0_20260121/xtensa-esp-elf/bin/../lib/gcc/xtensa-esp-elf/14.2.0/../../../../xtensa-esp-elf/bin/]
  ignore line: [LIBRARY_PATH=/home/vietnq/.espressif/tools/xtensa-esp-elf/esp-14.2.0_20260121/xtensa-esp-elf/bin/../lib/gcc/xtensa-esp-elf/14.2.0/esp32/:/home/vietnq/.espressif/tools/xtensa-esp-elf/esp-14.2.0_20260121/xtensa-esp-elf/bin/../lib/gcc/xtensa-esp-elf/14.2.0/../../../../xtensa-esp-elf/lib/esp32/:/home/vietnq/.espressif/tools/xtensa-esp-elf/esp-14.2.0_20260121/xtensa-esp-elf/bin/../xtensa-esp-elf/lib/esp32/:/home/vietnq/.espressif/tools/xtensa-esp-elf/esp-14.2.0_20260121/xtensa-esp-elf/bin/../lib/gcc/xtensa-esp-elf/14.2.0/:/home/vietnq/.espressif/tools/xtensa-esp-elf/esp-14.2.0_20260121/xtensa-esp-elf/bin/../lib/gcc/:/home/vietnq/.espressif/tools/xtensa-esp-elf/esp-14.2.0_20260121/xtensa-esp-elf/bin/../lib/gcc/xtensa-esp-elf/14.2.0/../../../../xtensa-esp-elf/lib/:/home/vietnq/.espressif/tools/xtensa-esp-elf/esp-14.2.0_20260121/xtensa-esp-elf/bin/../xtensa-esp-elf/lib/:/home/vietnq/.espressif/tools/xtensa-esp-elf/esp-14.2.0_20260121/xtensa-esp-elf/bin/../xtensa-esp-elf/usr/lib/]
  ignore line: [COLLECT_GCC_OPTIONS='-mdynconfig=xtensa_esp32.so' '-v' '-o' 'CMakeFiles/cmTC_1eab5.dir/CMakeCCompilerABI.c.obj' '-c' '-dumpdir' 'CMakeFiles/cmTC_1eab5.dir/CMakeCCompilerABI.c.']
  ignore line: [[2/2] Linking C executable cmTC_1eab5]
  ignore line: [Using built-in specs.]
  ignore line: [COLLECT_GCC=/home/vietnq/.espressif/tools/xtensa-esp-elf/esp-14.2.0_20260121/xtensa-esp-elf/bin/xtensa-esp-elf-gcc]
  ignore line: [COLLECT_LTO_WRAPPER=/home/vietnq/.espressif/tools/xtensa-esp-elf/esp-14.2.0_20260121/xtensa-esp-elf/bin/../libexec/gcc/xtensa-esp-elf/14.2.0/lto-wrapper]
  ignore line: [Target: xtensa-esp-elf]
  ignore line: [Configured with: /builds/idf/crosstool-NG/.build/xtensa-esp-elf/src/gcc/configure --build=x86_64-build_pc-linux-gnu --host=x86_64-build_pc-linux-gnu --target=xtensa-esp-elf --prefix=/builds/idf/crosstool-NG/builds/xtensa-esp-elf --exec_prefix=/builds/idf/crosstool-NG/builds/xtensa-esp-elf --with-local-prefix=/builds/idf/crosstool-NG/builds/xtensa-esp-elf/xtensa-esp-elf --with-sysroot=/builds/idf/crosstool-NG/builds/xtensa-esp-elf/xtensa-esp-elf --with-native-system-header-dir=/include --with-headers=/builds/idf/crosstool-NG/builds/xtensa-esp-elf/xtensa-esp-elf/include --with-newlib --enable-threads=no --disable-shared --with-pkgversion='crosstool-NG esp-14.2.0_20260121' --disable-__cxa_atexit --enable-cxx-flags='-ffunction-sections -fdata-sections' --disable-libgomp --disable-libmudflap --disable-libmpx --disable-libssp --disable-libquadmath --disable-libquadmath-support --disable-libstdcxx-verbose --with-gmp=/builds/idf/crosstool-NG/.build/xtensa-esp-elf/buildtools --with-mpfr=/builds/idf/crosstool-NG/.build/xtensa-esp-elf/buildtools --with-mpc=/builds/idf/crosstool-NG/.build/xtensa-esp-elf/buildtools --with-isl=/builds/idf/crosstool-NG/.build/xtensa-esp-elf/buildtools --enable-lto --enable-target-optspace --without-long-double-128 --enable-plugin --disable-nls --enable-multiarch --enable-languages=c c++ --disable-libstdcxx-verbose --enable-threads=posix --enable-libstdcxx-time=yes --disable-win32-utf8-manifest]
  ignore line: [Thread model: posix]
  ignore line: [Supported LTO compression algorithms: zlib zstd]
  ignore line: [gcc version 14.2.0 (crosstool-NG esp-14.2.0_20260121) ]
  ignore line: [COMPILER_PATH=/home/vietnq/.espressif/tools/xtensa-esp-elf/esp-14.2.0_20260121/xtensa-esp-elf/bin/../libexec/gcc/xtensa-esp-elf/14.2.0/:/home/vietnq/.espressif/tools/xtensa-esp-elf/esp-14.2.0_20260121/xtensa-esp-elf/bin/../libexec/gcc/:/home/vietnq/.espressif/tools/xtensa-esp-elf/esp-14.2.0_20260121/xtensa-esp-elf/bin/../lib/gcc/xtensa-esp-elf/14.2.0/../../../../xtensa-esp-elf/bin/]
  ignore line: [LIBRARY_PATH=/home/vietnq/.espressif/tools/xtensa-esp-elf/esp-14.2.0_20260121/xtensa-esp-elf/bin/../lib/gcc/xtensa-esp-elf/14.2.0/esp32/:/home/vietnq/.espressif/tools/xtensa-esp-elf/esp-14.2.0_20260121/xtensa-esp-elf/bin/../lib/gcc/xtensa-esp-elf/14.2.0/../../../../xtensa-esp-elf/lib/esp32/:/home/vietnq/.espressif/tools/xtensa-esp-elf/esp-14.2.0_20260121/xtensa-esp-elf/bin/../xtensa-esp-elf/lib/esp32/:/home/vietnq/.espressif/tools/xtensa-esp-elf/esp-14.2.0_20260121/xtensa-esp-elf/bin/../lib/gcc/xtensa-esp-elf/14.2.0/:/home/vietnq/.espressif/tools/xtensa-esp-elf/esp-14.2.0_20260121/xtensa-esp-elf/bin/../lib/gcc/:/home/vietnq/.espressif/tools/xtensa-esp-elf/esp-14.2.0_20260121/xtensa-esp-elf/bin/../lib/gcc/xtensa-esp-elf/14.2.0/../../../../xtensa-esp-elf/lib/:/home/vietnq/.espressif/tools/xtensa-esp-elf/esp-14.2.0_20260121/xtensa-esp-elf/bin/../xtensa-esp-elf/lib/:/home/vietnq/.espressif/tools/xtensa-esp-elf/esp-14.2.0_20260121/xtensa-esp-elf/bin/../xtensa-esp-elf/usr/lib/]
  ignore line: [COLLECT_GCC_OPTIONS='-mdynconfig=xtensa_esp32.so' '-v' '-o' 'cmTC_1eab5' '-dumpdir' 'cmTC_1eab5.']
  link line: [ /home/vietnq/.espressif/tools/xtensa-esp-elf/esp-14.2.0_20260121/xtensa-esp-elf/bin/../libexec/gcc/xtensa-esp-elf/14.2.0/collect2 -plugin /home/vietnq/.espressif/tools/xtensa-esp-elf/esp-14.2.0_20260121/xtensa-esp-elf/bin/../libexec/gcc/xtensa-esp-elf/14.2.0/liblto_plugin.so -plugin-opt=/home/vietnq/.espressif/tools/xtensa-esp-elf/esp-14.2.0_20260121/xtensa-esp-elf/bin/../libexec/gcc/xtensa-esp-elf/14.2.0/lto-wrapper -plugin-opt=-fresolution=/tmp/ccCUb14B.res -plugin-opt=-pass-through=-lgcc -plugin-opt=-pass-through=-lc -plugin-opt=-pass-through=-lnosys -plugin-opt=-pass-through=-lc -plugin-opt=-pass-through=-lgcc --sysroot=/home/vietnq/.espressif/tools/xtensa-esp-elf/esp-14.2.0_20260121/xtensa-esp-elf/bin/../xtensa-esp-elf --dynconfig=xtensa_esp32.so -o cmTC_1eab5 /home/vietnq/.espressif/tools/xtensa-esp-elf/esp-14.2.0_20260121/xtensa-esp-elf/bin/../lib/gcc/xtensa-esp-elf/14.2.0/../../../../xtensa-esp-elf/lib/esp32/crt0.o /home/vietnq/.espressif/tools/xtensa-esp-elf/esp-14.2.0_20260121/xtensa-esp-elf/bin/../lib/gcc/xtensa-esp-elf/14.2.0/esp32/crti.o /home/vietnq/.espressif/tools/xtensa-esp-elf/esp-14.2.0_20260121/xtensa-esp-elf/bin/../lib/gcc/xtensa-esp-elf/14.2.0/esp32/crtbegin.o -L/home/vietnq/.espressif/tools/xtensa-esp-elf/esp-14.2.0_20260121/xtensa-esp-elf/bin/../lib/gcc/xtensa-esp-elf/14.2.0/esp32 -L/home/vietnq/.espressif/tools/xtensa-esp-elf/esp-14.2.0_20260121/xtensa-esp-elf/bin/../lib/gcc/xtensa-esp-elf/14.2.0/../../../../xtensa-esp-elf/lib/esp32 -L/home/vietnq/.espressif/tools/xtensa-esp-elf/esp-14.2.0_20260121/xtensa-esp-elf/bin/../xtensa-esp-elf/lib/esp32 -L/home/vietnq/.espressif/tools/xtensa-esp-elf/esp-14.2.0_20260121/xtensa-esp-elf/bin/../lib/gcc/xtensa-esp-elf/14.2.0 -L/home/vietnq/.espressif/tools/xtensa-esp-elf/esp-14.2.0_20260121/xtensa-esp-elf/bin/../lib/gcc -L/home/vietnq/.espressif/tools/xtensa-esp-elf/esp-14.2.0_20260121/xtensa-esp-elf/bin/../lib/gcc/xtensa-esp-elf/14.2.0/../../../../xtensa-esp-elf/lib -L/home/vietnq/.espressif/tools/xtensa-esp-elf/esp-14.2.0_20260121/xtensa-esp-elf/bin/../xtensa-esp-elf/lib -L/home/vietnq/.espressif/tools/xtensa-esp-elf/esp-14.2.0_20260121/xtensa-esp-elf/bin/../xtensa-esp-elf/usr/lib @/tmp/ccLa2yNt -lgcc -lc -lnosys -lc -lgcc /home/vietnq/.espressif/tools/xtensa-esp-elf/esp-14.2.0_20260121/xtensa-esp-elf/bin/../lib/gcc/xtensa-esp-elf/14.2.0/esp32/crtend.o /home/vietnq/.espressif/tools/xtensa-esp-elf/esp-14.2.0_20260121/xtensa-esp-elf/bin/../lib/gcc/xtensa-esp-elf/14.2.0/esp32/crtn.o]
    arg [/home/vietnq/.espressif/tools/xtensa-esp-elf/esp-14.2.0_20260121/xtensa-esp-elf/bin/../libexec/gcc/xtensa-esp-elf/14.2.0/collect2] ==> ignore
    arg [-plugin] ==> ignore
    arg [/home/vietnq/.espressif/tools/xtensa-esp-elf/esp-14.2.0_20260121/xtensa-esp-elf/bin/../libexec/gcc/xtensa-esp-elf/14.2.0/liblto_plugin.so] ==> ignore
    arg [-plugin-opt=/home/vietnq/.espressif/tools/xtensa-esp-elf/esp-14.2.0_20260121/xtensa-esp-elf/bin/../libexec/gcc/xtensa-esp-elf/14.2.0/lto-wrapper] ==> ignore
    arg [-plugin-opt=-fresolution=/tmp/ccCUb14B.res] ==> ignore
    arg [-plugin-opt=-pass-through=-lgcc] ==> ignore
    arg [-plugin-opt=-pass-through=-lc] ==> ignore
    arg [-plugin-opt=-pass-through=-lnosys] ==> ignore
    arg [-plugin-opt=-pass-through=-lc] ==> ignore
    arg [-plugin-opt=-pass-through=-lgcc] ==> ignore
    arg [--sysroot=/home/vietnq/.espressif/tools/xtensa-esp-elf/esp-14.2.0_20260121/xtensa-esp-elf/bin/../xtensa-esp-elf] ==> ignore
    arg [--dynconfig=xtensa_esp32.so] ==> ignore
    arg [-o] ==> ignore
    arg [cmTC_1eab5] ==> ignore
    arg [/home/vietnq/.espressif/tools/xtensa-esp-elf/esp-14.2.0_20260121/xtensa-esp-elf/bin/../lib/gcc/xtensa-esp-elf/14.2.0/../../../../xtensa-esp-elf/lib/esp32/crt0.o] ==> obj [/home/vietnq/.espressif/tools/xtensa-esp-elf/esp-14.2.0_20260121/xtensa-esp-elf/bin/../lib/gcc/xtensa-esp-elf/14.2.0/../../../../xtensa-esp-elf/lib/esp32/crt0.o]
    arg [/home/vietnq/.espressif/tools/xtensa-esp-elf/esp-14.2.0_20260121/xtensa-esp-elf/bin/../lib/gcc/xtensa-esp-elf/14.2.0/esp32/crti.o] ==> obj [/home/vietnq/.espressif/tools/xtensa-esp-elf/esp-14.2.0_20260121/xtensa-esp-elf/bin/../lib/gcc/xtensa-esp-elf/14.2.0/esp32/crti.o]
    arg [/home/vietnq/.espressif/tools/xtensa-esp-elf/esp-14.2.0_20260121/xtensa-esp-elf/bin/../lib/gcc/xtensa-esp-elf/14.2.0/esp32/crtbegin.o] ==> obj [/home/vietnq/.espressif/tools/xtensa-esp-elf/esp-14.2.0_20260121/xtensa-esp-elf/bin/../lib/gcc/xtensa-esp-elf/14.2.0/esp32/crtbegin.o]
    arg [-L/home/vietnq/.espressif/tools/xtensa-esp-elf/esp-14.2.0_20260121/xtensa-esp-elf/bin/../lib/gcc/xtensa-esp-elf/14.2.0/esp32] ==> dir [/home/vietnq/.espressif/tools/xtensa-esp-elf/esp-14.2.0_20260121/xtensa-esp-elf/bin/../lib/gcc/xtensa-esp-elf/14.2.0/esp32]
    arg [-L/home/vietnq/.espressif/tools/xtensa-esp-elf/esp-14.2.0_20260121/xtensa-esp-elf/bin/../lib/gcc/xtensa-esp-elf/14.2.0/../../../../xtensa-esp-elf/lib/esp32] ==> dir [/home/vietnq/.espressif/tools/xtensa-esp-elf/esp-14.2.0_20260121/xtensa-esp-elf/bin/../lib/gcc/xtensa-esp-elf/14.2.0/../../../../xtensa-esp-elf/lib/esp32]
    arg [-L/home/vietnq/.espressif/tools/xtensa-esp-elf/esp-14.2.0_20260121/xtensa-esp-elf/bin/../xtensa-esp-elf/lib/esp32] ==> dir [/home/vietnq/.espressif/tools/xtensa-esp-elf/esp-14.2.0_20260121/xtensa-esp-elf/bin/../xtensa-esp-elf/lib/esp32]
    arg [-L/home/vietnq/.espressif/tools/xtensa-esp-elf/esp-14.2.0_20260121/xtensa-esp-elf/bin/../lib/gcc/xtensa-esp-elf/14.2.0] ==> dir [/home/vietnq/.espressif/tools/xtensa-esp-elf/esp-14.2.0_20260121/xtensa-esp-elf/bin/../lib/gcc/xtensa-esp-elf/14.2.0]
    arg [-L/home/vietnq/.espressif/tools/xtensa-esp-elf/esp-14.2.0_20260121/xtensa-esp-elf/bin/../lib/gcc] ==> dir [/home/vietnq/.espressif/tools/xtensa-esp-elf/esp-14.2.0_20260121/xtensa-esp-elf/bin/../lib/gcc]
    arg [-L/home/vietnq/.espressif/tools/xtensa-esp-elf/esp-14.2.0_20260121/xtensa-esp-elf/bin/../lib/gcc/xtensa-esp-elf/14.2.0/../../../../xtensa-esp-elf/lib] ==> dir [/home/vietnq/.espressif/tools/xtensa-esp-elf/esp-14.2.0_20260121/xtensa-esp-elf/bin/../lib/gcc/xtensa-esp-elf/14.2.0/../../../../xtensa-esp-elf/lib]
    arg [-L/home/vietnq/.espressif/tools/xtensa-esp-elf/esp-14.2.0_20260121/xtensa-esp-elf/bin/../xtensa-esp-elf/lib] ==> dir [/home/vietnq/.espressif/tools/xtensa-esp-elf/esp-14.2.0_20260121/xtensa-esp-elf/bin/../xtensa-esp-elf/lib]
    arg [-L/home/vietnq/.espressif/tools/xtensa-esp-elf/esp-14.2.0_20260121/xtensa-esp-elf/bin/../xtensa-esp-elf/usr/lib] ==> dir [/home/vietnq/.espressif/tools/xtensa-esp-elf/esp-14.2.0_20260121/xtensa-esp-elf/bin/../xtensa-esp-elf/usr/lib]
    arg [@/tmp/ccLa2yNt] ==> ignore
    arg [-lgcc] ==> lib [gcc]
    arg [-lc] ==> lib [c]
    arg [-lnosys] ==> lib [nosys]
    arg [-lc] ==> lib [c]
    arg [-lgcc] ==> lib [gcc]
    arg [/home/vietnq/.espressif/tools/xtensa-esp-elf/esp-14.2.0_20260121/xtensa-esp-elf/bin/../lib/gcc/xtensa-esp-elf/14.2.0/esp32/crtend.o] ==> obj [/home/vietnq/.espressif/tools/xtensa-esp-elf/esp-14.2.0_20260121/xtensa-esp-elf/bin/../lib/gcc/xtensa-esp-elf/14.2.0/esp32/crtend.o]
    arg [/home/vietnq/.espressif/tools/xtensa-esp-elf/esp-14.2.0_20260121/xtensa-esp-elf/bin/../lib/gcc/xtensa-esp-elf/14.2.0/esp32/crtn.o] ==> obj [/home/vietnq/.espressif/tools/xtensa-esp-elf/esp-14.2.0_20260121/xtensa-esp-elf/bin/../lib/gcc/xtensa-esp-elf/14.2.0/esp32/crtn.o]
  collapse obj [/home/vietnq/.espressif/tools/xtensa-esp-elf/esp-14.2.0_20260121/xtensa-esp-elf/bin/../lib/gcc/xtensa-esp-elf/14.2.0/../../../../xtensa-esp-elf/lib/esp32/crt0.o] ==> [/home/vietnq/.espressif/tools/xtensa-esp-elf/esp-14.2.0_20260121/xtensa-esp-elf/xtensa-esp-elf/lib/esp32/crt0.o]
  collapse obj [/home/vietnq/.espressif/tools/xtensa-esp-elf/esp-14.2.0_20260121/xtensa-esp-elf/bin/../lib/gcc/xtensa-esp-elf/14.2.0/esp32/crti.o] ==> [/home/vietnq/.espressif/tools/xtensa-esp-elf/esp-14.2.0_20260121/xtensa-esp-elf/lib/gcc/xtensa-esp-elf/14.2.0/esp32/crti.o]
  collapse obj [/home/vietnq/.espressif/tools/xtensa-esp-elf/esp-14.2.0_20260121/xtensa-esp-elf/bin/../lib/gcc/xtensa-esp-elf/14.2.0/esp32/crtbegin.o] ==> [/home/vietnq/.espressif/tools/xtensa-esp-elf/esp-14.2.0_20260121/xtensa-esp-elf/lib/gcc/xtensa-esp-elf/14.2.0/esp32/crtbegin.o]
  collapse obj [/home/vietnq/.espressif/tools/xtensa-esp-elf/esp-14.2.0_20260121/xtensa-esp-elf/bin/../lib/gcc/xtensa-esp-elf/14.2.0/esp32/crtend.o] ==> [/home/vietnq/.espressif/tools/xtensa-esp-elf/esp-14.2.0_20260121/xtensa-esp-elf/lib/gcc/xtensa-esp-elf/14.2.0/esp32/crtend.o]
  collapse obj [/home/vietnq/.espressif/tools/xtensa-esp-elf/esp-14.2.0_20260121/xtensa-esp-elf/bin/../lib/gcc/xtensa-esp-elf/14.2.0/esp32/crtn.o] ==> [/home/vietnq/.espressif/tools/xtensa-esp-elf/esp-14.2.0_20260121/xtensa-esp-elf/lib/gcc/xtensa-esp-elf/14.2.0/esp32/crtn.o]
  collapse library dir [/home/vietnq/.espressif/tools/xtensa-esp-elf/esp-14.2.0_20260121/xtensa-esp-elf/bin/../lib/gcc/xtensa-esp-elf/14.2.0/esp32] ==> [/home/vietnq/.espressif/tools/xtensa-esp-elf/esp-14.2.0_20260121/xtensa-esp-elf/lib/gcc/xtensa-esp-elf/14.2.0/esp32]
  collapse library dir [/home/vietnq/.espressif/tools/xtensa-esp-elf/esp-14.2.0_20260121/xtensa-esp-elf/bin/../lib/gcc/xtensa-esp-elf/14.2.0/../../../../xtensa-esp-elf/lib/esp32] ==> [/home/vietnq/.espressif/tools/xtensa-esp-elf/esp-14.2.0_20260121/xtensa-esp-elf/xtensa-esp-elf/lib/esp32]
  collapse library dir [/home/vietnq/.espressif/tools/xtensa-esp-elf/esp-14.2.0_20260121/xtensa-esp-elf/bin/../xtensa-esp-elf/lib/esp32] ==> [/home/vietnq/.espressif/tools/xtensa-esp-elf/esp-14.2.0_20260121/xtensa-esp-elf/xtensa-esp-elf/lib/esp32]
  collapse library dir [/home/vietnq/.espressif/tools/xtensa-esp-elf/esp-14.2.0_20260121/xtensa-esp-elf/bin/../lib/gcc/xtensa-esp-elf/14.2.0] ==> [/home/vietnq/.espressif/tools/xtensa-esp-elf/esp-14.2.0_20260121/xtensa-esp-elf/lib/gcc/xtensa-esp-elf/14.2.0]
  collapse library dir [/home/vietnq/.espressif/tools/xtensa-esp-elf/esp-14.2.0_20260121/xtensa-esp-elf/bin/../lib/gcc] ==> [/home/vietnq/.espressif/tools/xtensa-esp-elf/esp-14.2.0_20260121/xtensa-esp-elf/lib/gcc]
  collapse library dir [/home/vietnq/.espressif/tools/xtensa-esp-elf/esp-14.2.0_20260121/xtensa-esp-elf/bin/../lib/gcc/xtensa-esp-elf/14.2.0/../../../../xtensa-esp-elf/lib] ==> [/home/vietnq/.espressif/tools/xtensa-esp-elf/esp-14.2.0_20260121/xtensa-esp-elf/xtensa-esp-elf/lib]
  collapse library dir [/home/vietnq/.espressif/tools/xtensa-esp-elf/esp-14.2.0_20260121/xtensa-esp-elf/bin/../xtensa-esp-elf/lib] ==> [/home/vietnq/.espressif/tools/xtensa-esp-elf/esp-14.2.0_20260121/xtensa-esp-elf/xtensa-esp-elf/lib]
  collapse library dir [/home/vietnq/.espressif/tools/xtensa-esp-elf/esp-14.2.0_20260121/xtensa-esp-elf/bin/../xtensa-esp-elf/usr/lib] ==> [/home/vietnq/.espressif/tools/xtensa-esp-elf/esp-14.2.0_20260121/xtensa-esp-elf/xtensa-esp-elf/usr/lib]
  implicit libs: [gcc;c;nosys;c;gcc]
  implicit objs: [/home/vietnq/.espressif/tools/xtensa-esp-elf/esp-14.2.0_20260121/xtensa-esp-elf/xtensa-esp-elf/lib/esp32/crt0.o;/home/vietnq/.espressif/tools/xtensa-esp-elf/esp-14.2.0_20260121/xtensa-esp-elf/lib/gcc/xtensa-esp-elf/14.2.0/esp32/crti.o;/home/vietnq/.espressif/tools/xtensa-esp-elf/esp-14.2.0_20260121/xtensa-esp-elf/lib/gcc/xtensa-esp-elf/14.2.0/esp32/crtbegin.o;/home/vietnq/.espressif/tools/xtensa-esp-elf/esp-14.2.0_20260121/xtensa-esp-elf/lib/gcc/xtensa-esp-elf/14.2.0/esp32/crtend.o;/home/vietnq/.espressif/tools/xtensa-esp-elf/esp-14.2.0_20260121/xtensa-esp-elf/lib/gcc/xtensa-esp-elf/14.2.0/esp32/crtn.o]
  implicit dirs: [/home/vietnq/.espressif/tools/xtensa-esp-elf/esp-14.2.0_20260121/xtensa-esp-elf/lib/gcc/xtensa-esp-elf/14.2.0/esp32;/home/vietnq/.espressif/tools/xtensa-esp-elf/esp-14.2.0_20260121/xtensa-esp-elf/xtensa-esp-elf/lib/esp32;/home/vietnq/.espressif/tools/xtensa-esp-elf/esp-14.2.0_20260121/xtensa-esp-elf/lib/gcc/xtensa-esp-elf/14.2.0;/home/vietnq/.espressif/tools/xtensa-esp-elf/esp-14.2.0_20260121/xtensa-esp-elf/lib/gcc;/home/vietnq/.espressif/tools/xtensa-esp-elf/esp-14.2.0_20260121/xtensa-esp-elf/xtensa-esp-elf/lib;/home/vietnq/.espressif/tools/xtensa-esp-elf/esp-14.2.0_20260121/xtensa-esp-elf/xtensa-esp-elf/usr/lib]
  implicit fwks: []


Detecting CXX compiler ABI info compiled with the following output:
Change Dir: /home/vietnq/esp/ota/build/bootloader/CMakeFiles/CMakeTmp

Run Build Command(s):/usr/bin/ninja cmTC_6b0f7 && [1/2] Building CXX object CMakeFiles/cmTC_6b0f7.dir/CMakeCXXCompilerABI.cpp.obj
Using built-in specs.
COLLECT_GCC=/home/vietnq/.espressif/tools/xtensa-esp-elf/esp-14.2.0_20260121/xtensa-esp-elf/bin/xtensa-esp-elf-g++
Target: xtensa-esp-elf
Configured with: /builds/idf/crosstool-NG/.build/xtensa-esp-elf/src/gcc/configure --build=x86_64-build_pc-linux-gnu --host=x86_64-build_pc-linux-gnu --target=xtensa-esp-elf --prefix=/builds/idf/crosstool-NG/builds/xtensa-esp-elf --exec_prefix=/builds/idf/crosstool-NG/builds/xtensa-esp-elf --with-local-prefix=/builds/idf/crosstool-NG/builds/xtensa-esp-elf/xtensa-esp-elf --with-sysroot=/builds/idf/crosstool-NG/builds/xtensa-esp-elf/xtensa-esp-elf --with-native-system-header-dir=/include --with-headers=/builds/idf/crosstool-NG/builds/xtensa-esp-elf/xtensa-esp-elf/include --with-newlib --enable-threads=no --disable-shared --with-pkgversion='crosstool-NG esp-14.2.0_20260121' --disable-__cxa_atexit --enable-cxx-flags='-ffunction-sections -fdata-sections' --disable-libgomp --disable-libmudflap --disable-libmpx --disable-libssp --disable-libquadmath --disable-libquadmath-support --disable-libstdcxx-verbose --with-gmp=/builds/idf/crosstool-NG/.build/xtensa-esp-elf/buildtools --with-mpfr=/builds/idf/crosstool-NG/.build/xtensa-esp-elf/buildtools --with-mpc=/builds/idf/crosstool-NG/.build/xtensa-esp-elf/buildtools --with-isl=/builds/idf/crosstool-NG/.build/xtensa-esp-elf/buildtools --enable-lto --enable-target-optspace --without-long-double-128 --enable-plugin --disable-nls --enable-multiarch --enable-languages=c,c++ --disable-libstdcxx-verbose --enable-threads=posix --enable-libstdcxx-time=yes --disable-win32-utf8-manifest
Thread model: posix
Supported LTO compression algorithms: zlib zstd
gcc version 14.2.0 (crosstool-NG esp-14.2.0_20260121) 
COLLECT_GCC_OPTIONS='-mdynconfig=xtensa_esp32.so' '-v' '-o' 'CMakeFiles/cmTC_6b0f7.dir/CMakeCXXCompilerABI.cpp.obj' '-c' '-dumpdir' 'CMakeFiles/cmTC_6b0f7.dir/'
 /home/vietnq/.espressif/tools/xtensa-esp-elf/esp-14.2.0_20260121/xtensa-esp-elf/bin/../libexec/gcc/xtensa-esp-elf/14.2.0/cc1plus -quiet -v -imultilib esp32 -iprefix /home/vietnq/.espressif/tools/xtensa-esp-elf/esp-14.2.0_20260121/xtensa-esp-elf/bin/../lib/gcc/xtensa-esp-elf/14.2.0/ -isysroot /home/vietnq/.espressif/tools/xtensa-esp-elf/esp-14.2.0_20260121/xtensa-esp-elf/bin/../xtensa-esp-elf /usr/share/cmake-3.22/Modules/CMakeCXXCompilerABI.cpp -quiet -dumpdir CMakeFiles/cmTC_6b0f7.dir/ -dumpbase CMakeCXXCompilerABI.cpp.cpp -dumpbase-ext .cpp -mdynconfig=xtensa_esp32.so -version -o /tmp/ccoM0U3y.s
GNU C++17 (crosstool-NG esp-14.2.0_20260121) version 14.2.0 (xtensa-esp-elf)
	compiled by GNU C version 6.3.0, GMP version 6.3.0, MPFR version 4.2.1, MPC version 1.3.1, isl version isl-0.26-GMP

GGC heuristics: --param ggc-min-expand=100 --param ggc-min-heapsize=131072
ignoring duplicate directory "/home/vietnq/.espressif/tools/xtensa-esp-elf/esp-14.2.0_20260121/xtensa-esp-elf/bin/../lib/gcc/../../lib/gcc/xtensa-esp-elf/14.2.0/../../../../xtensa-esp-elf/include/c++/14.2.0"
ignoring duplicate directory "/home/vietnq/.espressif/tools/xtensa-esp-elf/esp-14.2.0_20260121/xtensa-esp-elf/bin/../lib/gcc/../../lib/gcc/xtensa-esp-elf/14.2.0/../../../../xtensa-esp-elf/include/c++/14.2.0/xtensa-esp-elf/esp32"
ignoring duplicate directory "/home/vietnq/.espressif/tools/xtensa-esp-elf/esp-14.2.0_20260121/xtensa-esp-elf/bin/../lib/gcc/../../lib/gcc/xtensa-esp-elf/14.2.0/../../../../xtensa-esp-elf/include/c++/14.2.0/backward"
ignoring duplicate directory "/home/vietnq/.espressif/tools/xtensa-esp-elf/esp-14.2.0_20260121/xtensa-esp-elf/bin/../lib/gcc/../../lib/gcc/xtensa-esp-elf/14.2.0/include"
ignoring nonexistent directory "/home/vietnq/.espressif/tools/xtensa-esp-elf/esp-14.2.0_20260121/xtensa-esp-elf/bin/../xtensa-esp-elf/builds/idf/crosstool-NG/builds/xtensa-esp-elf/xtensa-esp-elf/include"
ignoring duplicate directory "/home/vietnq/.espressif/tools/xtensa-esp-elf/esp-14.2.0_20260121/xtensa-esp-elf/bin/../lib/gcc/../../lib/gcc/xtensa-esp-elf/14.2.0/include-fixed"
ignoring duplicate directory "/home/vietnq/.espressif/tools/xtensa-esp-elf/esp-14.2.0_20260121/xtensa-esp-elf/bin/../lib/gcc/../../lib/gcc/xtensa-esp-elf/14.2.0/../../../../xtensa-esp-elf/include"
ignoring duplicate directory "/home/vietnq/.espressif/tools/xtensa-esp-elf/esp-14.2.0_20260121/xtensa-esp-elf/bin/../xtensa-esp-elf/include"
#include "..." search starts here:
#include <...> search starts here:
 /home/vietnq/.espressif/tools/xtensa-esp-elf/esp-14.2.0_20260121/xtensa-esp-elf/bin/../lib/gcc/xtensa-esp-elf/14.2.0/../../../../xtensa-esp-elf/include/c++/14.2.0
 /home/vietnq/.espressif/tools/xtensa-esp-elf/esp-14.2.0_20260121/xtensa-esp-elf/bin/../lib/gcc/xtensa-esp-elf/14.2.0/../../../../xtensa-esp-elf/include/c++/14.2.0/xtensa-esp-elf/esp32
 /home/vietnq/.espressif/tools/xtensa-esp-elf/esp-14.2.0_20260121/xtensa-esp-elf/bin/../lib/gcc/xtensa-esp-elf/14.2.0/../../../../xtensa-esp-elf/include/c++/14.2.0/backward
 /home/vietnq/.espressif/tools/xtensa-esp-elf/esp-14.2.0_20260121/xtensa-esp-elf/bin/../lib/gcc/xtensa-esp-elf/14.2.0/include
 /home/vietnq/.espressif/tools/xtensa-esp-elf/esp-14.2.0_20260121/xtensa-esp-elf/bin/../lib/gcc/xtensa-esp-elf/14.2.0/include-fixed
 /home/vietnq/.espressif/tools/xtensa-esp-elf/esp-14.2.0_20260121/xtensa-esp-elf/bin/../lib/gcc/xtensa-esp-elf/14.2.0/../../../../xtensa-esp-elf/include
End of search list.
Compiler executable checksum: a254981dd59757a59628c9ca49d36a87
COLLECT_GCC_OPTIONS='-mdynconfig=xtensa_esp32.so' '-v' '-o' 'CMakeFiles/cmTC_6b0f7.dir/CMakeCXXCompilerABI.cpp.obj' '-c' '-dumpdir' 'CMakeFiles/cmTC_6b0f7.dir/'
 /home/vietnq/.espressif/tools/xtensa-esp-elf/esp-14.2.0_20260121/xtensa-esp-elf/bin/../lib/gcc/xtensa-esp-elf/14.2.0/../../../../xtensa-esp-elf/bin/as --traditional-format --dynconfig=xtensa_esp32.so -o CMakeFiles/cmTC_6b0f7.dir/CMakeCXXCompilerABI.cpp.obj /tmp/ccoM0U3y.s
COMPILER_PATH=/home/vietnq/.espressif/tools/xtensa-esp-elf/esp-14.2.0_20260121/xtensa-esp-elf/bin/../libexec/gcc/xtensa-esp-elf/14.2.0/:/home/vietnq/.espressif/tools/xtensa-esp-elf/esp-14.2.0_20260121/xtensa-esp-elf/bin/../libexec/gcc/:/home/vietnq/.espressif/tools/xtensa-esp-elf/esp-14.2.0_20260121/xtensa-esp-elf/bin/../lib/gcc/xtensa-esp-elf/14.2.0/../../../../xtensa-esp-elf/bin/
LIBRARY_PATH=/home/vietnq/.espressif/tools/xtensa-esp-elf/esp-14.2.0_20260121/xtensa-esp-elf/bin/../lib/gcc/xtensa-esp-elf/14.2.0/esp32/:/home/vietnq/.espressif/tools/xtensa-esp-elf/esp-14.2.0_20260121/xtensa-esp-elf/bin/../lib/gcc/xtensa-esp-elf/14.2.0/../../../../xtensa-esp-elf/lib/esp32/:/home/vietnq/.espressif/tools/xtensa-esp-elf/esp-14.2.0_20260121/xtensa-esp-elf/bin/../xtensa-esp-elf/lib/esp32/:/home/vietnq/.espressif/tools/xtensa-esp-elf/esp-14.2.0_20260121/xtensa-esp-elf/bin/../lib/gcc/xtensa-esp-elf/14.2.0/:/home/vietnq/.espressif/tools/xtensa-esp-elf/esp-14.2.0_20260121/xtensa-esp-elf/bin/../lib/gcc/:/home/vietnq/.espressif/tools/xtensa-esp-elf/esp-14.2.0_20260121/xtensa-esp-elf/bin/../lib/gcc/xtensa-esp-elf/14.2.0/../../../../xtensa-esp-elf/lib/:/home/vietnq/.espressif/tools/xtensa-esp-elf/esp-14.2.0_20260121/xtensa-esp-elf/bin/../xtensa-esp-elf/lib/:/home/vietnq/.espressif/tools/xtensa-esp-elf/esp-14.2.0_20260121/xtensa-esp-elf/bin/../xtensa-esp-elf/usr/lib/
COLLECT_GCC_OPTIONS='-mdynconfig=xtensa_esp32.so' '-v' '-o' 'CMakeFiles/cmTC_6b0f7.dir/CMakeCXXCompilerABI.cpp.obj' '-c' '-dumpdir' 'CMakeFiles/cmTC_6b0f7.dir/CMakeCXXCompilerABI.cpp.'
[2/2] Linking CXX executable cmTC_6b0f7
Using built-in specs.
COLLECT_GCC=/home/vietnq/.espressif/tools/xtensa-esp-elf/esp-14.2.0_20260121/xtensa-esp-elf/bin/xtensa-esp-elf-g++
COLLECT_LTO_WRAPPER=/home/vietnq/.espressif/tools/xtensa-esp-elf/esp-14.2.0_20260121/xtensa-esp-elf/bin/../libexec/gcc/xtensa-esp-elf/14.2.0/lto-wrapper
Target: xtensa-esp-elf
Configured with: /builds/idf/crosstool-NG/.build/xtensa-esp-elf/src/gcc/configure --build=x86_64-build_pc-linux-gnu --host=x86_64-build_pc-linux-gnu --target=xtensa-esp-elf --prefix=/builds/idf/crosstool-NG/builds/xtensa-esp-elf --exec_prefix=/builds/idf/crosstool-NG/builds/xtensa-esp-elf --with-local-prefix=/builds/idf/crosstool-NG/builds/xtensa-esp-elf/xtensa-esp-elf --with-sysroot=/builds/idf/crosstool-NG/builds/xtensa-esp-elf/xtensa-esp-elf --with-native-system-header-dir=/include --with-headers=/builds/idf/crosstool-NG/builds/xtensa-esp-elf/xtensa-esp-elf/include --with-newlib --enable-threads=no --disable-shared --with-pkgversion='crosstool-NG esp-14.2.0_20260121' --disable-__cxa_atexit --enable-cxx-flags='-ffunction-sections -fdata-sections' --disable-libgomp --disable-libmudflap --disable-libmpx --disable-libssp --disable-libquadmath --disable-libquadmath-support --disable-libstdcxx-verbose --with-gmp=/builds/idf/crosstool-NG/.build/xtensa-esp-elf/buildtools --with-mpfr=/builds/idf/crosstool-NG/.build/xtensa-esp-elf/buildtools --with-mpc=/builds/idf/crosstool-NG/.build/xtensa-esp-elf/buildtools --with-isl=/builds/idf/crosstool-NG/.build/xtensa-esp-elf/buildtools --enable-lto --enable-target-optspace --without-long-double-128 --enable-plugin --disable-nls --enable-multiarch --enable-languages=c,c++ --disable-libstdcxx-verbose --enable-threads=posix --enable-libstdcxx-time=yes --disable-win32-utf8-manifest
Thread model: posix
Supported LTO compression algorithms: zlib zstd
gcc version 14.2.0 (crosstool-NG esp-14.2.0_20260121) 
COMPILER_PATH=/home/vietnq/.espressif/tools/xtensa-esp-elf/esp-14.2.0_20260121/xtensa-esp-elf/bin/../libexec/gcc/xtensa-esp-elf/14.2.0/:/home/vietnq/.espressif/tools/xtensa-esp-elf/esp-14.2.0_20260121/xtensa-esp-elf/bin/../libexec/gcc/:/home/vietnq/.espressif/tools/xtensa-esp-elf/esp-14.2.0_20260121/xtensa-esp-elf/bin/../lib/gcc/xtensa-esp-elf/14.2.0/../../../../xtensa-esp-elf/bin/
LIBRARY_PATH=/home/vietnq/.espressif/tools/xtensa-esp-elf/esp-14.2.0_20260121/xtensa-esp-elf/bin/../lib/gcc/xtensa-esp-elf/14.2.0/esp32/:/home/vietnq/.espressif/tools/xtensa-esp-elf/esp-14.2.0_20260121/xtensa-esp-elf/bin/../lib/gcc/xtensa-esp-elf/14.2.0/../../../../xtensa-esp-elf/lib/esp32/:/home/vietnq/.espressif/tools/xtensa-esp-elf/esp-14.2.0_20260121/xtensa-esp-elf/bin/../xtensa-esp-elf/lib/esp32/:/home/vietnq/.espressif/tools/xtensa-esp-elf/esp-14.2.0_20260121/xtensa-esp-elf/bin/../lib/gcc/xtensa-esp-elf/14.2.0/:/home/vietnq/.espressif/tools/xtensa-esp-elf/esp-14.2.0_20260121/xtensa-esp-elf/bin/../lib/gcc/:/home/vietnq/.espressif/tools/xtensa-esp-elf/esp-14.2.0_20260121/xtensa-esp-elf/bin/../lib/gcc/xtensa-esp-elf/14.2.0/../../../../xtensa-esp-elf/lib/:/home/vietnq/.espressif/tools/xtensa-esp-elf/esp-14.2.0_20260121/xtensa-esp-elf/bin/../xtensa-esp-elf/lib/:/home/vietnq/.espressif/tools/xtensa-esp-elf/esp-14.2.0_20260121/xtensa-esp-elf/bin/../xtensa-esp-elf/usr/lib/
COLLECT_GCC_OPTIONS='-mdynconfig=xtensa_esp32.so' '-v' '-o' 'cmTC_6b0f7' '-dumpdir' 'cmTC_6b0f7.'
 /home/vietnq/.espressif/tools/xtensa-esp-elf/esp-14.2.0_20260121/xtensa-esp-elf/bin/../libexec/gcc/xtensa-esp-elf/14.2.0/collect2 -plugin /home/vietnq/.espressif/tools/xtensa-esp-elf/esp-14.2.0_20260121/xtensa-esp-elf/bin/../libexec/gcc/xtensa-esp-elf/14.2.0/liblto_plugin.so -plugin-opt=/home/vietnq/.espressif/tools/xtensa-esp-elf/esp-14.2.0_20260121/xtensa-esp-elf/bin/../libexec/gcc/xtensa-esp-elf/14.2.0/lto-wrapper -plugin-opt=-fresolution=/tmp/ccaS7p7f.res -plugin-opt=-pass-through=-lgcc -plugin-opt=-pass-through=-lc -plugin-opt=-pass-through=-lnosys -plugin-opt=-pass-through=-lc -plugin-opt=-pass-through=-lgcc --sysroot=/home/vietnq/.espressif/tools/xtensa-esp-elf/esp-14.2.0_20260121/xtensa-esp-elf/bin/../xtensa-esp-elf --dynconfig=xtensa_esp32.so -o cmTC_6b0f7 /home/vietnq/.espressif/tools/xtensa-esp-elf/esp-14.2.0_20260121/xtensa-esp-elf/bin/../lib/gcc/xtensa-esp-elf/14.2.0/../../../../xtensa-esp-elf/lib/esp32/crt0.o /home/vietnq/.espressif/tools/xtensa-esp-elf/esp-14.2.0_20260121/xtensa-esp-elf/bin/../lib/gcc/xtensa-esp-elf/14.2.0/esp32/crti.o /home/vietnq/.espressif/tools/xtensa-esp-elf/esp-14.2.0_20260121/xtensa-esp-elf/bin/../lib/gcc/xtensa-esp-elf/14.2.0/esp32/crtbegin.o -L/home/vietnq/.espressif/tools/xtensa-esp-elf/esp-14.2.0_20260121/xtensa-esp-elf/bin/../lib/gcc/xtensa-esp-elf/14.2.0/esp32 -L/home/vietnq/.espressif/tools/xtensa-esp-elf/esp-14.2.0_20260121/xtensa-esp-elf/bin/../lib/gcc/xtensa-esp-elf/14.2.0/../../../../xtensa-esp-elf/lib/esp32 -L/home/vietnq/.espressif/tools/xtensa-esp-elf/esp-14.2.0_20260121/xtensa-esp-elf/bin/../xtensa-esp-elf/lib/esp32 -L/home/vietnq/.espressif/tools/xtensa-esp-elf/esp-14.2.0_20260121/xtensa-esp-elf/bin/../lib/gcc/xtensa-esp-elf/14.2.0 -L/home/vietnq/.espressif/tools/xtensa-esp-elf/esp-14.2.0_20260121/xtensa-esp-elf/bin/../lib/gcc -L/home/vietnq/.espressif/tools/xtensa-esp-elf/esp-14.2.0_20260121/xtensa-esp-elf/bin/../lib/gcc/xtensa-esp-elf/14.2.0/../../../../xtensa-esp-elf/lib -L/home/vietnq/.espressif/tools/xtensa-esp-elf/esp-14.2.0_20260121/xtensa-esp-elf/bin/../xtensa-esp-elf/lib -L/home/vietnq/.espressif/tools/xtensa-esp-elf/esp-14.2.0_20260121/xtensa-esp-elf/bin/../xtensa-esp-elf/usr/lib @/tmp/cc2boZjV -lgcc -lc -lnosys -lc -lgcc /home/vietnq/.espressif/tools/xtensa-esp-elf/esp-14.2.0_20260121/xtensa-esp-elf/bin/../lib/gcc/xtensa-esp-elf/14.2.0/esp32/crtend.o /home/vietnq/.espressif/tools/xtensa-esp-elf/esp-14.2.0_20260121/xtensa-esp-elf/bin/../lib/gcc/xtensa-esp-elf/14.2.0/esp32/crtn.o
COLLECT_GCC_OPTIONS='-mdynconfig=xtensa_esp32.so' '-v' '-o' 'cmTC_6b0f7' '-dumpdir' 'cmTC_6b0f7.'



Parsed CXX implicit include dir info from above output: rv=done
  found start of include info
  found start of implicit include info
    add: [/home/vietnq/.espressif/tools/xtensa-esp-elf/esp-14.2.0_20260121/xtensa-esp-elf/bin/../lib/gcc/xtensa-esp-elf/14.2.0/../../../../xtensa-esp-elf/include/c++/14.2.0]
    add: [/home/vietnq/.espressif/tools/xtensa-esp-elf/esp-14.2.0_20260121/xtensa-esp-elf/bin/../lib/gcc/xtensa-esp-elf/14.2.0/../../../../xtensa-esp-elf/include/c++/14.2.0/xtensa-esp-elf/esp32]
    add: [/home/vietnq/.espressif/tools/xtensa-esp-elf/esp-14.2.0_20260121/xtensa-esp-elf/bin/../lib/gcc/xtensa-esp-elf/14.2.0/../../../../xtensa-esp-elf/include/c++/14.2.0/backward]
    add: [/home/vietnq/.espressif/tools/xtensa-esp-elf/esp-14.2.0_20260121/xtensa-esp-elf/bin/../lib/gcc/xtensa-esp-elf/14.2.0/include]
    add: [/home/vietnq/.espressif/tools/xtensa-esp-elf/esp-14.2.0_20260121/xtensa-esp-elf/bin/../lib/gcc/xtensa-esp-elf/14.2.0/include-fixed]
    add: [/home/vietnq/.espressif/tools/xtensa-esp-elf/esp-14.2.0_20260121/xtensa-esp-elf/bin/../lib/gcc/xtensa-esp-elf/14.2.0/../../../../xtensa-esp-elf/include]
  end of search list found
  collapse include dir [/home/vietnq/.espressif/tools/xtensa-esp-elf/esp-14.2.0_20260121/xtensa-esp-elf/bin/../lib/gcc/xtensa-esp-elf/14.2.0/../../../../xtensa-esp-elf/include/c++/14.2.0] ==> [/home/vietnq/.espressif/tools/xtensa-esp-elf/esp-14.2.0_20260121/xtensa-esp-elf/xtensa-esp-elf/include/c++/14.2.0]
  collapse include dir [/home/vietnq/.espressif/tools/xtensa-esp-elf/esp-14.2.0_20260121/xtensa-esp-elf/bin/../lib/gcc/xtensa-esp-elf/14.2.0/../../../../xtensa-esp-elf/include/c++/14.2.0/xtensa-esp-elf/esp32] ==> [/home/vietnq/.espressif/tools/xtensa-esp-elf/esp-14.2.0_20260121/xtensa-esp-elf/xtensa-esp-elf/include/c++/14.2.0/xtensa-esp-elf/esp32]
  collapse include dir [/home/vietnq/.espressif/tools/xtensa-esp-elf/esp-14.2.0_20260121/xtensa-esp-elf/bin/../lib/gcc/xtensa-esp-elf/14.2.0/../../../../xtensa-esp-elf/include/c++/14.2.0/backward] ==> [/home/vietnq/.espressif/tools/xtensa-esp-elf/esp-14.2.0_20260121/xtensa-esp-elf/xtensa-esp-elf/include/c++/14.2.0/backward]
  collapse include dir [/home/vietnq/.espressif/tools/xtensa-esp-elf/esp-14.2.0_20260121/xtensa-esp-elf/bin/../lib/gcc/xtensa-esp-elf/14.2.0/include] ==> [/home/vietnq/.espressif/tools/xtensa-esp-elf/esp-14.2.0_20260121/xtensa-esp-elf/lib/gcc/xtensa-esp-elf/14.2.0/include]
  collapse include dir [/home/vietnq/.espressif/tools/xtensa-esp-elf/esp-14.2.0_20260121/xtensa-esp-elf/bin/../lib/gcc/xtensa-esp-elf/14.2.0/include-fixed] ==> [/home/vietnq/.espressif/tools/xtensa-esp-elf/esp-14.2.0_20260121/xtensa-esp-elf/lib/gcc/xtensa-esp-elf/14.2.0/include-fixed]
  collapse include dir [/home/vietnq/.espressif/tools/xtensa-esp-elf/esp-14.2.0_20260121/xtensa-esp-elf/bin/../lib/gcc/xtensa-esp-elf/14.2.0/../../../../xtensa-esp-elf/include] ==> [/home/vietnq/.espressif/tools/xtensa-esp-elf/esp-14.2.0_20260121/xtensa-esp-elf/xtensa-esp-elf/include]
  implicit include dirs: [/home/vietnq/.espressif/tools/xtensa-esp-elf/esp-14.2.0_20260121/xtensa-esp-elf/xtensa-esp-elf/include/c++/14.2.0;/home/vietnq/.espressif/tools/xtensa-esp-elf/esp-14.2.0_20260121/xtensa-esp-elf/xtensa-esp-elf/include/c++/14.2.0/xtensa-esp-elf/esp32;/home/vietnq/.espressif/tools/xtensa-esp-elf/esp-14.2.0_20260121/xtensa-esp-elf/xtensa-esp-elf/include/c++/14.2.0/backward;/home/vietnq/.espressif/tools/xtensa-esp-elf/esp-14.2.0_20260121/xtensa-esp-elf/lib/gcc/xtensa-esp-elf/14.2.0/include;/home/vietnq/.espressif/tools/xtensa-esp-elf/esp-14.2.0_20260121/xtensa-esp-elf/lib/gcc/xtensa-esp-elf/14.2.0/include-fixed;/home/vietnq/.espressif/tools/xtensa-esp-elf/esp-14.2.0_20260121/xtensa-esp-elf/xtensa-esp-elf/include]


Parsed CXX implicit link information from above output:
  link line regex: [^( *|.*[/\])(xtensa-esp32-elf-ld|CMAKE_LINK_STARTFILE-NOTFOUND|([^/\]+-)?ld|collect2)[^/\]*( |$)]
  ignore line: [Change Dir: /home/vietnq/esp/ota/build/bootloader/CMakeFiles/CMakeTmp]
  ignore line: []
  ignore line: [Run Build Command(s):/usr/bin/ninja cmTC_6b0f7 && [1/2] Building CXX object CMakeFiles/cmTC_6b0f7.dir/CMakeCXXCompilerABI.cpp.obj]
  ignore line: [Using built-in specs.]
  ignore line: [COLLECT_GCC=/home/vietnq/.espressif/tools/xtensa-esp-elf/esp-14.2.0_20260121/xtensa-esp-elf/bin/xtensa-esp-elf-g++]
  ignore line: [Target: xtensa-esp-elf]
  ignore line: [Configured with: /builds/idf/crosstool-NG/.build/xtensa-esp-elf/src/gcc/configure --build=x86_64-build_pc-linux-gnu --host=x86_64-build_pc-linux-gnu --target=xtensa-esp-elf --prefix=/builds/idf/crosstool-NG/builds/xtensa-esp-elf --exec_prefix=/builds/idf/crosstool-NG/builds/xtensa-esp-elf --with-local-prefix=/builds/idf/crosstool-NG/builds/xtensa-esp-elf/xtensa-esp-elf --with-sysroot=/builds/idf/crosstool-NG/builds/xtensa-esp-elf/xtensa-esp-elf --with-native-system-header-dir=/include --with-headers=/builds/idf/crosstool-NG/builds/xtensa-esp-elf/xtensa-esp-elf/include --with-newlib --enable-threads=no --disable-shared --with-pkgversion='crosstool-NG esp-14.2.0_20260121' --disable-__cxa_atexit --enable-cxx-flags='-ffunction-sections -fdata-sections' --disable-libgomp --disable-libmudflap --disable-libmpx --disable-libssp --disable-libquadmath --disable-libquadmath-support --disable-libstdcxx-verbose --with-gmp=/builds/idf/crosstool-NG/.build/xtensa-esp-elf/buildtools --with-mpfr=/builds/idf/crosstool-NG/.build/xtensa-esp-elf/buildtools --with-mpc=/builds/idf/crosstool-NG/.build/xtensa-esp-elf/buildtools --with-isl=/builds/idf/crosstool-NG/.build/xtensa-esp-elf/buildtools --enable-lto --enable-target-optspace --without-long-double-128 --enable-plugin --disable-nls --enable-multiarch --enable-languages=c c++ --disable-libstdcxx-verbose --enable-threads=posix --enable-libstdcxx-time=yes --disable-win32-utf8-manifest]
  ignore line: [Thread model: posix]
  ignore line: [Supported LTO compression algorithms: zlib zstd]
  ignore line: [gcc version 14.2.0 (crosstool-NG esp-14.2.0_20260121) ]
  ignore line: [COLLECT_GCC_OPTIONS='-mdynconfig=xtensa_esp32.so' '-v' '-o' 'CMakeFiles/cmTC_6b0f7.dir/CMakeCXXCompilerABI.cpp.obj' '-c' '-dumpdir' 'CMakeFiles/cmTC_6b0f7.dir/']
  ignore line: [ /home/vietnq/.espressif/tools/xtensa-esp-elf/esp-14.2.0_20260121/xtensa-esp-elf/bin/../libexec/gcc/xtensa-esp-elf/14.2.0/cc1plus -quiet -v -imultilib esp32 -iprefix /home/vietnq/.espressif/tools/xtensa-esp-elf/esp-14.2.0_20260121/xtensa-esp-elf/bin/../lib/gcc/xtensa-esp-elf/14.2.0/ -isysroot /home/vietnq/.espressif/tools/xtensa-esp-elf/esp-14.2.0_20260121/xtensa-esp-elf/bin/../xtensa-esp-elf /usr/share/cmake-3.22/Modules/CMakeCXXCompilerABI.cpp -quiet -dumpdir CMakeFiles/cmTC_6b0f7.dir/ -dumpbase CMakeCXXCompilerABI.cpp.cpp -dumpbase-ext .cpp -mdynconfig=xtensa_esp32.so -version -o /tmp/ccoM0U3y.s]
  ignore line: [GNU C++17 (crosstool-NG esp-14.2.0_20260121) version 14.2.0 (xtensa-esp-elf)]
  ignore line: [	compiled by GNU C version 6.3.0  GMP version 6.3.0  MPFR version 4.2.1  MPC version 1.3.1  isl version isl-0.26-GMP]
  ignore line: []
  ignore line: [GGC heuristics: --param ggc-min-expand=100 --param ggc-min-heapsize=131072]
  ignore line: [ignoring duplicate directory "/home/vietnq/.espressif/tools/xtensa-esp-elf/esp-14.2.0_20260121/xtensa-esp-elf/bin/../lib/gcc/../../lib/gcc/xtensa-esp-elf/14.2.0/../../../../xtensa-esp-elf/include/c++/14.2.0"]
  ignore line: [ignoring duplicate directory "/home/vietnq/.espressif/tools/xtensa-esp-elf/esp-14.2.0_20260121/xtensa-esp-elf/bin/../lib/gcc/../../lib/gcc/xtensa-esp-elf/14.2.0/../../../../xtensa-esp-elf/include/c++/14.2.0/xtensa-esp-elf/esp32"]
  ignore line: [ignoring duplicate directory "/home/vietnq/.espressif/tools/xtensa-esp-elf/esp-14.2.0_20260121/xtensa-esp-elf/bin/../lib/gcc/../../lib/gcc/xtensa-esp-elf/14.2.0/../../../../xtensa-esp-elf/include/c++/14.2.0/backward"]
  ignore line: [ignoring duplicate directory "/home/vietnq/.espressif/tools/xtensa-esp-elf/esp-14.2.0_20260121/xtensa-esp-elf/bin/../lib/gcc/../../lib/gcc/xtensa-esp-elf/14.2.0/include"]
  ignore line: [ignoring nonexistent directory "/home/vietnq/.espressif/tools/xtensa-esp-elf/esp-14.2.0_20260121/xtensa-esp-elf/bin/../xtensa-esp-elf/builds/idf/crosstool-NG/builds/xtensa-esp-elf/xtensa-esp-elf/include"]
  ignore line: [ignoring duplicate directory "/home/vietnq/.espressif/tools/xtensa-esp-elf/esp-14.2.0_20260121/xtensa-esp-elf/bin/../lib/gcc/../../lib/gcc/xtensa-esp-elf/14.2.0/include-fixed"]
  ignore line: [ignoring duplicate directory "/home/vietnq/.espressif/tools/xtensa-esp-elf/esp-14.2.0_20260121/xtensa-esp-elf/bin/../lib/gcc/../../lib/gcc/xtensa-esp-elf/14.2.0/../../../../xtensa-esp-elf/include"]
  ignore line: [ignoring duplicate directory "/home/vietnq/.espressif/tools/xtensa-esp-elf/esp-14.2.0_20260121/xtensa-esp-elf/bin/../xtensa-esp-elf/include"]
  ignore line: [#include "..." search starts here:]
  ignore line: [#include <...> search starts here:]
  ignore line: [ /home/vietnq/.espressif/tools/xtensa-esp-elf/esp-14.2.0_20260121/xtensa-esp-elf/bin/../lib/gcc/xtensa-esp-elf/14.2.0/../../../../xtensa-esp-elf/include/c++/14.2.0]
  ignore line: [ /home/vietnq/.espressif/tools/xtensa-esp-elf/esp-14.2.0_20260121/xtensa-esp-elf/bin/../lib/gcc/xtensa-esp-elf/14.2.0/../../../../xtensa-esp-elf/include/c++/14.2.0/xtensa-esp-elf/esp32]
  ignore line: [ /home/vietnq/.espressif/tools/xtensa-esp-elf/esp-14.2.0_20260121/xtensa-esp-elf/bin/../lib/gcc/xtensa-esp-elf/14.2.0/../../../../xtensa-esp-elf/include/c++/14.2.0/backward]
  ignore line: [ /home/vietnq/.espressif/tools/xtensa-esp-elf/esp-14.2.0_20260121/xtensa-esp-elf/bin/../lib/gcc/xtensa-esp-elf/14.2.0/include]
  ignore line: [ /home/vietnq/.espressif/tools/xtensa-esp-elf/esp-14.2.0_20260121/xtensa-esp-elf/bin/../lib/gcc/xtensa-esp-elf/14.2.0/include-fixed]
  ignore line: [ /home/vietnq/.espressif/tools/xtensa-esp-elf/esp-14.2.0_20260121/xtensa-esp-elf/bin/../lib/gcc/xtensa-esp-elf/14.2.0/../../../../xtensa-esp-elf/include]
  ignore line: [End of search list.]
  ignore line: [Compiler executable checksum: a254981dd59757a59628c9ca49d36a87]
  ignore line: [COLLECT_GCC_OPTIONS='-mdynconfig=xtensa_esp32.so' '-v' '-o' 'CMakeFiles/cmTC_6b0f7.dir/CMakeCXXCompilerABI.cpp.obj' '-c' '-dumpdir' 'CMakeFiles/cmTC_6b0f7.dir/']
  ignore line: [ /home/vietnq/.espressif/tools/xtensa-esp-elf/esp-14.2.0_20260121/xtensa-esp-elf/bin/../lib/gcc/xtensa-esp-elf/14.2.0/../../../../xtensa-esp-elf/bin/as --traditional-format --dynconfig=xtensa_esp32.so -o CMakeFiles/cmTC_6b0f7.dir/CMakeCXXCompilerABI.cpp.obj /tmp/ccoM0U3y.s]
  ignore line: [COMPILER_PATH=/home/vietnq/.espressif/tools/xtensa-esp-elf/esp-14.2.0_20260121/xtensa-esp-elf/bin/../libexec/gcc/xtensa-esp-elf/14.2.0/:/home/vietnq/.espressif/tools/xtensa-esp-elf/esp-14.2.0_20260121/xtensa-esp-elf/bin/../libexec/gcc/:/home/vietnq/.espressif/tools/xtensa-esp-elf/esp-14.2.0_20260121/xtensa-esp-elf/bin/../lib/gcc/xtensa-esp-elf/14.2.0/../../../../xtensa-esp-elf/bin/]
  ignore line: [LIBRARY_PATH=/home/vietnq/.espressif/tools/xtensa-esp-elf/esp-14.2.0_20260121/xtensa-esp-elf/bin/../lib/gcc/xtensa-esp-elf/14.2.0/esp32/:/home/vietnq/.espressif/tools/xtensa-esp-elf/esp-14.2.0_20260121/xtensa-esp-elf/bin/../lib/gcc/xtensa-esp-elf/14.2.0/../../../../xtensa-esp-elf/lib/esp32/:/home/vietnq/.espressif/tools/xtensa-esp-elf/esp-14.2.0_20260121/xtensa-esp-elf/bin/../xtensa-esp-elf/lib/esp32/:/home/vietnq/.espressif/tools/xtensa-esp-elf/esp-14.2.0_20260121/xtensa-esp-elf/bin/../lib/gcc/xtensa-esp-elf/14.2.0/:/home/vietnq/.espressif/tools/xtensa-esp-elf/esp-14.2.0_20260121/xtensa-esp-elf/bin/../lib/gcc/:/home/vietnq/.espressif/tools/xtensa-esp-elf/esp-14.2.0_20260121/xtensa-esp-elf/bin/../lib/gcc/xtensa-esp-elf/14.2.0/../../../../xtensa-esp-elf/lib/:/home/vietnq/.espressif/tools/xtensa-esp-elf/esp-14.2.0_20260121/xtensa-esp-elf/bin/../xtensa-esp-elf/lib/:/home/vietnq/.espressif/tools/xtensa-esp-elf/esp-14.2.0_20260121/xtensa-esp-elf/bin/../xtensa-esp-elf/usr/lib/]
  ignore line: [COLLECT_GCC_OPTIONS='-mdynconfig=xtensa_esp32.so' '-v' '-o' 'CMakeFiles/cmTC_6b0f7.dir/CMakeCXXCompilerABI.cpp.obj' '-c' '-dumpdir' 'CMakeFiles/cmTC_6b0f7.dir/CMakeCXXCompilerABI.cpp.']
  ignore line: [[2/2] Linking CXX executable cmTC_6b0f7]
  ignore line: [Using built-in specs.]
  ignore line: [COLLECT_GCC=/home/vietnq/.espressif/tools/xtensa-esp-elf/esp-14.2.0_20260121/xtensa-esp-elf/bin/xtensa-esp-elf-g++]
  ignore line: [COLLECT_LTO_WRAPPER=/home/vietnq/.espressif/tools/xtensa-esp-elf/esp-14.2.0_20260121/xtensa-esp-elf/bin/../libexec/gcc/xtensa-esp-elf/14.2.0/lto-wrapper]
  ignore line: [Target: xtensa-esp-elf]
  ignore line: [Configured with: /builds/idf/crosstool-NG/.build/xtensa-esp-elf/src/gcc/configure --build=x86_64-build_pc-linux-gnu --host=x86_64-build_pc-linux-gnu --target=xtensa-esp-elf --prefix=/builds/idf/crosstool-NG/builds/xtensa-esp-elf --exec_prefix=/builds/idf/crosstool-NG/builds/xtensa-esp-elf --with-local-prefix=/builds/idf/crosstool-NG/builds/xtensa-esp-elf/xtensa-esp-elf --with-sysroot=/builds/idf/crosstool-NG/builds/xtensa-esp-elf/xtensa-esp-elf --with-native-system-header-dir=/include --with-headers=/builds/idf/crosstool-NG/builds/xtensa-esp-elf/xtensa-esp-elf/include --with-newlib --enable-threads=no --disable-shared --with-pkgversion='crosstool-NG esp-14.2.0_20260121' --disable-__cxa_atexit --enable-cxx-flags='-ffunction-sections -fdata-sections' --disable-libgomp --disable-libmudflap --disable-libmpx --disable-libssp --disable-libquadmath --disable-libquadmath-support --disable-libstdcxx-verbose --with-gmp=/builds/idf/crosstool-NG/.build/xtensa-esp-elf/buildtools --with-mpfr=/builds/idf/crosstool-NG/.build/xtensa-esp-elf/buildtools --with-mpc=/builds/idf/crosstool-NG/.build/xtensa-esp-elf/buildtools --with-isl=/builds/idf/crosstool-NG/.build/xtensa-esp-elf/buildtools --enable-lto --enable-target-optspace --without-long-double-128 --enable-plugin --disable-nls --enable-multiarch --enable-languages=c c++ --disable-libstdcxx-verbose --enable-threads=posix --enable-libstdcxx-time=yes --disable-win32-utf8-manifest]
  ignore line: [Thread model: posix]
  ignore line: [Supported LTO compression algorithms: zlib zstd]
  ignore line: [gcc version 14.2.0 (crosstool-NG esp-14.2.0_20260121) ]
  ignore line: [COMPILER_PATH=/home/vietnq/.espressif/tools/xtensa-esp-elf/esp-14.2.0_20260121/xtensa-esp-elf/bin/../libexec/gcc/xtensa-esp-elf/14.2.0/:/home/vietnq/.espressif/tools/xtensa-esp-elf/esp-14.2.0_20260121/xtensa-esp-elf/bin/../libexec/gcc/:/home/vietnq/.espressif/tools/xtensa-esp-elf/esp-14.2.0_20260121/xtensa-esp-elf/bin/../lib/gcc/xtensa-esp-elf/14.2.0/../../../../xtensa-esp-elf/bin/]
  ignore line: [LIBRARY_PATH=/home/vietnq/.espressif/tools/xtensa-esp-elf/esp-14.2.0_20260121/xtensa-esp-elf/bin/../lib/gcc/xtensa-esp-elf/14.2.0/esp32/:/home/vietnq/.espressif/tools/xtensa-esp-elf/esp-14.2.0_20260121/xtensa-esp-elf/bin/../lib/gcc/xtensa-esp-elf/14.2.0/../../../../xtensa-esp-elf/lib/esp32/:/home/vietnq/.espressif/tools/xtensa-esp-elf/esp-14.2.0_20260121/xtensa-esp-elf/bin/../xtensa-esp-elf/lib/esp32/:/home/vietnq/.espressif/tools/xtensa-esp-elf/esp-14.2.0_20260121/xtensa-esp-elf/bin/../lib/gcc/xtensa-esp-elf/14.2.0/:/home/vietnq/.espressif/tools/xtensa-esp-elf/esp-14.2.0_20260121/xtensa-esp-elf/bin/../lib/gcc/:/home/vietnq/.espressif/tools/xtensa-esp-elf/esp-14.2.0_20260121/xtensa-esp-elf/bin/../lib/gcc/xtensa-esp-elf/14.2.0/../../../../xtensa-esp-elf/lib/:/home/vietnq/.espressif/tools/xtensa-esp-elf/esp-14.2.0_20260121/xtensa-esp-elf/bin/../xtensa-esp-elf/lib/:/home/vietnq/.espressif/tools/xtensa-esp-elf/esp-14.2.0_20260121/xtensa-esp-elf/bin/../xtensa-esp-elf/usr/lib/]
  ignore line: [COLLECT_GCC_OPTIONS='-mdynconfig=xtensa_esp32.so' '-v' '-o' 'cmTC_6b0f7' '-dumpdir' 'cmTC_6b0f7.']
  link line: [ /home/vietnq/.espressif/tools/xtensa-esp-elf/esp-14.2.0_20260121/xtensa-esp-elf/bin/../libexec/gcc/xtensa-esp-elf/14.2.0/collect2 -plugin /home/vietnq/.espressif/tools/xtensa-esp-elf/esp-14.2.0_20260121/xtensa-esp-elf/bin/../libexec/gcc/xtensa-esp-elf/14.2.0/liblto_plugin.so -plugin-opt=/home/vietnq/.espressif/tools/xtensa-esp-elf/esp-14.2.0_20260121/xtensa-esp-elf/bin/../libexec/gcc/xtensa-esp-elf/14.2.0/lto-wrapper -plugin-opt=-fresolution=/tmp/ccaS7p7f.res -plugin-opt=-pass-through=-lgcc -plugin-opt=-pass-through=-lc -plugin-opt=-pass-through=-lnosys -plugin-opt=-pass-through=-lc -plugin-opt=-pass-through=-lgcc --sysroot=/home/vietnq/.espressif/tools/xtensa-esp-elf/esp-14.2.0_20260121/xtensa-esp-elf/bin/../xtensa-esp-elf --dynconfig=xtensa_esp32.so -o cmTC_6b0f7 /home/vietnq/.espressif/tools/xtensa-esp-elf/esp-14.2.0_20260121/xtensa-esp-elf/bin/../lib/gcc/xtensa-esp-elf/14.2.0/../../../../xtensa-esp-elf/lib/esp32/crt0.o /home/vietnq/.espressif/tools/xtensa-esp-elf/esp-14.2.0_20260121/xtensa-esp-elf/bin/../lib/gcc/xtensa-esp-elf/14.2.0/esp32/crti.o /home/vietnq/.espressif/tools/xtensa-esp-elf/esp-14.2.0_20260121/xtensa-esp-elf/bin/../lib/gcc/xtensa-esp-elf/14.2.0/esp32/crtbegin.o -L/home/vietnq/.espressif/tools/xtensa-esp-elf/esp-14.2.0_20260121/xtensa-esp-elf/bin/../lib/gcc/xtensa-esp-elf/14.2.0/esp32 -L/home/vietnq/.espressif/tools/xtensa-esp-elf/esp-14.2.0_20260121/xtensa-esp-elf/bin/../lib/gcc/xtensa-esp-elf/14.2.0/../../../../xtensa-esp-elf/lib/esp32 -L/home/vietnq/.espressif/tools/xtensa-esp-elf/esp-14.2.0_20260121/xtensa-esp-elf/bin/../xtensa-esp-elf/lib/esp32 -L/home/vietnq/.espressif/tools/xtensa-esp-elf/esp-14.2.0_20260121/xtensa-esp-elf/bin/../lib/gcc/xtensa-esp-elf/14.2.0 -L/home/vietnq/.espressif/tools/xtensa-esp-elf/esp-14.2.0_20260121/xtensa-esp-elf/bin/../lib/gcc -L/home/vietnq/.espressif/tools/xtensa-esp-elf/esp-14.2.0_20260121/xtensa-esp-elf/bin/../lib/gcc/xtensa-esp-elf/14.2.0/../../../../xtensa-esp-elf/lib -L/home/vietnq/.espressif/tools/xtensa-esp-elf/esp-14.2.0_20260121/xtensa-esp-elf/bin/../xtensa-esp-elf/lib -L/home/vietnq/.espressif/tools/xtensa-esp-elf/esp-14.2.0_20260121/xtensa-esp-elf/bin/../xtensa-esp-elf/usr/lib @/tmp/cc2boZjV -lgcc -lc -lnosys -lc -lgcc /home/vietnq/.espressif/tools/xtensa-esp-elf/esp-14.2.0_20260121/xtensa-esp-elf/bin/../lib/gcc/xtensa-esp-elf/14.2.0/esp32/crtend.o /home/vietnq/.espressif/tools/xtensa-esp-elf/esp-14.2.0_20260121/xtensa-esp-elf/bin/../lib/gcc/xtensa-esp-elf/14.2.0/esp32/crtn.o]
    arg [/home/vietnq/.espressif/tools/xtensa-esp-elf/esp-14.2.0_20260121/xtensa-esp-elf/bin/../libexec/gcc/xtensa-esp-elf/14.2.0/collect2] ==> ignore
    arg [-plugin] ==> ignore
    arg [/home/vietnq/.espressif/tools/xtensa-esp-elf/esp-14.2.0_20260121/xtensa-esp-elf/bin/../libexec/gcc/xtensa-esp-elf/14.2.0/liblto_plugin.so] ==> ignore
    arg [-plugin-opt=/home/vietnq/.espressif/tools/xtensa-esp-elf/esp-14.2.0_20260121/xtensa-esp-elf/bin/../libexec/gcc/xtensa-esp-elf/14.2.0/lto-wrapper] ==> ignore
    arg [-plugin-opt=-fresolution=/tmp/ccaS7p7f.res] ==> ignore
    arg [-plugin-opt=-pass-through=-lgcc] ==> ignore
    arg [-plugin-opt=-pass-through=-lc] ==> ignore
    arg [-plugin-opt=-pass-through=-lnosys] ==> ignore
    arg [-plugin-opt=-pass-through=-lc] ==> ignore
    arg [-plugin-opt=-pass-through=-lgcc] ==> ignore
    arg [--sysroot=/home/vietnq/.espressif/tools/xtensa-esp-elf/esp-14.2.0_20260121/xtensa-esp-elf/bin/../xtensa-esp-elf] ==> ignore
    arg [--dynconfig=xtensa_esp32.so] ==> ignore
    arg [-o] ==> ignore
    arg [cmTC_6b0f7] ==> ignore
    arg [/home/vietnq/.espressif/tools/xtensa-esp-elf/esp-14.2.0_20260121/xtensa-esp-elf/bin/../lib/gcc/xtensa-esp-elf/14.2.0/../../../../xtensa-esp-elf/lib/esp32/crt0.o] ==> obj [/home/vietnq/.espressif/tools/xtensa-esp-elf/esp-14.2.0_20260121/xtensa-esp-elf/bin/../lib/gcc/xtensa-esp-elf/14.2.0/../../../../xtensa-esp-elf/lib/esp32/crt0.o]
    arg [/home/vietnq/.espressif/tools/xtensa-esp-elf/esp-14.2.0_20260121/xtensa-esp-elf/bin/../lib/gcc/xtensa-esp-elf/14.2.0/esp32/crti.o] ==> obj [/home/vietnq/.espressif/tools/xtensa-esp-elf/esp-14.2.0_20260121/xtensa-esp-elf/bin/../lib/gcc/xtensa-esp-elf/14.2.0/esp32/crti.o]
    arg [/home/vietnq/.espressif/tools/xtensa-esp-elf/esp-14.2.0_20260121/xtensa-esp-elf/bin/../lib/gcc/xtensa-esp-elf/14.2.0/esp32/crtbegin.o] ==> obj [/home/vietnq/.espressif/tools/xtensa-esp-elf/esp-14.2.0_20260121/xtensa-esp-elf/bin/../lib/gcc/xtensa-esp-elf/14.2.0/esp32/crtbegin.o]
    arg [-L/home/vietnq/.espressif/tools/xtensa-esp-elf/esp-14.2.0_20260121/xtensa-esp-elf/bin/../lib/gcc/xtensa-esp-elf/14.2.0/esp32] ==> dir [/home/vietnq/.espressif/tools/xtensa-esp-elf/esp-14.2.0_20260121/xtensa-esp-elf/bin/../lib/gcc/xtensa-esp-elf/14.2.0/esp32]
    arg [-L/home/vietnq/.espressif/tools/xtensa-esp-elf/esp-14.2.0_20260121/xtensa-esp-elf/bin/../lib/gcc/xtensa-esp-elf/14.2.0/../../../../xtensa-esp-elf/lib/esp32] ==> dir [/home/vietnq/.espressif/tools/xtensa-esp-elf/esp-14.2.0_20260121/xtensa-esp-elf/bin/../lib/gcc/xtensa-esp-elf/14.2.0/../../../../xtensa-esp-elf/lib/esp32]
    arg [-L/home/vietnq/.espressif/tools/xtensa-esp-elf/esp-14.2.0_20260121/xtensa-esp-elf/bin/../xtensa-esp-elf/lib/esp32] ==> dir [/home/vietnq/.espressif/tools/xtensa-esp-elf/esp-14.2.0_20260121/xtensa-esp-elf/bin/../xtensa-esp-elf/lib/esp32]
    arg [-L/home/vietnq/.espressif/tools/xtensa-esp-elf/esp-14.2.0_20260121/xtensa-esp-elf/bin/../lib/gcc/xtensa-esp-elf/14.2.0] ==> dir [/home/vietnq/.espressif/tools/xtensa-esp-elf/esp-14.2.0_20260121/xtensa-esp-elf/bin/../lib/gcc/xtensa-esp-elf/14.2.0]
    arg [-L/home/vietnq/.espressif/tools/xtensa-esp-elf/esp-14.2.0_20260121/xtensa-esp-elf/bin/../lib/gcc] ==> dir [/home/vietnq/.espressif/tools/xtensa-esp-elf/esp-14.2.0_20260121/xtensa-esp-elf/bin/../lib/gcc]
    arg [-L/home/vietnq/.espressif/tools/xtensa-esp-elf/esp-14.2.0_20260121/xtensa-esp-elf/bin/../lib/gcc/xtensa-esp-elf/14.2.0/../../../../xtensa-esp-elf/lib] ==> dir [/home/vietnq/.espressif/tools/xtensa-esp-elf/esp-14.2.0_20260121/xtensa-esp-elf/bin/../lib/gcc/xtensa-esp-elf/14.2.0/../../../../xtensa-esp-elf/lib]
    arg [-L/home/vietnq/.espressif/tools/xtensa-esp-elf/esp-14.2.0_20260121/xtensa-esp-elf/bin/../xtensa-esp-elf/lib] ==> dir [/home/vietnq/.espressif/tools/xtensa-esp-elf/esp-14.2.0_20260121/xtensa-esp-elf/bin/../xtensa-esp-elf/lib]
    arg [-L/home/vietnq/.espressif/tools/xtensa-esp-elf/esp-14.2.0_20260121/xtensa-esp-elf/bin/../xtensa-esp-elf/usr/lib] ==> dir [/home/vietnq/.espressif/tools/xtensa-esp-elf/esp-14.2.0_20260121/xtensa-esp-elf/bin/../xtensa-esp-elf/usr/lib]
    arg [@/tmp/cc2boZjV] ==> ignore
    arg [-lgcc] ==> lib [gcc]
    arg [-lc] ==> lib [c]
    arg [-lnosys] ==> lib [nosys]
    arg [-lc] ==> lib [c]
    arg [-lgcc] ==> lib [gcc]
    arg [/home/vietnq/.espressif/tools/xtensa-esp-elf/esp-14.2.0_20260121/xtensa-esp-elf/bin/../lib/gcc/xtensa-esp-elf/14.2.0/esp32/crtend.o] ==> obj [/home/vietnq/.espressif/tools/xtensa-esp-elf/esp-14.2.0_20260121/xtensa-esp-elf/bin/../lib/gcc/xtensa-esp-elf/14.2.0/esp32/crtend.o]
    arg [/home/vietnq/.espressif/tools/xtensa-esp-elf/esp-14.2.0_20260121/xtensa-esp-elf/bin/../lib/gcc/xtensa-esp-elf/14.2.0/esp32/crtn.o] ==> obj [/home/vietnq/.espressif/tools/xtensa-esp-elf/esp-14.2.0_20260121/xtensa-esp-elf/bin/../lib/gcc/xtensa-esp-elf/14.2.0/esp32/crtn.o]
  collapse obj [/home/vietnq/.espressif/tools/xtensa-esp-elf/esp-14.2.0_20260121/xtensa-esp-elf/bin/../lib/gcc/xtensa-esp-elf/14.2.0/../../../../xtensa-esp-elf/lib/esp32/crt0.o] ==> [/home/vietnq/.espressif/tools/xtensa-esp-elf/esp-14.2.0_20260121/xtensa-esp-elf/xtensa-esp-elf/lib/esp32/crt0.o]
  collapse obj [/home/vietnq/.espressif/tools/xtensa-esp-elf/esp-14.2.0_20260121/xtensa-esp-elf/bin/../lib/gcc/xtensa-esp-elf/14.2.0/esp32/crti.o] ==> [/home/vietnq/.espressif/tools/xtensa-esp-elf/esp-14.2.0_20260121/xtensa-esp-elf/lib/gcc/xtensa-esp-elf/14.2.0/esp32/crti.o]
  collapse obj [/home/vietnq/.espressif/tools/xtensa-esp-elf/esp-14.2.0_20260121/xtensa-esp-elf/bin/../lib/gcc/xtensa-esp-elf/14.2.0/esp32/crtbegin.o] ==> [/home/vietnq/.espressif/tools/xtensa-esp-elf/esp-14.2.0_20260121/xtensa-esp-elf/lib/gcc/xtensa-esp-elf/14.2.0/esp32/crtbegin.o]
  collapse obj [/home/vietnq/.espressif/tools/xtensa-esp-elf/esp-14.2.0_20260121/xtensa-esp-elf/bin/../lib/gcc/xtensa-esp-elf/14.2.0/esp32/crtend.o] ==> [/home/vietnq/.espressif/tools/xtensa-esp-elf/esp-14.2.0_20260121/xtensa-esp-elf/lib/gcc/xtensa-esp-elf/14.2.0/esp32/crtend.o]
  collapse obj [/home/vietnq/.espressif/tools/xtensa-esp-elf/esp-14.2.0_20260121/xtensa-esp-elf/bin/../lib/gcc/xtensa-esp-elf/14.2.0/esp32/crtn.o] ==> [/home/vietnq/.espressif/tools/xtensa-esp-elf/esp-14.2.0_20260121/xtensa-esp-elf/lib/gcc/xtensa-esp-elf/14.2.0/esp32/crtn.o]
  collapse library dir [/home/vietnq/.espressif/tools/xtensa-esp-elf/esp-14.2.0_20260121/xtensa-esp-elf/bin/../lib/gcc/xtensa-esp-elf/14.2.0/esp32] ==> [/home/vietnq/.espressif/tools/xtensa-esp-elf/esp-14.2.0_20260121/xtensa-esp-elf/lib/gcc/xtensa-esp-elf/14.2.0/esp32]
  collapse library dir [/home/vietnq/.espressif/tools/xtensa-esp-elf/esp-14.2.0_20260121/xtensa-esp-elf/bin/../lib/gcc/xtensa-esp-elf/14.2.0/../../../../xtensa-esp-elf/lib/esp32] ==> [/home/vietnq/.espressif/tools/xtensa-esp-elf/esp-14.2.0_20260121/xtensa-esp-elf/xtensa-esp-elf/lib/esp32]
  collapse library dir [/home/vietnq/.espressif/tools/xtensa-esp-elf/esp-14.2.0_20260121/xtensa-esp-elf/bin/../xtensa-esp-elf/lib/esp32] ==> [/home/vietnq/.espressif/tools/xtensa-esp-elf/esp-14.2.0_20260121/xtensa-esp-elf/xtensa-esp-elf/lib/esp32]
  collapse library dir [/home/vietnq/.espressif/tools/xtensa-esp-elf/esp-14.2.0_20260121/xtensa-esp-elf/bin/../lib/gcc/xtensa-esp-elf/14.2.0] ==> [/home/vietnq/.espressif/tools/xtensa-esp-elf/esp-14.2.0_20260121/xtensa-esp-elf/lib/gcc/xtensa-esp-elf/14.2.0]
  collapse library dir [/home/vietnq/.espressif/tools/xtensa-esp-elf/esp-14.2.0_20260121/xtensa-esp-elf/bin/../lib/gcc] ==> [/home/vietnq/.espressif/tools/xtensa-esp-elf/esp-14.2.0_20260121/xtensa-esp-elf/lib/gcc]
  collapse library dir [/home/vietnq/.espressif/tools/xtensa-esp-elf/esp-14.2.0_20260121/xtensa-esp-elf/bin/../lib/gcc/xtensa-esp-elf/14.2.0/../../../../xtensa-esp-elf/lib] ==> [/home/vietnq/.espressif/tools/xtensa-esp-elf/esp-14.2.0_20260121/xtensa-esp-elf/xtensa-esp-elf/lib]
  collapse library dir [/home/vietnq/.espressif/tools/xtensa-esp-elf/esp-14.2.0_20260121/xtensa-esp-elf/bin/../xtensa-esp-elf/lib] ==> [/home/vietnq/.espressif/tools/xtensa-esp-elf/esp-14.2.0_20260121/xtensa-esp-elf/xtensa-esp-elf/lib]
  collapse library dir [/home/vietnq/.espressif/tools/xtensa-esp-elf/esp-14.2.0_20260121/xtensa-esp-elf/bin/../xtensa-esp-elf/usr/lib] ==> [/home/vietnq/.espressif/tools/xtensa-esp-elf/esp-14.2.0_20260121/xtensa-esp-elf/xtensa-esp-elf/usr/lib]
  implicit libs: [gcc;c;nosys;c;gcc]
  implicit objs: [/home/vietnq/.espressif/tools/xtensa-esp-elf/esp-14.2.0_20260121/xtensa-esp-elf/xtensa-esp-elf/lib/esp32/crt0.o;/home/vietnq/.espressif/tools/xtensa-esp-elf/esp-14.2.0_20260121/xtensa-esp-elf/lib/gcc/xtensa-esp-elf/14.2.0/esp32/crti.o;/home/vietnq/.espressif/tools/xtensa-esp-elf/esp-14.2.0_20260121/xtensa-esp-elf/lib/gcc/xtensa-esp-elf/14.2.0/esp32/crtbegin.o;/home/vietnq/.espressif/tools/xtensa-esp-elf/esp-14.2.0_20260121/xtensa-esp-elf/lib/gcc/xtensa-esp-elf/14.2.0/esp32/crtend.o;/home/vietnq/.espressif/tools/xtensa-esp-elf/esp-14.2.0_20260121/xtensa-esp-elf/lib/gcc/xtensa-esp-elf/14.2.0/esp32/crtn.o]
  implicit dirs: [/home/vietnq/.espressif/tools/xtensa-esp-elf/esp-14.2.0_20260121/xtensa-esp-elf/lib/gcc/xtensa-esp-elf/14.2.0/esp32;/home/vietnq/.espressif/tools/xtensa-esp-elf/esp-14.2.0_20260121/xtensa-esp-elf/xtensa-esp-elf/lib/esp32;/home/vietnq/.espressif/tools/xtensa-esp-elf/esp-14.2.0_20260121/xtensa-esp-elf/lib/gcc/xtensa-esp-elf/14.2.0;/home/vietnq/.espressif/tools/xtensa-esp-elf/esp-14.2.0_20260121/xtensa-esp-elf/lib/gcc;/home/vietnq/.espressif/tools/xtensa-esp-elf/esp-14.2.0_20260121/xtensa-esp-elf/xtensa-esp-elf/lib;/home/vietnq/.espressif/tools/xtensa-esp-elf/esp-14.2.0_20260121/xtensa-esp-elf/xtensa-esp-elf/usr/lib]
  implicit fwks: []


Detecting C compiler ABI info compiled with the following output:
Change Dir: /home/vietnq/esp/ota/build/bootloader/CMakeFiles/CMakeTmp

Run Build Command(s):/usr/bin/ninja cmTC_58163 && [1/2] Building C object CMakeFiles/cmTC_58163.dir/CMakeCCompilerABI.c.obj
Using built-in specs.
COLLECT_GCC=/home/vietnq/.espressif/tools/xtensa-esp-elf/esp-14.2.0_20260121/xtensa-esp-elf/bin/xtensa-esp-elf-gcc
Target: xtensa-esp-elf
Configured with: /builds/idf/crosstool-NG/.build/xtensa-esp-elf/src/gcc/configure --build=x86_64-build_pc-linux-gnu --host=x86_64-build_pc-linux-gnu --target=xtensa-esp-elf --prefix=/builds/idf/crosstool-NG/builds/xtensa-esp-elf --exec_prefix=/builds/idf/crosstool-NG/builds/xtensa-esp-elf --with-local-prefix=/builds/idf/crosstool-NG/builds/xtensa-esp-elf/xtensa-esp-elf --with-sysroot=/builds/idf/crosstool-NG/builds/xtensa-esp-elf/xtensa-esp-elf --with-native-system-header-dir=/include --with-headers=/builds/idf/crosstool-NG/builds/xtensa-esp-elf/xtensa-esp-elf/include --with-newlib --enable-threads=no --disable-shared --with-pkgversion='crosstool-NG esp-14.2.0_20260121' --disable-__cxa_atexit --enable-cxx-flags='-ffunction-sections -fdata-sections' --disable-libgomp --disable-libmudflap --disable-libmpx --disable-libssp --disable-libquadmath --disable-libquadmath-support --disable-libstdcxx-verbose --with-gmp=/builds/idf/crosstool-NG/.build/xtensa-esp-elf/buildtools --with-mpfr=/builds/idf/crosstool-NG/.build/xtensa-esp-elf/buildtools --with-mpc=/builds/idf/crosstool-NG/.build/xtensa-esp-elf/buildtools --with-isl=/builds/idf/crosstool-NG/.build/xtensa-esp-elf/buildtools --enable-lto --enable-target-optspace --without-long-double-128 --enable-plugin --disable-nls --enable-multiarch --enable-languages=c,c++ --disable-libstdcxx-verbose --enable-threads=posix --enable-libstdcxx-time=yes --disable-win32-utf8-manifest
Thread model: posix
Supported LTO compression algorithms: zlib zstd
gcc version 14.2.0 (crosstool-NG esp-14.2.0_20260121) 
COLLECT_GCC_OPTIONS='-mdynconfig=xtensa_esp32.so' '-Wno-frame-address' '-mlongcalls' '-fno-builtin-memcpy' '-fno-builtin-memset' '-fno-builtin-bzero' '-v' '-o' 'CMakeFiles/cmTC_58163.dir/CMakeCCompilerABI.c.obj' '-c' '-dumpdir' 'CMakeFiles/cmTC_58163.dir/'
 /home/vietnq/.espressif/tools/xtensa-esp-elf/esp-14.2.0_20260121/xtensa-esp-elf/bin/../libexec/gcc/xtensa-esp-elf/14.2.0/cc1 -quiet -v -imultilib esp32 -iprefix /home/vietnq/.espressif/tools/xtensa-esp-elf/esp-14.2.0_20260121/xtensa-esp-elf/bin/../lib/gcc/xtensa-esp-elf/14.2.0/ -isysroot /home/vietnq/.espressif/tools/xtensa-esp-elf/esp-14.2.0_20260121/xtensa-esp-elf/bin/../xtensa-esp-elf /usr/share/cmake-3.22/Modules/CMakeCCompilerABI.c -quiet -dumpdir CMakeFiles/cmTC_58163.dir/ -dumpbase CMakeCCompilerABI.c.c -dumpbase-ext .c -mdynconfig=xtensa_esp32.so -mlongcalls -Wno-frame-address -version -fno-builtin-memcpy -fno-builtin-memset -fno-builtin-bzero -o /tmp/ccQp7B6s.s
GNU C17 (crosstool-NG esp-14.2.0_20260121) version 14.2.0 (xtensa-esp-elf)
	compiled by GNU C version 6.3.0, GMP version 6.3.0, MPFR version 4.2.1, MPC version 1.3.1, isl version isl-0.26-GMP

GGC heuristics: --param ggc-min-expand=100 --param ggc-min-heapsize=131072
ignoring duplicate directory "/home/vietnq/.espressif/tools/xtensa-esp-elf/esp-14.2.0_20260121/xtensa-esp-elf/bin/../lib/gcc/../../lib/gcc/xtensa-esp-elf/14.2.0/include"
ignoring nonexistent directory "/home/vietnq/.espressif/tools/xtensa-esp-elf/esp-14.2.0_20260121/xtensa-esp-elf/bin/../xtensa-esp-elf/builds/idf/crosstool-NG/builds/xtensa-esp-elf/xtensa-esp-elf/include"
ignoring duplicate directory "/home/vietnq/.espressif/tools/xtensa-esp-elf/esp-14.2.0_20260121/xtensa-esp-elf/bin/../lib/gcc/../../lib/gcc/xtensa-esp-elf/14.2.0/include-fixed"
ignoring duplicate directory "/home/vietnq/.espressif/tools/xtensa-esp-elf/esp-14.2.0_20260121/xtensa-esp-elf/bin/../lib/gcc/../../lib/gcc/xtensa-esp-elf/14.2.0/../../../../xtensa-esp-elf/include"
ignoring duplicate directory "/home/vietnq/.espressif/tools/xtensa-esp-elf/esp-14.2.0_20260121/xtensa-esp-elf/bin/../xtensa-esp-elf/include"
#include "..." search starts here:
#include <...> search starts here:
 /home/vietnq/.espressif/tools/xtensa-esp-elf/esp-14.2.0_20260121/xtensa-esp-elf/bin/../lib/gcc/xtensa-esp-elf/14.2.0/include
 /home/vietnq/.espressif/tools/xtensa-esp-elf/esp-14.2.0_20260121/xtensa-esp-elf/bin/../lib/gcc/xtensa-esp-elf/14.2.0/include-fixed
 /home/vietnq/.espressif/tools/xtensa-esp-elf/esp-14.2.0_20260121/xtensa-esp-elf/bin/../lib/gcc/xtensa-esp-elf/14.2.0/../../../../xtensa-esp-elf/include
End of search list.
Compiler executable checksum: 709abf7e99d4c633116df3b91860509f
COLLECT_GCC_OPTIONS='-mdynconfig=xtensa_esp32.so' '-Wno-frame-address' '-mlongcalls' '-fno-builtin-memcpy' '-fno-builtin-memset' '-fno-builtin-bzero' '-v' '-o' 'CMakeFiles/cmTC_58163.dir/CMakeCCompilerABI.c.obj' '-c' '-dumpdir' 'CMakeFiles/cmTC_58163.dir/'
 /home/vietnq/.espressif/tools/xtensa-esp-elf/esp-14.2.0_20260121/xtensa-esp-elf/bin/../lib/gcc/xtensa-esp-elf/14.2.0/../../../../xtensa-esp-elf/bin/as --traditional-format --longcalls --dynconfig=xtensa_esp32.so -o CMakeFiles/cmTC_58163.dir/CMakeCCompilerABI.c.obj /tmp/ccQp7B6s.s
COMPILER_PATH=/home/vietnq/.espressif/tools/xtensa-esp-elf/esp-14.2.0_20260121/xtensa-esp-elf/bin/../libexec/gcc/xtensa-esp-elf/14.2.0/:/home/vietnq/.espressif/tools/xtensa-esp-elf/esp-14.2.0_20260121/xtensa-esp-elf/bin/../libexec/gcc/:/home/vietnq/.espressif/tools/xtensa-esp-elf/esp-14.2.0_20260121/xtensa-esp-elf/bin/../lib/gcc/xtensa-esp-elf/14.2.0/../../../../xtensa-esp-elf/bin/
LIBRARY_PATH=/home/vietnq/.espressif/tools/xtensa-esp-elf/esp-14.2.0_20260121/xtensa-esp-elf/bin/../lib/gcc/xtensa-esp-elf/14.2.0/esp32/:/home/vietnq/.espressif/tools/xtensa-esp-elf/esp-14.2.0_20260121/xtensa-esp-elf/bin/../lib/gcc/xtensa-esp-elf/14.2.0/../../../../xtensa-esp-elf/lib/esp32/:/home/vietnq/.espressif/tools/xtensa-esp-elf/esp-14.2.0_20260121/xtensa-esp-elf/bin/../xtensa-esp-elf/lib/esp32/:/home/vietnq/.espressif/tools/xtensa-esp-elf/esp-14.2.0_20260121/xtensa-esp-elf/bin/../lib/gcc/xtensa-esp-elf/14.2.0/:/home/vietnq/.espressif/tools/xtensa-esp-elf/esp-14.2.0_20260121/xtensa-esp-elf/bin/../lib/gcc/:/home/vietnq/.espressif/tools/xtensa-esp-elf/esp-14.2.0_20260121/xtensa-esp-elf/bin/../lib/gcc/xtensa-esp-elf/14.2.0/../../../../xtensa-esp-elf/lib/:/home/vietnq/.espressif/tools/xtensa-esp-elf/esp-14.2.0_20260121/xtensa-esp-elf/bin/../xtensa-esp-elf/lib/:/home/vietnq/.espressif/tools/xtensa-esp-elf/esp-14.2.0_20260121/xtensa-esp-elf/bin/../xtensa-esp-elf/usr/lib/
COLLECT_GCC_OPTIONS='-mdynconfig=xtensa_esp32.so' '-Wno-frame-address' '-mlongcalls' '-fno-builtin-memcpy' '-fno-builtin-memset' '-fno-builtin-bzero' '-v' '-o' 'CMakeFiles/cmTC_58163.dir/CMakeCCompilerABI.c.obj' '-c' '-dumpdir' 'CMakeFiles/cmTC_58163.dir/CMakeCCompilerABI.c.'
[2/2] Linking C executable cmTC_58163
Using built-in specs.
COLLECT_GCC=/home/vietnq/.espressif/tools/xtensa-esp-elf/esp-14.2.0_20260121/xtensa-esp-elf/bin/xtensa-esp-elf-gcc
COLLECT_LTO_WRAPPER=/home/vietnq/.espressif/tools/xtensa-esp-elf/esp-14.2.0_20260121/xtensa-esp-elf/bin/../libexec/gcc/xtensa-esp-elf/14.2.0/lto-wrapper
Target: xtensa-esp-elf
Configured with: /builds/idf/crosstool-NG/.build/xtensa-esp-elf/src/gcc/configure --build=x86_64-build_pc-linux-gnu --host=x86_64-build_pc-linux-gnu --target=xtensa-esp-elf --prefix=/builds/idf/crosstool-NG/builds/xtensa-esp-elf --exec_prefix=/builds/idf/crosstool-NG/builds/xtensa-esp-elf --with-local-prefix=/builds/idf/crosstool-NG/builds/xtensa-esp-elf/xtensa-esp-elf --with-sysroot=/builds/idf/crosstool-NG/builds/xtensa-esp-elf/xtensa-esp-elf --with-native-system-header-dir=/include --with-headers=/builds/idf/crosstool-NG/builds/xtensa-esp-elf/xtensa-esp-elf/include --with-newlib --enable-threads=no --disable-shared --with-pkgversion='crosstool-NG esp-14.2.0_20260121' --disable-__cxa_atexit --enable-cxx-flags='-ffunction-sections -fdata-sections' --disable-libgomp --disable-libmudflap --disable-libmpx --disable-libssp --disable-libquadmath --disable-libquadmath-support --disable-libstdcxx-verbose --with-gmp=/builds/idf/crosstool-NG/.build/xtensa-esp-elf/buildtools --with-mpfr=/builds/idf/crosstool-NG/.build/xtensa-esp-elf/buildtools --with-mpc=/builds/idf/crosstool-NG/.build/xtensa-esp-elf/buildtools --with-isl=/builds/idf/crosstool-NG/.build/xtensa-esp-elf/buildtools --enable-lto --enable-target-optspace --without-long-double-128 --enable-plugin --disable-nls --enable-multiarch --enable-languages=c,c++ --disable-libstdcxx-verbose --enable-threads=posix --enable-libstdcxx-time=yes --disable-win32-utf8-manifest
Thread model: posix
Supported LTO compression algorithms: zlib zstd
gcc version 14.2.0 (crosstool-NG esp-14.2.0_20260121) 
COMPILER_PATH=/home/vietnq/.espressif/tools/xtensa-esp-elf/esp-14.2.0_20260121/xtensa-esp-elf/bin/../libexec/gcc/xtensa-esp-elf/14.2.0/:/home/vietnq/.espressif/tools/xtensa-esp-elf/esp-14.2.0_20260121/xtensa-esp-elf/bin/../libexec/gcc/:/home/vietnq/.espressif/tools/xtensa-esp-elf/esp-14.2.0_20260121/xtensa-esp-elf/bin/../lib/gcc/xtensa-esp-elf/14.2.0/../../../../xtensa-esp-elf/bin/
LIBRARY_PATH=/home/vietnq/.espressif/tools/xtensa-esp-elf/esp-14.2.0_20260121/xtensa-esp-elf/bin/../lib/gcc/xtensa-esp-elf/14.2.0/esp32/no-rtti/:/home/vietnq/.espressif/tools/xtensa-esp-elf/esp-14.2.0_20260121/xtensa-esp-elf/bin/../lib/gcc/xtensa-esp-elf/14.2.0/../../../../xtensa-esp-elf/lib/esp32/no-rtti/:/home/vietnq/.espressif/tools/xtensa-esp-elf/esp-14.2.0_20260121/xtensa-esp-elf/bin/../xtensa-esp-elf/lib/esp32/no-rtti/:/home/vietnq/.espressif/tools/xtensa-esp-elf/esp-14.2.0_20260121/xtensa-esp-elf/bin/../lib/gcc/xtensa-esp-elf/14.2.0/:/home/vietnq/.espressif/tools/xtensa-esp-elf/esp-14.2.0_20260121/xtensa-esp-elf/bin/../lib/gcc/:/home/vietnq/.espressif/tools/xtensa-esp-elf/esp-14.2.0_20260121/xtensa-esp-elf/bin/../lib/gcc/xtensa-esp-elf/14.2.0/../../../../xtensa-esp-elf/lib/:/home/vietnq/.espressif/tools/xtensa-esp-elf/esp-14.2.0_20260121/xtensa-esp-elf/bin/../xtensa-esp-elf/lib/:/home/vietnq/.espressif/tools/xtensa-esp-elf/esp-14.2.0_20260121/xtensa-esp-elf/bin/../xtensa-esp-elf/usr/lib/
COLLECT_GCC_OPTIONS='-mdynconfig=xtensa_esp32.so' '-Wno-frame-address' '-mlongcalls' '-fno-builtin-memcpy' '-fno-builtin-memset' '-fno-builtin-bzero' '-nostartfiles' '-fno-rtti' '-v' '-o' 'cmTC_58163' '-dumpdir' 'cmTC_58163.'
 /home/vietnq/.espressif/tools/xtensa-esp-elf/esp-14.2.0_20260121/xtensa-esp-elf/bin/../libexec/gcc/xtensa-esp-elf/14.2.0/collect2 -plugin /home/vietnq/.espressif/tools/xtensa-esp-elf/esp-14.2.0_20260121/xtensa-esp-elf/bin/../libexec/gcc/xtensa-esp-elf/14.2.0/liblto_plugin.so -plugin-opt=/home/vietnq/.espressif/tools/xtensa-esp-elf/esp-14.2.0_20260121/xtensa-esp-elf/bin/../libexec/gcc/xtensa-esp-elf/14.2.0/lto-wrapper -plugin-opt=-fresolution=/tmp/ccj7KUsd.res -plugin-opt=-pass-through=-lgcc -plugin-opt=-pass-through=-lc -plugin-opt=-pass-through=-lnosys -plugin-opt=-pass-through=-lc -plugin-opt=-pass-through=-lgcc --sysroot=/home/vietnq/.espressif/tools/xtensa-esp-elf/esp-14.2.0_20260121/xtensa-esp-elf/bin/../xtensa-esp-elf --dynconfig=xtensa_esp32.so -o cmTC_58163 -L/home/vietnq/.espressif/tools/xtensa-esp-elf/esp-14.2.0_20260121/xtensa-esp-elf/bin/../lib/gcc/xtensa-esp-elf/14.2.0/esp32/no-rtti -L/home/vietnq/.espressif/tools/xtensa-esp-elf/esp-14.2.0_20260121/xtensa-esp-elf/bin/../lib/gcc/xtensa-esp-elf/14.2.0/../../../../xtensa-esp-elf/lib/esp32/no-rtti -L/home/vietnq/.espressif/tools/xtensa-esp-elf/esp-14.2.0_20260121/xtensa-esp-elf/bin/../xtensa-esp-elf/lib/esp32/no-rtti -L/home/vietnq/.espressif/tools/xtensa-esp-elf/esp-14.2.0_20260121/xtensa-esp-elf/bin/../lib/gcc/xtensa-esp-elf/14.2.0 -L/home/vietnq/.espressif/tools/xtensa-esp-elf/esp-14.2.0_20260121/xtensa-esp-elf/bin/../lib/gcc -L/home/vietnq/.espressif/tools/xtensa-esp-elf/esp-14.2.0_20260121/xtensa-esp-elf/bin/../lib/gcc/xtensa-esp-elf/14.2.0/../../../../xtensa-esp-elf/lib -L/home/vietnq/.espressif/tools/xtensa-esp-elf/esp-14.2.0_20260121/xtensa-esp-elf/bin/../xtensa-esp-elf/lib -L/home/vietnq/.espressif/tools/xtensa-esp-elf/esp-14.2.0_20260121/xtensa-esp-elf/bin/../xtensa-esp-elf/usr/lib @/tmp/ccEkfP8Y -lgcc -lc -lnosys -lc -lgcc
/home/vietnq/.espressif/tools/xtensa-esp-elf/esp-14.2.0_20260121/xtensa-esp-elf/bin/../lib/gcc/xtensa-esp-elf/14.2.0/../../../../xtensa-esp-elf/bin/ld: warning: cannot find entry symbol _start; defaulting to 00400054
COLLECT_GCC_OPTIONS='-mdynconfig=xtensa_esp32.so' '-Wno-frame-address' '-mlongcalls' '-fno-builtin-memcpy' '-fno-builtin-memset' '-fno-builtin-bzero' '-nostartfiles' '-fno-rtti' '-v' '-o' 'cmTC_58163' '-dumpdir' 'cmTC_58163.'



Parsed C implicit include dir info from above output: rv=done
  found start of include info
  found start of implicit include info
    add: [/home/vietnq/.espressif/tools/xtensa-esp-elf/esp-14.2.0_20260121/xtensa-esp-elf/bin/../lib/gcc/xtensa-esp-elf/14.2.0/include]
    add: [/home/vietnq/.espressif/tools/xtensa-esp-elf/esp-14.2.0_20260121/xtensa-esp-elf/bin/../lib/gcc/xtensa-esp-elf/14.2.0/include-fixed]
    add: [/home/vietnq/.espressif/tools/xtensa-esp-elf/esp-14.2.0_20260121/xtensa-esp-elf/bin/../lib/gcc/xtensa-esp-elf/14.2.0/../../../../xtensa-esp-elf/include]
  end of search list found
  collapse include dir [/home/vietnq/.espressif/tools/xtensa-esp-elf/esp-14.2.0_20260121/xtensa-esp-elf/bin/../lib/gcc/xtensa-esp-elf/14.2.0/include] ==> [/home/vietnq/.espressif/tools/xtensa-esp-elf/esp-14.2.0_20260121/xtensa-esp-elf/lib/gcc/xtensa-esp-elf/14.2.0/include]
  collapse include dir [/home/vietnq/.espressif/tools/xtensa-esp-elf/esp-14.2.0_20260121/xtensa-esp-elf/bin/../lib/gcc/xtensa-esp-elf/14.2.0/include-fixed] ==> [/home/vietnq/.espressif/tools/xtensa-esp-elf/esp-14.2.0_20260121/xtensa-esp-elf/lib/gcc/xtensa-esp-elf/14.2.0/include-fixed]
  collapse include dir [/home/vietnq/.espressif/tools/xtensa-esp-elf/esp-14.2.0_20260121/xtensa-esp-elf/bin/../lib/gcc/xtensa-esp-elf/14.2.0/../../../../xtensa-esp-elf/include] ==> [/home/vietnq/.espressif/tools/xtensa-esp-elf/esp-14.2.0_20260121/xtensa-esp-elf/xtensa-esp-elf/include]
  implicit include dirs: [/home/vietnq/.espressif/tools/xtensa-esp-elf/esp-14.2.0_20260121/xtensa-esp-elf/lib/gcc/xtensa-esp-elf/14.2.0/include;/home/vietnq/.espressif/tools/xtensa-esp-elf/esp-14.2.0_20260121/xtensa-esp-elf/lib/gcc/xtensa-esp-elf/14.2.0/include-fixed;/home/vietnq/.espressif/tools/xtensa-esp-elf/esp-14.2.0_20260121/xtensa-esp-elf/xtensa-esp-elf/include]


Parsed C implicit link information from above output:
  link line regex: [^( *|.*[/\])(xtensa-esp32-elf-ld|CMAKE_LINK_STARTFILE-NOTFOUND|([^/\]+-)?ld|collect2)[^/\]*( |$)]
  ignore line: [Change Dir: /home/vietnq/esp/ota/build/bootloader/CMakeFiles/CMakeTmp]
  ignore line: []
  ignore line: [Run Build Command(s):/usr/bin/ninja cmTC_58163 && [1/2] Building C object CMakeFiles/cmTC_58163.dir/CMakeCCompilerABI.c.obj]
  ignore line: [Using built-in specs.]
  ignore line: [COLLECT_GCC=/home/vietnq/.espressif/tools/xtensa-esp-elf/esp-14.2.0_20260121/xtensa-esp-elf/bin/xtensa-esp-elf-gcc]
  ignore line: [Target: xtensa-esp-elf]
  ignore line: [Configured with: /builds/idf/crosstool-NG/.build/xtensa-esp-elf/src/gcc/configure --build=x86_64-build_pc-linux-gnu --host=x86_64-build_pc-linux-gnu --target=xtensa-esp-elf --prefix=/builds/idf/crosstool-NG/builds/xtensa-esp-elf --exec_prefix=/builds/idf/crosstool-NG/builds/xtensa-esp-elf --with-local-prefix=/builds/idf/crosstool-NG/builds/xtensa-esp-elf/xtensa-esp-elf --with-sysroot=/builds/idf/crosstool-NG/builds/xtensa-esp-elf/xtensa-esp-elf --with-native-system-header-dir=/include --with-headers=/builds/idf/crosstool-NG/builds/xtensa-esp-elf/xtensa-esp-elf/include --with-newlib --enable-threads=no --disable-shared --with-pkgversion='crosstool-NG esp-14.2.0_20260121' --disable-__cxa_atexit --enable-cxx-flags='-ffunction-sections -fdata-sections' --disable-libgomp --disable-libmudflap --disable-libmpx --disable-libssp --disable-libquadmath --disable-libquadmath-support --disable-libstdcxx-verbose --with-gmp=/builds/idf/crosstool-NG/.build/xtensa-esp-elf/buildtools --with-mpfr=/builds/idf/crosstool-NG/.build/xtensa-esp-elf/buildtools --with-mpc=/builds/idf/crosstool-NG/.build/xtensa-esp-elf/buildtools --with-isl=/builds/idf/crosstool-NG/.build/xtensa-esp-elf/buildtools --enable-lto --enable-target-optspace --without-long-double-128 --enable-plugin --disable-nls --enable-multiarch --enable-languages=c c++ --disable-libstdcxx-verbose --enable-threads=posix --enable-libstdcxx-time=yes --disable-win32-utf8-manifest]
  ignore line: [Thread model: posix]
  ignore line: [Supported LTO compression algorithms: zlib zstd]
  ignore line: [gcc version 14.2.0 (crosstool-NG esp-14.2.0_20260121) ]
  ignore line: [COLLECT_GCC_OPTIONS='-mdynconfig=xtensa_esp32.so' '-Wno-frame-address' '-mlongcalls' '-fno-builtin-memcpy' '-fno-builtin-memset' '-fno-builtin-bzero' '-v' '-o' 'CMakeFiles/cmTC_58163.dir/CMakeCCompilerABI.c.obj' '-c' '-dumpdir' 'CMakeFiles/cmTC_58163.dir/']
  ignore line: [ /home/vietnq/.espressif/tools/xtensa-esp-elf/esp-14.2.0_20260121/xtensa-esp-elf/bin/../libexec/gcc/xtensa-esp-elf/14.2.0/cc1 -quiet -v -imultilib esp32 -iprefix /home/vietnq/.espressif/tools/xtensa-esp-elf/esp-14.2.0_20260121/xtensa-esp-elf/bin/../lib/gcc/xtensa-esp-elf/14.2.0/ -isysroot /home/vietnq/.espressif/tools/xtensa-esp-elf/esp-14.2.0_20260121/xtensa-esp-elf/bin/../xtensa-esp-elf /usr/share/cmake-3.22/Modules/CMakeCCompilerABI.c -quiet -dumpdir CMakeFiles/cmTC_58163.dir/ -dumpbase CMakeCCompilerABI.c.c -dumpbase-ext .c -mdynconfig=xtensa_esp32.so -mlongcalls -Wno-frame-address -version -fno-builtin-memcpy -fno-builtin-memset -fno-builtin-bzero -o /tmp/ccQp7B6s.s]
  ignore line: [GNU C17 (crosstool-NG esp-14.2.0_20260121) version 14.2.0 (xtensa-esp-elf)]
  ignore line: [	compiled by GNU C version 6.3.0  GMP version 6.3.0  MPFR version 4.2.1  MPC version 1.3.1  isl version isl-0.26-GMP]
  ignore line: []
  ignore line: [GGC heuristics: --param ggc-min-expand=100 --param ggc-min-heapsize=131072]
  ignore line: [ignoring duplicate directory "/home/vietnq/.espressif/tools/xtensa-esp-elf/esp-14.2.0_20260121/xtensa-esp-elf/bin/../lib/gcc/../../lib/gcc/xtensa-esp-elf/14.2.0/include"]
  ignore line: [ignoring nonexistent directory "/home/vietnq/.espressif/tools/xtensa-esp-elf/esp-14.2.0_20260121/xtensa-esp-elf/bin/../xtensa-esp-elf/builds/idf/crosstool-NG/builds/xtensa-esp-elf/xtensa-esp-elf/include"]
  ignore line: [ignoring duplicate directory "/home/vietnq/.espressif/tools/xtensa-esp-elf/esp-14.2.0_20260121/xtensa-esp-elf/bin/../lib/gcc/../../lib/gcc/xtensa-esp-elf/14.2.0/include-fixed"]
  ignore line: [ignoring duplicate directory "/home/vietnq/.espressif/tools/xtensa-esp-elf/esp-14.2.0_20260121/xtensa-esp-elf/bin/../lib/gcc/../../lib/gcc/xtensa-esp-elf/14.2.0/../../../../xtensa-esp-elf/include"]
  ignore line: [ignoring duplicate directory "/home/vietnq/.espressif/tools/xtensa-esp-elf/esp-14.2.0_20260121/xtensa-esp-elf/bin/../xtensa-esp-elf/include"]
  ignore line: [#include "..." search starts here:]
  ignore line: [#include <...> search starts here:]
  ignore line: [ /home/vietnq/.espressif/tools/xtensa-esp-elf/esp-14.2.0_20260121/xtensa-esp-elf/bin/../lib/gcc/xtensa-esp-elf/14.2.0/include]
  ignore line: [ /home/vietnq/.espressif/tools/xtensa-esp-elf/esp-14.2.0_20260121/xtensa-esp-elf/bin/../lib/gcc/xtensa-esp-elf/14.2.0/include-fixed]
  ignore line: [ /home/vietnq/.espressif/tools/xtensa-esp-elf/esp-14.2.0_20260121/xtensa-esp-elf/bin/../lib/gcc/xtensa-esp-elf/14.2.0/../../../../xtensa-esp-elf/include]
  ignore line: [End of search list.]
  ignore line: [Compiler executable checksum: 709abf7e99d4c633116df3b91860509f]
  ignore line: [COLLECT_GCC_OPTIONS='-mdynconfig=xtensa_esp32.so' '-Wno-frame-address' '-mlongcalls' '-fno-builtin-memcpy' '-fno-builtin-memset' '-fno-builtin-bzero' '-v' '-o' 'CMakeFiles/cmTC_58163.dir/CMakeCCompilerABI.c.obj' '-c' '-dumpdir' 'CMakeFiles/cmTC_58163.dir/']
  ignore line: [ /home/vietnq/.espressif/tools/xtensa-esp-elf/esp-14.2.0_20260121/xtensa-esp-elf/bin/../lib/gcc/xtensa-esp-elf/14.2.0/../../../../xtensa-esp-elf/bin/as --traditional-format --longcalls --dynconfig=xtensa_esp32.so -o CMakeFiles/cmTC_58163.dir/CMakeCCompilerABI.c.obj /tmp/ccQp7B6s.s]
  ignore line: [COMPILER_PATH=/home/vietnq/.espressif/tools/xtensa-esp-elf/esp-14.2.0_20260121/xtensa-esp-elf/bin/../libexec/gcc/xtensa-esp-elf/14.2.0/:/home/vietnq/.espressif/tools/xtensa-esp-elf/esp-14.2.0_20260121/xtensa-esp-elf/bin/../libexec/gcc/:/home/vietnq/.espressif/tools/xtensa-esp-elf/esp-14.2.0_20260121/xtensa-esp-elf/bin/../lib/gcc/xtensa-esp-elf/14.2.0/../../../../xtensa-esp-elf/bin/]
  ignore line: [LIBRARY_PATH=/home/vietnq/.espressif/tools/xtensa-esp-elf/esp-14.2.0_20260121/xtensa-esp-elf/bin/../lib/gcc/xtensa-esp-elf/14.2.0/esp32/:/home/vietnq/.espressif/tools/xtensa-esp-elf/esp-14.2.0_20260121/xtensa-esp-elf/bin/../lib/gcc/xtensa-esp-elf/14.2.0/../../../../xtensa-esp-elf/lib/esp32/:/home/vietnq/.espressif/tools/xtensa-esp-elf/esp-14.2.0_20260121/xtensa-esp-elf/bin/../xtensa-esp-elf/lib/esp32/:/home/vietnq/.espressif/tools/xtensa-esp-elf/esp-14.2.0_20260121/xtensa-esp-elf/bin/../lib/gcc/xtensa-esp-elf/14.2.0/:/home/vietnq/.espressif/tools/xtensa-esp-elf/esp-14.2.0_20260121/xtensa-esp-elf/bin/../lib/gcc/:/home/vietnq/.espressif/tools/xtensa-esp-elf/esp-14.2.0_20260121/xtensa-esp-elf/bin/../lib/gcc/xtensa-esp-elf/14.2.0/../../../../xtensa-esp-elf/lib/:/home/vietnq/.espressif/tools/xtensa-esp-elf/esp-14.2.0_20260121/xtensa-esp-elf/bin/../xtensa-esp-elf/lib/:/home/vietnq/.espressif/tools/xtensa-esp-elf/esp-14.2.0_20260121/xtensa-esp-elf/bin/../xtensa-esp-elf/usr/lib/]
  ignore line: [COLLECT_GCC_OPTIONS='-mdynconfig=xtensa_esp32.so' '-Wno-frame-address' '-mlongcalls' '-fno-builtin-memcpy' '-fno-builtin-memset' '-fno-builtin-bzero' '-v' '-o' 'CMakeFiles/cmTC_58163.dir/CMakeCCompilerABI.c.obj' '-c' '-dumpdir' 'CMakeFiles/cmTC_58163.dir/CMakeCCompilerABI.c.']
  ignore line: [[2/2] Linking C executable cmTC_58163]
  ignore line: [Using built-in specs.]
  ignore line: [COLLECT_GCC=/home/vietnq/.espressif/tools/xtensa-esp-elf/esp-14.2.0_20260121/xtensa-esp-elf/bin/xtensa-esp-elf-gcc]
  ignore line: [COLLECT_LTO_WRAPPER=/home/vietnq/.espressif/tools/xtensa-esp-elf/esp-14.2.0_20260121/xtensa-esp-elf/bin/../libexec/gcc/xtensa-esp-elf/14.2.0/lto-wrapper]
  ignore line: [Target: xtensa-esp-elf]
  ignore line: [Configured with: /builds/idf/crosstool-NG/.build/xtensa-esp-elf/src/gcc/configure --build=x86_64-build_pc-linux-gnu --host=x86_64-build_pc-linux-gnu --target=xtensa-esp-elf --prefix=/builds/idf/crosstool-NG/builds/xtensa-esp-elf --exec_prefix=/builds/idf/crosstool-NG/builds/xtensa-esp-elf --with-local-prefix=/builds/idf/crosstool-NG/builds/xtensa-esp-elf/xtensa-esp-elf --with-sysroot=/builds/idf/crosstool-NG/builds/xtensa-esp-elf/xtensa-esp-elf --with-native-system-header-dir=/include --with-headers=/builds/idf/crosstool-NG/builds/xtensa-esp-elf/xtensa-esp-elf/include --with-newlib --enable-threads=no --disable-shared --with-pkgversion='crosstool-NG esp-14.2.0_20260121' --disable-__cxa_atexit --enable-cxx-flags='-ffunction-sections -fdata-sections' --disable-libgomp --disable-libmudflap --disable-libmpx --disable-libssp --disable-libquadmath --disable-libquadmath-support --disable-libstdcxx-verbose --with-gmp=/builds/idf/crosstool-NG/.build/xtensa-esp-elf/buildtools --with-mpfr=/builds/idf/crosstool-NG/.build/xtensa-esp-elf/buildtools --with-mpc=/builds/idf/crosstool-NG/.build/xtensa-esp-elf/buildtools --with-isl=/builds/idf/crosstool-NG/.build/xtensa-esp-elf/buildtools --enable-lto --enable-target-optspace --without-long-double-128 --enable-plugin --disable-nls --enable-multiarch --enable-languages=c c++ --disable-libstdcxx-verbose --enable-threads=posix --enable-libstdcxx-time=yes --disable-win32-utf8-manifest]
  ignore line: [Thread model: posix]
  ignore line: [Supported LTO compression algorithms: zlib zstd]
  ignore line: [gcc version 14.2.0 (crosstool-NG esp-14.2.0_20260121) ]
  ignore line: [COMPILER_PATH=/home/vietnq/.espressif/tools/xtensa-esp-elf/esp-14.2.0_20260121/xtensa-esp-elf/bin/../libexec/gcc/xtensa-esp-elf/14.2.0/:/home/vietnq/.espressif/tools/xtensa-esp-elf/esp-14.2.0_20260121/xtensa-esp-elf/bin/../libexec/gcc/:/home/vietnq/.espressif/tools/xtensa-esp-elf/esp-14.2.0_20260121/xtensa-esp-elf/bin/../lib/gcc/xtensa-esp-elf/14.2.0/../../../../xtensa-esp-elf/bin/]
  ignore line: [LIBRARY_PATH=/home/vietnq/.espressif/tools/xtensa-esp-elf/esp-14.2.0_20260121/xtensa-esp-elf/bin/../lib/gcc/xtensa-esp-elf/14.2.0/esp32/no-rtti/:/home/vietnq/.espressif/tools/xtensa-esp-elf/esp-14.2.0_20260121/xtensa-esp-elf/bin/../lib/gcc/xtensa-esp-elf/14.2.0/../../../../xtensa-esp-elf/lib/esp32/no-rtti/:/home/vietnq/.espressif/tools/xtensa-esp-elf/esp-14.2.0_20260121/xtensa-esp-elf/bin/../xtensa-esp-elf/lib/esp32/no-rtti/:/home/vietnq/.espressif/tools/xtensa-esp-elf/esp-14.2.0_20260121/xtensa-esp-elf/bin/../lib/gcc/xtensa-esp-elf/14.2.0/:/home/vietnq/.espressif/tools/xtensa-esp-elf/esp-14.2.0_20260121/xtensa-esp-elf/bin/../lib/gcc/:/home/vietnq/.espressif/tools/xtensa-esp-elf/esp-14.2.0_20260121/xtensa-esp-elf/bin/../lib/gcc/xtensa-esp-elf/14.2.0/../../../../xtensa-esp-elf/lib/:/home/vietnq/.espressif/tools/xtensa-esp-elf/esp-14.2.0_20260121/xtensa-esp-elf/bin/../xtensa-esp-elf/lib/:/home/vietnq/.espressif/tools/xtensa-esp-elf/esp-14.2.0_20260121/xtensa-esp-elf/bin/../xtensa-esp-elf/usr/lib/]
  ignore line: [COLLECT_GCC_OPTIONS='-mdynconfig=xtensa_esp32.so' '-Wno-frame-address' '-mlongcalls' '-fno-builtin-memcpy' '-fno-builtin-memset' '-fno-builtin-bzero' '-nostartfiles' '-fno-rtti' '-v' '-o' 'cmTC_58163' '-dumpdir' 'cmTC_58163.']
  link line: [ /home/vietnq/.espressif/tools/xtensa-esp-elf/esp-14.2.0_20260121/xtensa-esp-elf/bin/../libexec/gcc/xtensa-esp-elf/14.2.0/collect2 -plugin /home/vietnq/.espressif/tools/xtensa-esp-elf/esp-14.2.0_20260121/xtensa-esp-elf/bin/../libexec/gcc/xtensa-esp-elf/14.2.0/liblto_plugin.so -plugin-opt=/home/vietnq/.espressif/tools/xtensa-esp-elf/esp-14.2.0_20260121/xtensa-esp-elf/bin/../libexec/gcc/xtensa-esp-elf/14.2.0/lto-wrapper -plugin-opt=-fresolution=/tmp/ccj7KUsd.res -plugin-opt=-pass-through=-lgcc -plugin-opt=-pass-through=-lc -plugin-opt=-pass-through=-lnosys -plugin-opt=-pass-through=-lc -plugin-opt=-pass-through=-lgcc --sysroot=/home/vietnq/.espressif/tools/xtensa-esp-elf/esp-14.2.0_20260121/xtensa-esp-elf/bin/../xtensa-esp-elf --dynconfig=xtensa_esp32.so -o cmTC_58163 -L/home/vietnq/.espressif/tools/xtensa-esp-elf/esp-14.2.0_20260121/xtensa-esp-elf/bin/../lib/gcc/xtensa-esp-elf/14.2.0/esp32/no-rtti -L/home/vietnq/.espressif/tools/xtensa-esp-elf/esp-14.2.0_20260121/xtensa-esp-elf/bin/../lib/gcc/xtensa-esp-elf/14.2.0/../../../../xtensa-esp-elf/lib/esp32/no-rtti -L/home/vietnq/.espressif/tools/xtensa-esp-elf/esp-14.2.0_20260121/xtensa-esp-elf/bin/../xtensa-esp-elf/lib/esp32/no-rtti -L/home/vietnq/.espressif/tools/xtensa-esp-elf/esp-14.2.0_20260121/xtensa-esp-elf/bin/../lib/gcc/xtensa-esp-elf/14.2.0 -L/home/vietnq/.espressif/tools/xtensa-esp-elf/esp-14.2.0_20260121/xtensa-esp-elf/bin/../lib/gcc -L/home/vietnq/.espressif/tools/xtensa-esp-elf/esp-14.2.0_20260121/xtensa-esp-elf/bin/../lib/gcc/xtensa-esp-elf/14.2.0/../../../../xtensa-esp-elf/lib -L/home/vietnq/.espressif/tools/xtensa-esp-elf/esp-14.2.0_20260121/xtensa-esp-elf/bin/../xtensa-esp-elf/lib -L/home/vietnq/.espressif/tools/xtensa-esp-elf/esp-14.2.0_20260121/xtensa-esp-elf/bin/../xtensa-esp-elf/usr/lib @/tmp/ccEkfP8Y -lgcc -lc -lnosys -lc -lgcc]
    arg [/home/vietnq/.espressif/tools/xtensa-esp-elf/esp-14.2.0_20260121/xtensa-esp-elf/bin/../libexec/gcc/xtensa-esp-elf/14.2.0/collect2] ==> ignore
    arg [-plugin] ==> ignore
    arg [/home/vietnq/.espressif/tools/xtensa-esp-elf/esp-14.2.0_20260121/xtensa-esp-elf/bin/../libexec/gcc/xtensa-esp-elf/14.2.0/liblto_plugin.so] ==> ignore
    arg [-plugin-opt=/home/vietnq/.espressif/tools/xtensa-esp-elf/esp-14.2.0_20260121/xtensa-esp-elf/bin/../libexec/gcc/xtensa-esp-elf/14.2.0/lto-wrapper] ==> ignore
    arg [-plugin-opt=-fresolution=/tmp/ccj7KUsd.res] ==> ignore
    arg [-plugin-opt=-pass-through=-lgcc] ==> ignore
    arg [-plugin-opt=-pass-through=-lc] ==> ignore
    arg [-plugin-opt=-pass-through=-lnosys] ==> ignore
    arg [-plugin-opt=-pass-through=-lc] ==> ignore
    arg [-plugin-opt=-pass-through=-lgcc] ==> ignore
    arg [--sysroot=/home/vietnq/.espressif/tools/xtensa-esp-elf/esp-14.2.0_20260121/xtensa-esp-elf/bin/../xtensa-esp-elf] ==> ignore
    arg [--dynconfig=xtensa_esp32.so] ==> ignore
    arg [-o] ==> ignore
    arg [cmTC_58163] ==> ignore
    arg [-L/home/vietnq/.espressif/tools/xtensa-esp-elf/esp-14.2.0_20260121/xtensa-esp-elf/bin/../lib/gcc/xtensa-esp-elf/14.2.0/esp32/no-rtti] ==> dir [/home/vietnq/.espressif/tools/xtensa-esp-elf/esp-14.2.0_20260121/xtensa-esp-elf/bin/../lib/gcc/xtensa-esp-elf/14.2.0/esp32/no-rtti]
    arg [-L/home/vietnq/.espressif/tools/xtensa-esp-elf/esp-14.2.0_20260121/xtensa-esp-elf/bin/../lib/gcc/xtensa-esp-elf/14.2.0/../../../../xtensa-esp-elf/lib/esp32/no-rtti] ==> dir [/home/vietnq/.espressif/tools/xtensa-esp-elf/esp-14.2.0_20260121/xtensa-esp-elf/bin/../lib/gcc/xtensa-esp-elf/14.2.0/../../../../xtensa-esp-elf/lib/esp32/no-rtti]
    arg [-L/home/vietnq/.espressif/tools/xtensa-esp-elf/esp-14.2.0_20260121/xtensa-esp-elf/bin/../xtensa-esp-elf/lib/esp32/no-rtti] ==> dir [/home/vietnq/.espressif/tools/xtensa-esp-elf/esp-14.2.0_20260121/xtensa-esp-elf/bin/../xtensa-esp-elf/lib/esp32/no-rtti]
    arg [-L/home/vietnq/.espressif/tools/xtensa-esp-elf/esp-14.2.0_20260121/xtensa-esp-elf/bin/../lib/gcc/xtensa-esp-elf/14.2.0] ==> dir [/home/vietnq/.espressif/tools/xtensa-esp-elf/esp-14.2.0_20260121/xtensa-esp-elf/bin/../lib/gcc/xtensa-esp-elf/14.2.0]
    arg [-L/home/vietnq/.espressif/tools/xtensa-esp-elf/esp-14.2.0_20260121/xtensa-esp-elf/bin/../lib/gcc] ==> dir [/home/vietnq/.espressif/tools/xtensa-esp-elf/esp-14.2.0_20260121/xtensa-esp-elf/bin/../lib/gcc]
    arg [-L/home/vietnq/.espressif/tools/xtensa-esp-elf/esp-14.2.0_20260121/xtensa-esp-elf/bin/../lib/gcc/xtensa-esp-elf/14.2.0/../../../../xtensa-esp-elf/lib] ==> dir [/home/vietnq/.espressif/tools/xtensa-esp-elf/esp-14.2.0_20260121/xtensa-esp-elf/bin/../lib/gcc/xtensa-esp-elf/14.2.0/../../../../xtensa-esp-elf/lib]
    arg [-L/home/vietnq/.espressif/tools/xtensa-esp-elf/esp-14.2.0_20260121/xtensa-esp-elf/bin/../xtensa-esp-elf/lib] ==> dir [/home/vietnq/.espressif/tools/xtensa-esp-elf/esp-14.2.0_20260121/xtensa-esp-elf/bin/../xtensa-esp-elf/lib]
    arg [-L/home/vietnq/.espressif/tools/xtensa-esp-elf/esp-14.2.0_20260121/xtensa-esp-elf/bin/../xtensa-esp-elf/usr/lib] ==> dir [/home/vietnq/.espressif/tools/xtensa-esp-elf/esp-14.2.0_20260121/xtensa-esp-elf/bin/../xtensa-esp-elf/usr/lib]
    arg [@/tmp/ccEkfP8Y] ==> ignore
    arg [-lgcc] ==> lib [gcc]
    arg [-lc] ==> lib [c]
    arg [-lnosys] ==> lib [nosys]
    arg [-lc] ==> lib [c]
    arg [-lgcc] ==> lib [gcc]
  collapse library dir [/home/vietnq/.espressif/tools/xtensa-esp-elf/esp-14.2.0_20260121/xtensa-esp-elf/bin/../lib/gcc/xtensa-esp-elf/14.2.0/esp32/no-rtti] ==> [/home/vietnq/.espressif/tools/xtensa-esp-elf/esp-14.2.0_20260121/xtensa-esp-elf/lib/gcc/xtensa-esp-elf/14.2.0/esp32/no-rtti]
  collapse library dir [/home/vietnq/.espressif/tools/xtensa-esp-elf/esp-14.2.0_20260121/xtensa-esp-elf/bin/../lib/gcc/xtensa-esp-elf/14.2.0/../../../../xtensa-esp-elf/lib/esp32/no-rtti] ==> [/home/vietnq/.espressif/tools/xtensa-esp-elf/esp-14.2.0_20260121/xtensa-esp-elf/xtensa-esp-elf/lib/esp32/no-rtti]
  collapse library dir [/home/vietnq/.espressif/tools/xtensa-esp-elf/esp-14.2.0_20260121/xtensa-esp-elf/bin/../xtensa-esp-elf/lib/esp32/no-rtti] ==> [/home/vietnq/.espressif/tools/xtensa-esp-elf/esp-14.2.0_20260121/xtensa-esp-elf/xtensa-esp-elf/lib/esp32/no-rtti]
  collapse library dir [/home/vietnq/.espressif/tools/xtensa-esp-elf/esp-14.2.0_20260121/xtensa-esp-elf/bin/../lib/gcc/xtensa-esp-elf/14.2.0] ==> [/home/vietnq/.espressif/tools/xtensa-esp-elf/esp-14.2.0_20260121/xtensa-esp-elf/lib/gcc/xtensa-esp-elf/14.2.0]
  collapse library dir [/home/vietnq/.espressif/tools/xtensa-esp-elf/esp-14.2.0_20260121/xtensa-esp-elf/bin/../lib/gcc] ==> [/home/vietnq/.espressif/tools/xtensa-esp-elf/esp-14.2.0_20260121/xtensa-esp-elf/lib/gcc]
  collapse library dir [/home/vietnq/.espressif/tools/xtensa-esp-elf/esp-14.2.0_20260121/xtensa-esp-elf/bin/../lib/gcc/xtensa-esp-elf/14.2.0/../../../../xtensa-esp-elf/lib] ==> [/home/vietnq/.espressif/tools/xtensa-esp-elf/esp-14.2.0_20260121/xtensa-esp-elf/xtensa-esp-elf/lib]
  collapse library dir [/home/vietnq/.espressif/tools/xtensa-esp-elf/esp-14.2.0_20260121/xtensa-esp-elf/bin/../xtensa-esp-elf/lib] ==> [/home/vietnq/.espressif/tools/xtensa-esp-elf/esp-14.2.0_20260121/xtensa-esp-elf/xtensa-esp-elf/lib]
  collapse library dir [/home/vietnq/.espressif/tools/xtensa-esp-elf/esp-14.2.0_20260121/xtensa-esp-elf/bin/../xtensa-esp-elf/usr/lib] ==> [/home/vietnq/.espressif/tools/xtensa-esp-elf/esp-14.2.0_20260121/xtensa-esp-elf/xtensa-esp-elf/usr/lib]
  implicit libs: [gcc;c;nosys;c;gcc]
  implicit objs: []
  implicit dirs: [/home/vietnq/.espressif/tools/xtensa-esp-elf/esp-14.2.0_20260121/xtensa-esp-elf/lib/gcc/xtensa-esp-elf/14.2.0/esp32/no-rtti;/home/vietnq/.espressif/tools/xtensa-esp-elf/esp-14.2.0_20260121/xtensa-esp-elf/xtensa-esp-elf/lib/esp32/no-rtti;/home/vietnq/.espressif/tools/xtensa-esp-elf/esp-14.2.0_20260121/xtensa-esp-elf/lib/gcc/xtensa-esp-elf/14.2.0;/home/vietnq/.espressif/tools/xtensa-esp-elf/esp-14.2.0_20260121/xtensa-esp-elf/lib/gcc;/home/vietnq/.espressif/tools/xtensa-esp-elf/esp-14.2.0_20260121/xtensa-esp-elf/xtensa-esp-elf/lib;/home/vietnq/.espressif/tools/xtensa-esp-elf/esp-14.2.0_20260121/xtensa-esp-elf/xtensa-esp-elf/usr/lib]
  implicit fwks: []


Detecting CXX compiler ABI info compiled with the following output:
Change Dir: /home/vietnq/esp/ota/build/bootloader/CMakeFiles/CMakeTmp

Run Build Command(s):/usr/bin/ninja cmTC_64d66 && [1/2] Building CXX object CMakeFiles/cmTC_64d66.dir/CMakeCXXCompilerABI.cpp.obj
Using built-in specs.
COLLECT_GCC=/home/vietnq/.espressif/tools/xtensa-esp-elf/esp-14.2.0_20260121/xtensa-esp-elf/bin/xtensa-esp-elf-g++
Target: xtensa-esp-elf
Configured with: /builds/idf/crosstool-NG/.build/xtensa-esp-elf/src/gcc/configure --build=x86_64-build_pc-linux-gnu --host=x86_64-build_pc-linux-gnu --target=xtensa-esp-elf --prefix=/builds/idf/crosstool-NG/builds/xtensa-esp-elf --exec_prefix=/builds/idf/crosstool-NG/builds/xtensa-esp-elf --with-local-prefix=/builds/idf/crosstool-NG/builds/xtensa-esp-elf/xtensa-esp-elf --with-sysroot=/builds/idf/crosstool-NG/builds/xtensa-esp-elf/xtensa-esp-elf --with-native-system-header-dir=/include --with-headers=/builds/idf/crosstool-NG/builds/xtensa-esp-elf/xtensa-esp-elf/include --with-newlib --enable-threads=no --disable-shared --with-pkgversion='crosstool-NG esp-14.2.0_20260121' --disable-__cxa_atexit --enable-cxx-flags='-ffunction-sections -fdata-sections' --disable-libgomp --disable-libmudflap --disable-libmpx --disable-libssp --disable-libquadmath --disable-libquadmath-support --disable-libstdcxx-verbose --with-gmp=/builds/idf/crosstool-NG/.build/xtensa-esp-elf/buildtools --with-mpfr=/builds/idf/crosstool-NG/.build/xtensa-esp-elf/buildtools --with-mpc=/builds/idf/crosstool-NG/.build/xtensa-esp-elf/buildtools --with-isl=/builds/idf/crosstool-NG/.build/xtensa-esp-elf/buildtools --enable-lto --enable-target-optspace --without-long-double-128 --enable-plugin --disable-nls --enable-multiarch --enable-languages=c,c++ --disable-libstdcxx-verbose --enable-threads=posix --enable-libstdcxx-time=yes --disable-win32-utf8-manifest
Thread model: posix
Supported LTO compression algorithms: zlib zstd
gcc version 14.2.0 (crosstool-NG esp-14.2.0_20260121) 
COLLECT_GCC_OPTIONS='-mdynconfig=xtensa_esp32.so' '-Wno-frame-address' '-mlongcalls' '-fno-builtin-memcpy' '-fno-builtin-memset' '-fno-builtin-bzero' '-fno-rtti' '-v' '-o' 'CMakeFiles/cmTC_64d66.dir/CMakeCXXCompilerABI.cpp.obj' '-c' '-dumpdir' 'CMakeFiles/cmTC_64d66.dir/'
 /home/vietnq/.espressif/tools/xtensa-esp-elf/esp-14.2.0_20260121/xtensa-esp-elf/bin/../libexec/gcc/xtensa-esp-elf/14.2.0/cc1plus -quiet -v -imultilib esp32/no-rtti -iprefix /home/vietnq/.espressif/tools/xtensa-esp-elf/esp-14.2.0_20260121/xtensa-esp-elf/bin/../lib/gcc/xtensa-esp-elf/14.2.0/ -isysroot /home/vietnq/.espressif/tools/xtensa-esp-elf/esp-14.2.0_20260121/xtensa-esp-elf/bin/../xtensa-esp-elf /usr/share/cmake-3.22/Modules/CMakeCXXCompilerABI.cpp -quiet -dumpdir CMakeFiles/cmTC_64d66.dir/ -dumpbase CMakeCXXCompilerABI.cpp.cpp -dumpbase-ext .cpp -mdynconfig=xtensa_esp32.so -mlongcalls -Wno-frame-address -version -fno-builtin-memcpy -fno-builtin-memset -fno-builtin-bzero -fno-rtti -o /tmp/cc6Ie4me.s
GNU C++17 (crosstool-NG esp-14.2.0_20260121) version 14.2.0 (xtensa-esp-elf)
	compiled by GNU C version 6.3.0, GMP version 6.3.0, MPFR version 4.2.1, MPC version 1.3.1, isl version isl-0.26-GMP

GGC heuristics: --param ggc-min-expand=100 --param ggc-min-heapsize=131072
ignoring duplicate directory "/home/vietnq/.espressif/tools/xtensa-esp-elf/esp-14.2.0_20260121/xtensa-esp-elf/bin/../lib/gcc/../../lib/gcc/xtensa-esp-elf/14.2.0/../../../../xtensa-esp-elf/include/c++/14.2.0"
ignoring duplicate directory "/home/vietnq/.espressif/tools/xtensa-esp-elf/esp-14.2.0_20260121/xtensa-esp-elf/bin/../lib/gcc/../../lib/gcc/xtensa-esp-elf/14.2.0/../../../../xtensa-esp-elf/include/c++/14.2.0/xtensa-esp-elf/esp32/no-rtti"
ignoring duplicate directory "/home/vietnq/.espressif/tools/xtensa-esp-elf/esp-14.2.0_20260121/xtensa-esp-elf/bin/../lib/gcc/../../lib/gcc/xtensa-esp-elf/14.2.0/../../../../xtensa-esp-elf/include/c++/14.2.0/backward"
ignoring duplicate directory "/home/vietnq/.espressif/tools/xtensa-esp-elf/esp-14.2.0_20260121/xtensa-esp-elf/bin/../lib/gcc/../../lib/gcc/xtensa-esp-elf/14.2.0/include"
ignoring nonexistent directory "/home/vietnq/.espressif/tools/xtensa-esp-elf/esp-14.2.0_20260121/xtensa-esp-elf/bin/../xtensa-esp-elf/builds/idf/crosstool-NG/builds/xtensa-esp-elf/xtensa-esp-elf/include"
ignoring duplicate directory "/home/vietnq/.espressif/tools/xtensa-esp-elf/esp-14.2.0_20260121/xtensa-esp-elf/bin/../lib/gcc/../../lib/gcc/xtensa-esp-elf/14.2.0/include-fixed"
ignoring duplicate directory "/home/vietnq/.espressif/tools/xtensa-esp-elf/esp-14.2.0_20260121/xtensa-esp-elf/bin/../lib/gcc/../../lib/gcc/xtensa-esp-elf/14.2.0/../../../../xtensa-esp-elf/include"
ignoring duplicate directory "/home/vietnq/.espressif/tools/xtensa-esp-elf/esp-14.2.0_20260121/xtensa-esp-elf/bin/../xtensa-esp-elf/include"
#include "..." search starts here:
#include <...> search starts here:
 /home/vietnq/.espressif/tools/xtensa-esp-elf/esp-14.2.0_20260121/xtensa-esp-elf/bin/../lib/gcc/xtensa-esp-elf/14.2.0/../../../../xtensa-esp-elf/include/c++/14.2.0
 /home/vietnq/.espressif/tools/xtensa-esp-elf/esp-14.2.0_20260121/xtensa-esp-elf/bin/../lib/gcc/xtensa-esp-elf/14.2.0/../../../../xtensa-esp-elf/include/c++/14.2.0/xtensa-esp-elf/esp32/no-rtti
 /home/vietnq/.espressif/tools/xtensa-esp-elf/esp-14.2.0_20260121/xtensa-esp-elf/bin/../lib/gcc/xtensa-esp-elf/14.2.0/../../../../xtensa-esp-elf/include/c++/14.2.0/backward
 /home/vietnq/.espressif/tools/xtensa-esp-elf/esp-14.2.0_20260121/xtensa-esp-elf/bin/../lib/gcc/xtensa-esp-elf/14.2.0/include
 /home/vietnq/.espressif/tools/xtensa-esp-elf/esp-14.2.0_20260121/xtensa-esp-elf/bin/../lib/gcc/xtensa-esp-elf/14.2.0/include-fixed
 /home/vietnq/.espressif/tools/xtensa-esp-elf/esp-14.2.0_20260121/xtensa-esp-elf/bin/../lib/gcc/xtensa-esp-elf/14.2.0/../../../../xtensa-esp-elf/include
End of search list.
Compiler executable checksum: a254981dd59757a59628c9ca49d36a87
COLLECT_GCC_OPTIONS='-mdynconfig=xtensa_esp32.so' '-Wno-frame-address' '-mlongcalls' '-fno-builtin-memcpy' '-fno-builtin-memset' '-fno-builtin-bzero' '-fno-rtti' '-v' '-o' 'CMakeFiles/cmTC_64d66.dir/CMakeCXXCompilerABI.cpp.obj' '-c' '-dumpdir' 'CMakeFiles/cmTC_64d66.dir/'
 /home/vietnq/.espressif/tools/xtensa-esp-elf/esp-14.2.0_20260121/xtensa-esp-elf/bin/../lib/gcc/xtensa-esp-elf/14.2.0/../../../../xtensa-esp-elf/bin/as --traditional-format --longcalls --dynconfig=xtensa_esp32.so -o CMakeFiles/cmTC_64d66.dir/CMakeCXXCompilerABI.cpp.obj /tmp/cc6Ie4me.s
COMPILER_PATH=/home/vietnq/.espressif/tools/xtensa-esp-elf/esp-14.2.0_20260121/xtensa-esp-elf/bin/../libexec/gcc/xtensa-esp-elf/14.2.0/:/home/vietnq/.espressif/tools/xtensa-esp-elf/esp-14.2.0_20260121/xtensa-esp-elf/bin/../libexec/gcc/:/home/vietnq/.espressif/tools/xtensa-esp-elf/esp-14.2.0_20260121/xtensa-esp-elf/bin/../lib/gcc/xtensa-esp-elf/14.2.0/../../../../xtensa-esp-elf/bin/
LIBRARY_PATH=/home/vietnq/.espressif/tools/xtensa-esp-elf/esp-14.2.0_20260121/xtensa-esp-elf/bin/../lib/gcc/xtensa-esp-elf/14.2.0/esp32/no-rtti/:/home/vietnq/.espressif/tools/xtensa-esp-elf/esp-14.2.0_20260121/xtensa-esp-elf/bin/../lib/gcc/xtensa-esp-elf/14.2.0/../../../../xtensa-esp-elf/lib/esp32/no-rtti/:/home/vietnq/.espressif/tools/xtensa-esp-elf/esp-14.2.0_20260121/xtensa-esp-elf/bin/../xtensa-esp-elf/lib/esp32/no-rtti/:/home/vietnq/.espressif/tools/xtensa-esp-elf/esp-14.2.0_20260121/xtensa-esp-elf/bin/../lib/gcc/xtensa-esp-elf/14.2.0/:/home/vietnq/.espressif/tools/xtensa-esp-elf/esp-14.2.0_20260121/xtensa-esp-elf/bin/../lib/gcc/:/home/vietnq/.espressif/tools/xtensa-esp-elf/esp-14.2.0_20260121/xtensa-esp-elf/bin/../lib/gcc/xtensa-esp-elf/14.2.0/../../../../xtensa-esp-elf/lib/:/home/vietnq/.espressif/tools/xtensa-esp-elf/esp-14.2.0_20260121/xtensa-esp-elf/bin/../xtensa-esp-elf/lib/:/home/vietnq/.espressif/tools/xtensa-esp-elf/esp-14.2.0_20260121/xtensa-esp-elf/bin/../xtensa-esp-elf/usr/lib/
COLLECT_GCC_OPTIONS='-mdynconfig=xtensa_esp32.so' '-Wno-frame-address' '-mlongcalls' '-fno-builtin-memcpy' '-fno-builtin-memset' '-fno-builtin-bzero' '-fno-rtti' '-v' '-o' 'CMakeFiles/cmTC_64d66.dir/CMakeCXXCompilerABI.cpp.obj' '-c' '-dumpdir' 'CMakeFiles/cmTC_64d66.dir/CMakeCXXCompilerABI.cpp.'
[2/2] Linking CXX executable cmTC_64d66
Using built-in specs.
COLLECT_GCC=/home/vietnq/.espressif/tools/xtensa-esp-elf/esp-14.2.0_20260121/xtensa-esp-elf/bin/xtensa-esp-elf-g++
COLLECT_LTO_WRAPPER=/home/vietnq/.espressif/tools/xtensa-esp-elf/esp-14.2.0_20260121/xtensa-esp-elf/bin/../libexec/gcc/xtensa-esp-elf/14.2.0/lto-wrapper
Target: xtensa-esp-elf
Configured with: /builds/idf/crosstool-NG/.build/xtensa-esp-elf/src/gcc/configure --build=x86_64-build_pc-linux-gnu --host=x86_64-build_pc-linux-gnu --target=xtensa-esp-elf --prefix=/builds/idf/crosstool-NG/builds/xtensa-esp-elf --exec_prefix=/builds/idf/crosstool-NG/builds/xtensa-esp-elf --with-local-prefix=/builds/idf/crosstool-NG/builds/xtensa-esp-elf/xtensa-esp-elf --with-sysroot=/builds/idf/crosstool-NG/builds/xtensa-esp-elf/xtensa-esp-elf --with-native-system-header-dir=/include --with-headers=/builds/idf/crosstool-NG/builds/xtensa-esp-elf/xtensa-esp-elf/include --with-newlib --enable-threads=no --disable-shared --with-pkgversion='crosstool-NG esp-14.2.0_20260121' --disable-__cxa_atexit --enable-cxx-flags='-ffunction-sections -fdata-sections' --disable-libgomp --disable-libmudflap --disable-libmpx --disable-libssp --disable-libquadmath --disable-libquadmath-support --disable-libstdcxx-verbose --with-gmp=/builds/idf/crosstool-NG/.build/xtensa-esp-elf/buildtools --with-mpfr=/builds/idf/crosstool-NG/.build/xtensa-esp-elf/buildtools --with-mpc=/builds/idf/crosstool-NG/.build/xtensa-esp-elf/buildtools --with-isl=/builds/idf/crosstool-NG/.build/xtensa-esp-elf/buildtools --enable-lto --enable-target-optspace --without-long-double-128 --enable-plugin --disable-nls --enable-multiarch --enable-languages=c,c++ --disable-libstdcxx-verbose --enable-threads=posix --enable-libstdcxx-time=yes --disable-win32-utf8-manifest
Thread model: posix
Supported LTO compression algorithms: zlib zstd
gcc version 14.2.0 (crosstool-NG esp-14.2.0_20260121) 
COMPILER_PATH=/home/vietnq/.espressif/tools/xtensa-esp-elf/esp-14.2.0_20260121/xtensa-esp-elf/bin/../libexec/gcc/xtensa-esp-elf/14.2.0/:/home/vietnq/.espressif/tools/xtensa-esp-elf/esp-14.2.0_20260121/xtensa-esp-elf/bin/../libexec/gcc/:/home/vietnq/.espressif/tools/xtensa-esp-elf/esp-14.2.0_20260121/xtensa-esp-elf/bin/../lib/gcc/xtensa-esp-elf/14.2.0/../../../../xtensa-esp-elf/bin/
LIBRARY_PATH=/home/vietnq/.espressif/tools/xtensa-esp-elf/esp-14.2.0_20260121/xtensa-esp-elf/bin/../lib/gcc/xtensa-esp-elf/14.2.0/esp32/no-rtti/:/home/vietnq/.espressif/tools/xtensa-esp-elf/esp-14.2.0_20260121/xtensa-esp-elf/bin/../lib/gcc/xtensa-esp-elf/14.2.0/../../../../xtensa-esp-elf/lib/esp32/no-rtti/:/home/vietnq/.espressif/tools/xtensa-esp-elf/esp-14.2.0_20260121/xtensa-esp-elf/bin/../xtensa-esp-elf/lib/esp32/no-rtti/:/home/vietnq/.espressif/tools/xtensa-esp-elf/esp-14.2.0_20260121/xtensa-esp-elf/bin/../lib/gcc/xtensa-esp-elf/14.2.0/:/home/vietnq/.espressif/tools/xtensa-esp-elf/esp-14.2.0_20260121/xtensa-esp-elf/bin/../lib/gcc/:/home/vietnq/.espressif/tools/xtensa-esp-elf/esp-14.2.0_20260121/xtensa-esp-elf/bin/../lib/gcc/xtensa-esp-elf/14.2.0/../../../../xtensa-esp-elf/lib/:/home/vietnq/.espressif/tools/xtensa-esp-elf/esp-14.2.0_20260121/xtensa-esp-elf/bin/../xtensa-esp-elf/lib/:/home/vietnq/.espressif/tools/xtensa-esp-elf/esp-14.2.0_20260121/xtensa-esp-elf/bin/../xtensa-esp-elf/usr/lib/
COLLECT_GCC_OPTIONS='-mdynconfig=xtensa_esp32.so' '-Wno-frame-address' '-mlongcalls' '-fno-builtin-memcpy' '-fno-builtin-memset' '-fno-builtin-bzero' '-nostartfiles' '-fno-rtti' '-v' '-o' 'cmTC_64d66' '-dumpdir' 'cmTC_64d66.'
 /home/vietnq/.espressif/tools/xtensa-esp-elf/esp-14.2.0_20260121/xtensa-esp-elf/bin/../libexec/gcc/xtensa-esp-elf/14.2.0/collect2 -plugin /home/vietnq/.espressif/tools/xtensa-esp-elf/esp-14.2.0_20260121/xtensa-esp-elf/bin/../libexec/gcc/xtensa-esp-elf/14.2.0/liblto_plugin.so -plugin-opt=/home/vietnq/.espressif/tools/xtensa-esp-elf/esp-14.2.0_20260121/xtensa-esp-elf/bin/../libexec/gcc/xtensa-esp-elf/14.2.0/lto-wrapper -plugin-opt=-fresolution=/tmp/cc2wxZin.res -plugin-opt=-pass-through=-lgcc -plugin-opt=-pass-through=-lc -plugin-opt=-pass-through=-lnosys -plugin-opt=-pass-through=-lc -plugin-opt=-pass-through=-lgcc --sysroot=/home/vietnq/.espressif/tools/xtensa-esp-elf/esp-14.2.0_20260121/xtensa-esp-elf/bin/../xtensa-esp-elf --dynconfig=xtensa_esp32.so -o cmTC_64d66 -L/home/vietnq/.espressif/tools/xtensa-esp-elf/esp-14.2.0_20260121/xtensa-esp-elf/bin/../lib/gcc/xtensa-esp-elf/14.2.0/esp32/no-rtti -L/home/vietnq/.espressif/tools/xtensa-esp-elf/esp-14.2.0_20260121/xtensa-esp-elf/bin/../lib/gcc/xtensa-esp-elf/14.2.0/../../../../xtensa-esp-elf/lib/esp32/no-rtti -L/home/vietnq/.espressif/tools/xtensa-esp-elf/esp-14.2.0_20260121/xtensa-esp-elf/bin/../xtensa-esp-elf/lib/esp32/no-rtti -L/home/vietnq/.espressif/tools/xtensa-esp-elf/esp-14.2.0_20260121/xtensa-esp-elf/bin/../lib/gcc/xtensa-esp-elf/14.2.0 -L/home/vietnq/.espressif/tools/xtensa-esp-elf/esp-14.2.0_20260121/xtensa-esp-elf/bin/../lib/gcc -L/home/vietnq/.espressif/tools/xtensa-esp-elf/esp-14.2.0_20260121/xtensa-esp-elf/bin/../lib/gcc/xtensa-esp-elf/14.2.0/../../../../xtensa-esp-elf/lib -L/home/vietnq/.espressif/tools/xtensa-esp-elf/esp-14.2.0_20260121/xtensa-esp-elf/bin/../xtensa-esp-elf/lib -L/home/vietnq/.espressif/tools/xtensa-esp-elf/esp-14.2.0_20260121/xtensa-esp-elf/bin/../xtensa-esp-elf/usr/lib @/tmp/ccCaFo4d -lgcc -lc -lnosys -lc -lgcc
/home/vietnq/.espressif/tools/xtensa-esp-elf/esp-14.2.0_20260121/xtensa-esp-elf/bin/../lib/gcc/xtensa-esp-elf/14.2.0/../../../../xtensa-esp-elf/bin/ld: warning: cannot find entry symbol _start; defaulting to 00400054
COLLECT_GCC_OPTIONS='-mdynconfig=xtensa_esp32.so' '-Wno-frame-address' '-mlongcalls' '-fno-builtin-memcpy' '-fno-builtin-memset' '-fno-builtin-bzero' '-nostartfiles' '-fno-rtti' '-v' '-o' 'cmTC_64d66' '-dumpdir' 'cmTC_64d66.'



Parsed CXX implicit include dir info from above output: rv=done
  found start of include info
  found start of implicit include info
    add: [/home/vietnq/.espressif/tools/xtensa-esp-elf/esp-14.2.0_20260121/xtensa-esp-elf/bin/../lib/gcc/xtensa-esp-elf/14.2.0/../../../../xtensa-esp-elf/include/c++/14.2.0]
    add: [/home/vietnq/.espressif/tools/xtensa-esp-elf/esp-14.2.0_20260121/xtensa-esp-elf/bin/../lib/gcc/xtensa-esp-elf/14.2.0/../../../../xtensa-esp-elf/include/c++/14.2.0/xtensa-esp-elf/esp32/no-rtti]
    add: [/home/vietnq/.espressif/tools/xtensa-esp-elf/esp-14.2.0_20260121/xtensa-esp-elf/bin/../lib/gcc/xtensa-esp-elf/14.2.0/../../../../xtensa-esp-elf/include/c++/14.2.0/backward]
    add: [/home/vietnq/.espressif/tools/xtensa-esp-elf/esp-14.2.0_20260121/xtensa-esp-elf/bin/../lib/gcc/xtensa-esp-elf/14.2.0/include]
    add: [/home/vietnq/.espressif/tools/xtensa-esp-elf/esp-14.2.0_20260121/xtensa-esp-elf/bin/../lib/gcc/xtensa-esp-elf/14.2.0/include-fixed]
    add: [/home/vietnq/.espressif/tools/xtensa-esp-elf/esp-14.2.0_20260121/xtensa-esp-elf/bin/../lib/gcc/xtensa-esp-elf/14.2.0/../../../../xtensa-esp-elf/include]
  end of search list found
  collapse include dir [/home/vietnq/.espressif/tools/xtensa-esp-elf/esp-14.2.0_20260121/xtensa-esp-elf/bin/../lib/gcc/xtensa-esp-elf/14.2.0/../../../../xtensa-esp-elf/include/c++/14.2.0] ==> [/home/vietnq/.espressif/tools/xtensa-esp-elf/esp-14.2.0_20260121/xtensa-esp-elf/xtensa-esp-elf/include/c++/14.2.0]
  collapse include dir [/home/vietnq/.espressif/tools/xtensa-esp-elf/esp-14.2.0_20260121/xtensa-esp-elf/bin/../lib/gcc/xtensa-esp-elf/14.2.0/../../../../xtensa-esp-elf/include/c++/14.2.0/xtensa-esp-elf/esp32/no-rtti] ==> [/home/vietnq/.espressif/tools/xtensa-esp-elf/esp-14.2.0_20260121/xtensa-esp-elf/xtensa-esp-elf/include/c++/14.2.0/xtensa-esp-elf/esp32/no-rtti]
  collapse include dir [/home/vietnq/.espressif/tools/xtensa-esp-elf/esp-14.2.0_20260121/xtensa-esp-elf/bin/../lib/gcc/xtensa-esp-elf/14.2.0/../../../../xtensa-esp-elf/include/c++/14.2.0/backward] ==> [/home/vietnq/.espressif/tools/xtensa-esp-elf/esp-14.2.0_20260121/xtensa-esp-elf/xtensa-esp-elf/include/c++/14.2.0/backward]
  collapse include dir [/home/vietnq/.espressif/tools/xtensa-esp-elf/esp-14.2.0_20260121/xtensa-esp-elf/bin/../lib/gcc/xtensa-esp-elf/14.2.0/include] ==> [/home/vietnq/.espressif/tools/xtensa-esp-elf/esp-14.2.0_20260121/xtensa-esp-elf/lib/gcc/xtensa-esp-elf/14.2.0/include]
  collapse include dir [/home/vietnq/.espressif/tools/xtensa-esp-elf/esp-14.2.0_20260121/xtensa-esp-elf/bin/../lib/gcc/xtensa-esp-elf/14.2.0/include-fixed] ==> [/home/vietnq/.espressif/tools/xtensa-esp-elf/esp-14.2.0_20260121/xtensa-esp-elf/lib/gcc/xtensa-esp-elf/14.2.0/include-fixed]
  collapse include dir [/home/vietnq/.espressif/tools/xtensa-esp-elf/esp-14.2.0_20260121/xtensa-esp-elf/bin/../lib/gcc/xtensa-esp-elf/14.2.0/../../../../xtensa-esp-elf/include] ==> [/home/vietnq/.espressif/tools/xtensa-esp-elf/esp-14.2.0_20260121/xtensa-esp-elf/xtensa-esp-elf/include]
  implicit include dirs: [/home/vietnq/.espressif/tools/xtensa-esp-elf/esp-14.2.0_20260121/xtensa-esp-elf/xtensa-esp-elf/include/c++/14.2.0;/home/vietnq/.espressif/tools/xtensa-esp-elf/esp-14.2.0_20260121/xtensa-esp-elf/xtensa-esp-elf/include/c++/14.2.0/xtensa-esp-elf/esp32/no-rtti;/home/vietnq/.espressif/tools/xtensa-esp-elf/esp-14.2.0_20260121/xtensa-esp-elf/xtensa-esp-elf/include/c++/14.2.0/backward;/home/vietnq/.espressif/tools/xtensa-esp-elf/esp-14.2.0_20260121/xtensa-esp-elf/lib/gcc/xtensa-esp-elf/14.2.0/include;/home/vietnq/.espressif/tools/xtensa-esp-elf/esp-14.2.0_20260121/xtensa-esp-elf/lib/gcc/xtensa-esp-elf/14.2.0/include-fixed;/home/vietnq/.espressif/tools/xtensa-esp-elf/esp-14.2.0_20260121/xtensa-esp-elf/xtensa-esp-elf/include]


Parsed CXX implicit link information from above output:
  link line regex: [^( *|.*[/\])(xtensa-esp32-elf-ld|CMAKE_LINK_STARTFILE-NOTFOUND|([^/\]+-)?ld|collect2)[^/\]*( |$)]
  ignore line: [Change Dir: /home/vietnq/esp/ota/build/bootloader/CMakeFiles/CMakeTmp]
  ignore line: []
  ignore line: [Run Build Command(s):/usr/bin/ninja cmTC_64d66 && [1/2] Building CXX object CMakeFiles/cmTC_64d66.dir/CMakeCXXCompilerABI.cpp.obj]
  ignore line: [Using built-in specs.]
  ignore line: [COLLECT_GCC=/home/vietnq/.espressif/tools/xtensa-esp-elf/esp-14.2.0_20260121/xtensa-esp-elf/bin/xtensa-esp-elf-g++]
  ignore line: [Target: xtensa-esp-elf]
  ignore line: [Configured with: /builds/idf/crosstool-NG/.build/xtensa-esp-elf/src/gcc/configure --build=x86_64-build_pc-linux-gnu --host=x86_64-build_pc-linux-gnu --target=xtensa-esp-elf --prefix=/builds/idf/crosstool-NG/builds/xtensa-esp-elf --exec_prefix=/builds/idf/crosstool-NG/builds/xtensa-esp-elf --with-local-prefix=/builds/idf/crosstool-NG/builds/xtensa-esp-elf/xtensa-esp-elf --with-sysroot=/builds/idf/crosstool-NG/builds/xtensa-esp-elf/xtensa-esp-elf --with-native-system-header-dir=/include --with-headers=/builds/idf/crosstool-NG/builds/xtensa-esp-elf/xtensa-esp-elf/include --with-newlib --enable-threads=no --disable-shared --with-pkgversion='crosstool-NG esp-14.2.0_20260121' --disable-__cxa_atexit --enable-cxx-flags='-ffunction-sections -fdata-sections' --disable-libgomp --disable-libmudflap --disable-libmpx --disable-libssp --disable-libquadmath --disable-libquadmath-support --disable-libstdcxx-verbose --with-gmp=/builds/idf/crosstool-NG/.build/xtensa-esp-elf/buildtools --with-mpfr=/builds/idf/crosstool-NG/.build/xtensa-esp-elf/buildtools --with-mpc=/builds/idf/crosstool-NG/.build/xtensa-esp-elf/buildtools --with-isl=/builds/idf/crosstool-NG/.build/xtensa-esp-elf/buildtools --enable-lto --enable-target-optspace --without-long-double-128 --enable-plugin --disable-nls --enable-multiarch --enable-languages=c c++ --disable-libstdcxx-verbose --enable-threads=posix --enable-libstdcxx-time=yes --disable-win32-utf8-manifest]
  ignore line: [Thread model: posix]
  ignore line: [Supported LTO compression algorithms: zlib zstd]
  ignore line: [gcc version 14.2.0 (crosstool-NG esp-14.2.0_20260121) ]
  ignore line: [COLLECT_GCC_OPTIONS='-mdynconfig=xtensa_esp32.so' '-Wno-frame-address' '-mlongcalls' '-fno-builtin-memcpy' '-fno-builtin-memset' '-fno-builtin-bzero' '-fno-rtti' '-v' '-o' 'CMakeFiles/cmTC_64d66.dir/CMakeCXXCompilerABI.cpp.obj' '-c' '-dumpdir' 'CMakeFiles/cmTC_64d66.dir/']
  ignore line: [ /home/vietnq/.espressif/tools/xtensa-esp-elf/esp-14.2.0_20260121/xtensa-esp-elf/bin/../libexec/gcc/xtensa-esp-elf/14.2.0/cc1plus -quiet -v -imultilib esp32/no-rtti -iprefix /home/vietnq/.espressif/tools/xtensa-esp-elf/esp-14.2.0_20260121/xtensa-esp-elf/bin/../lib/gcc/xtensa-esp-elf/14.2.0/ -isysroot /home/vietnq/.espressif/tools/xtensa-esp-elf/esp-14.2.0_20260121/xtensa-esp-elf/bin/../xtensa-esp-elf /usr/share/cmake-3.22/Modules/CMakeCXXCompilerABI.cpp -quiet -dumpdir CMakeFiles/cmTC_64d66.dir/ -dumpbase CMakeCXXCompilerABI.cpp.cpp -dumpbase-ext .cpp -mdynconfig=xtensa_esp32.so -mlongcalls -Wno-frame-address -version -fno-builtin-memcpy -fno-builtin-memset -fno-builtin-bzero -fno-rtti -o /tmp/cc6Ie4me.s]
  ignore line: [GNU C++17 (crosstool-NG esp-14.2.0_20260121) version 14.2.0 (xtensa-esp-elf)]
  ignore line: [	compiled by GNU C version 6.3.0  GMP version 6.3.0  MPFR version 4.2.1  MPC version 1.3.1  isl version isl-0.26-GMP]
  ignore line: []
  ignore line: [GGC heuristics: --param ggc-min-expand=100 --param ggc-min-heapsize=131072]
  ignore line: [ignoring duplicate directory "/home/vietnq/.espressif/tools/xtensa-esp-elf/esp-14.2.0_20260121/xtensa-esp-elf/bin/../lib/gcc/../../lib/gcc/xtensa-esp-elf/14.2.0/../../../../xtensa-esp-elf/include/c++/14.2.0"]
  ignore line: [ignoring duplicate directory "/home/vietnq/.espressif/tools/xtensa-esp-elf/esp-14.2.0_20260121/xtensa-esp-elf/bin/../lib/gcc/../../lib/gcc/xtensa-esp-elf/14.2.0/../../../../xtensa-esp-elf/include/c++/14.2.0/xtensa-esp-elf/esp32/no-rtti"]
  ignore line: [ignoring duplicate directory "/home/vietnq/.espressif/tools/xtensa-esp-elf/esp-14.2.0_20260121/xtensa-esp-elf/bin/../lib/gcc/../../lib/gcc/xtensa-esp-elf/14.2.0/../../../../xtensa-esp-elf/include/c++/14.2.0/backward"]
  ignore line: [ignoring duplicate directory "/home/vietnq/.espressif/tools/xtensa-esp-elf/esp-14.2.0_20260121/xtensa-esp-elf/bin/../lib/gcc/../../lib/gcc/xtensa-esp-elf/14.2.0/include"]
  ignore line: [ignoring nonexistent directory "/home/vietnq/.espressif/tools/xtensa-esp-elf/esp-14.2.0_20260121/xtensa-esp-elf/bin/../xtensa-esp-elf/builds/idf/crosstool-NG/builds/xtensa-esp-elf/xtensa-esp-elf/include"]
  ignore line: [ignoring duplicate directory "/home/vietnq/.espressif/tools/xtensa-esp-elf/esp-14.2.0_20260121/xtensa-esp-elf/bin/../lib/gcc/../../lib/gcc/xtensa-esp-elf/14.2.0/include-fixed"]
  ignore line: [ignoring duplicate directory "/home/vietnq/.espressif/tools/xtensa-esp-elf/esp-14.2.0_20260121/xtensa-esp-elf/bin/../lib/gcc/../../lib/gcc/xtensa-esp-elf/14.2.0/../../../../xtensa-esp-elf/include"]
  ignore line: [ignoring duplicate directory "/home/vietnq/.espressif/tools/xtensa-esp-elf/esp-14.2.0_20260121/xtensa-esp-elf/bin/../xtensa-esp-elf/include"]
  ignore line: [#include "..." search starts here:]
  ignore line: [#include <...> search starts here:]
  ignore line: [ /home/vietnq/.espressif/tools/xtensa-esp-elf/esp-14.2.0_20260121/xtensa-esp-elf/bin/../lib/gcc/xtensa-esp-elf/14.2.0/../../../../xtensa-esp-elf/include/c++/14.2.0]
  ignore line: [ /home/vietnq/.espressif/tools/xtensa-esp-elf/esp-14.2.0_20260121/xtensa-esp-elf/bin/../lib/gcc/xtensa-esp-elf/14.2.0/../../../../xtensa-esp-elf/include/c++/14.2.0/xtensa-esp-elf/esp32/no-rtti]
  ignore line: [ /home/vietnq/.espressif/tools/xtensa-esp-elf/esp-14.2.0_20260121/xtensa-esp-elf/bin/../lib/gcc/xtensa-esp-elf/14.2.0/../../../../xtensa-esp-elf/include/c++/14.2.0/backward]
  ignore line: [ /home/vietnq/.espressif/tools/xtensa-esp-elf/esp-14.2.0_20260121/xtensa-esp-elf/bin/../lib/gcc/xtensa-esp-elf/14.2.0/include]
  ignore line: [ /home/vietnq/.espressif/tools/xtensa-esp-elf/esp-14.2.0_20260121/xtensa-esp-elf/bin/../lib/gcc/xtensa-esp-elf/14.2.0/include-fixed]
  ignore line: [ /home/vietnq/.espressif/tools/xtensa-esp-elf/esp-14.2.0_20260121/xtensa-esp-elf/bin/../lib/gcc/xtensa-esp-elf/14.2.0/../../../../xtensa-esp-elf/include]
  ignore line: [End of search list.]
  ignore line: [Compiler executable checksum: a254981dd59757a59628c9ca49d36a87]
  ignore line: [COLLECT_GCC_OPTIONS='-mdynconfig=xtensa_esp32.so' '-Wno-frame-address' '-mlongcalls' '-fno-builtin-memcpy' '-fno-builtin-memset' '-fno-builtin-bzero' '-fno-rtti' '-v' '-o' 'CMakeFiles/cmTC_64d66.dir/CMakeCXXCompilerABI.cpp.obj' '-c' '-dumpdir' 'CMakeFiles/cmTC_64d66.dir/']
  ignore line: [ /home/vietnq/.espressif/tools/xtensa-esp-elf/esp-14.2.0_20260121/xtensa-esp-elf/bin/../lib/gcc/xtensa-esp-elf/14.2.0/../../../../xtensa-esp-elf/bin/as --traditional-format --longcalls --dynconfig=xtensa_esp32.so -o CMakeFiles/cmTC_64d66.dir/CMakeCXXCompilerABI.cpp.obj /tmp/cc6Ie4me.s]
  ignore line: [COMPILER_PATH=/home/vietnq/.espressif/tools/xtensa-esp-elf/esp-14.2.0_20260121/xtensa-esp-elf/bin/../libexec/gcc/xtensa-esp-elf/14.2.0/:/home/vietnq/.espressif/tools/xtensa-esp-elf/esp-14.2.0_20260121/xtensa-esp-elf/bin/../libexec/gcc/:/home/vietnq/.espressif/tools/xtensa-esp-elf/esp-14.2.0_20260121/xtensa-esp-elf/bin/../lib/gcc/xtensa-esp-elf/14.2.0/../../../../xtensa-esp-elf/bin/]
  ignore line: [LIBRARY_PATH=/home/vietnq/.espressif/tools/xtensa-esp-elf/esp-14.2.0_20260121/xtensa-esp-elf/bin/../lib/gcc/xtensa-esp-elf/14.2.0/esp32/no-rtti/:/home/vietnq/.espressif/tools/xtensa-esp-elf/esp-14.2.0_20260121/xtensa-esp-elf/bin/../lib/gcc/xtensa-esp-elf/14.2.0/../../../../xtensa-esp-elf/lib/esp32/no-rtti/:/home/vietnq/.espressif/tools/xtensa-esp-elf/esp-14.2.0_20260121/xtensa-esp-elf/bin/../xtensa-esp-elf/lib/esp32/no-rtti/:/home/vietnq/.espressif/tools/xtensa-esp-elf/esp-14.2.0_20260121/xtensa-esp-elf/bin/../lib/gcc/xtensa-esp-elf/14.2.0/:/home/vietnq/.espressif/tools/xtensa-esp-elf/esp-14.2.0_20260121/xtensa-esp-elf/bin/../lib/gcc/:/home/vietnq/.espressif/tools/xtensa-esp-elf/esp-14.2.0_20260121/xtensa-esp-elf/bin/../lib/gcc/xtensa-esp-elf/14.2.0/../../../../xtensa-esp-elf/lib/:/home/vietnq/.espressif/tools/xtensa-esp-elf/esp-14.2.0_20260121/xtensa-esp-elf/bin/../xtensa-esp-elf/lib/:/home/vietnq/.espressif/tools/xtensa-esp-elf/esp-14.2.0_20260121/xtensa-esp-elf/bin/../xtensa-esp-elf/usr/lib/]
  ignore line: [COLLECT_GCC_OPTIONS='-mdynconfig=xtensa_esp32.so' '-Wno-frame-address' '-mlongcalls' '-fno-builtin-memcpy' '-fno-builtin-memset' '-fno-builtin-bzero' '-fno-rtti' '-v' '-o' 'CMakeFiles/cmTC_64d66.dir/CMakeCXXCompilerABI.cpp.obj' '-c' '-dumpdir' 'CMakeFiles/cmTC_64d66.dir/CMakeCXXCompilerABI.cpp.']
  ignore line: [[2/2] Linking CXX executable cmTC_64d66]
  ignore line: [Using built-in specs.]
  ignore line: [COLLECT_GCC=/home/vietnq/.espressif/tools/xtensa-esp-elf/esp-14.2.0_20260121/xtensa-esp-elf/bin/xtensa-esp-elf-g++]
  ignore line: [COLLECT_LTO_WRAPPER=/home/vietnq/.espressif/tools/xtensa-esp-elf/esp-14.2.0_20260121/xtensa-esp-elf/bin/../libexec/gcc/xtensa-esp-elf/14.2.0/lto-wrapper]
  ignore line: [Target: xtensa-esp-elf]
  ignore line: [Configured with: /builds/idf/crosstool-NG/.build/xtensa-esp-elf/src/gcc/configure --build=x86_64-build_pc-linux-gnu --host=x86_64-build_pc-linux-gnu --target=xtensa-esp-elf --prefix=/builds/idf/crosstool-NG/builds/xtensa-esp-elf --exec_prefix=/builds/idf/crosstool-NG/builds/xtensa-esp-elf --with-local-prefix=/builds/idf/crosstool-NG/builds/xtensa-esp-elf/xtensa-esp-elf --with-sysroot=/builds/idf/crosstool-NG/builds/xtensa-esp-elf/xtensa-esp-elf --with-native-system-header-dir=/include --with-headers=/builds/idf/crosstool-NG/builds/xtensa-esp-elf/xtensa-esp-elf/include --with-newlib --enable-threads=no --disable-shared --with-pkgversion='crosstool-NG esp-14.2.0_20260121' --disable-__cxa_atexit --enable-cxx-flags='-ffunction-sections -fdata-sections' --disable-libgomp --disable-libmudflap --disable-libmpx --disable-libssp --disable-libquadmath --disable-libquadmath-support --disable-libstdcxx-verbose --with-gmp=/builds/idf/crosstool-NG/.build/xtensa-esp-elf/buildtools --with-mpfr=/builds/idf/crosstool-NG/.build/xtensa-esp-elf/buildtools --with-mpc=/builds/idf/crosstool-NG/.build/xtensa-esp-elf/buildtools --with-isl=/builds/idf/crosstool-NG/.build/xtensa-esp-elf/buildtools --enable-lto --enable-target-optspace --without-long-double-128 --enable-plugin --disable-nls --enable-multiarch --enable-languages=c c++ --disable-libstdcxx-verbose --enable-threads=posix --enable-libstdcxx-time=yes --disable-win32-utf8-manifest]
  ignore line: [Thread model: posix]
  ignore line: [Supported LTO compression algorithms: zlib zstd]
  ignore line: [gcc version 14.2.0 (crosstool-NG esp-14.2.0_20260121) ]
  ignore line: [COMPILER_PATH=/home/vietnq/.espressif/tools/xtensa-esp-elf/esp-14.2.0_20260121/xtensa-esp-elf/bin/../libexec/gcc/xtensa-esp-elf/14.2.0/:/home/vietnq/.espressif/tools/xtensa-esp-elf/esp-14.2.0_20260121/xtensa-esp-elf/bin/../libexec/gcc/:/home/vietnq/.espressif/tools/xtensa-esp-elf/esp-14.2.0_20260121/xtensa-esp-elf/bin/../lib/gcc/xtensa-esp-elf/14.2.0/../../../../xtensa-esp-elf/bin/]
  ignore line: [LIBRARY_PATH=/home/vietnq/.espressif/tools/xtensa-esp-elf/esp-14.2.0_20260121/xtensa-esp-elf/bin/../lib/gcc/xtensa-esp-elf/14.2.0/esp32/no-rtti/:/home/vietnq/.espressif/tools/xtensa-esp-elf/esp-14.2.0_20260121/xtensa-esp-elf/bin/../lib/gcc/xtensa-esp-elf/14.2.0/../../../../xtensa-esp-elf/lib/esp32/no-rtti/:/home/vietnq/.espressif/tools/xtensa-esp-elf/esp-14.2.0_20260121/xtensa-esp-elf/bin/../xtensa-esp-elf/lib/esp32/no-rtti/:/home/vietnq/.espressif/tools/xtensa-esp-elf/esp-14.2.0_20260121/xtensa-esp-elf/bin/../lib/gcc/xtensa-esp-elf/14.2.0/:/home/vietnq/.espressif/tools/xtensa-esp-elf/esp-14.2.0_20260121/xtensa-esp-elf/bin/../lib/gcc/:/home/vietnq/.espressif/tools/xtensa-esp-elf/esp-14.2.0_20260121/xtensa-esp-elf/bin/../lib/gcc/xtensa-esp-elf/14.2.0/../../../../xtensa-esp-elf/lib/:/home/vietnq/.espressif/tools/xtensa-esp-elf/esp-14.2.0_20260121/xtensa-esp-elf/bin/../xtensa-esp-elf/lib/:/home/vietnq/.espressif/tools/xtensa-esp-elf/esp-14.2.0_20260121/xtensa-esp-elf/bin/../xtensa-esp-elf/usr/lib/]
  ignore line: [COLLECT_GCC_OPTIONS='-mdynconfig=xtensa_esp32.so' '-Wno-frame-address' '-mlongcalls' '-fno-builtin-memcpy' '-fno-builtin-memset' '-fno-builtin-bzero' '-nostartfiles' '-fno-rtti' '-v' '-o' 'cmTC_64d66' '-dumpdir' 'cmTC_64d66.']
  link line: [ /home/vietnq/.espressif/tools/xtensa-esp-elf/esp-14.2.0_20260121/xtensa-esp-elf/bin/../libexec/gcc/xtensa-esp-elf/14.2.0/collect2 -plugin /home/vietnq/.espressif/tools/xtensa-esp-elf/esp-14.2.0_20260121/xtensa-esp-elf/bin/../libexec/gcc/xtensa-esp-elf/14.2.0/liblto_plugin.so -plugin-opt=/home/vietnq/.espressif/tools/xtensa-esp-elf/esp-14.2.0_20260121/xtensa-esp-elf/bin/../libexec/gcc/xtensa-esp-elf/14.2.0/lto-wrapper -plugin-opt=-fresolution=/tmp/cc2wxZin.res -plugin-opt=-pass-through=-lgcc -plugin-opt=-pass-through=-lc -plugin-opt=-pass-through=-lnosys -plugin-opt=-pass-through=-lc -plugin-opt=-pass-through=-lgcc --sysroot=/home/vietnq/.espressif/tools/xtensa-esp-elf/esp-14.2.0_20260121/xtensa-esp-elf/bin/../xtensa-esp-elf --dynconfig=xtensa_esp32.so -o cmTC_64d66 -L/home/vietnq/.espressif/tools/xtensa-esp-elf/esp-14.2.0_20260121/xtensa-esp-elf/bin/../lib/gcc/xtensa-esp-elf/14.2.0/esp32/no-rtti -L/home/vietnq/.espressif/tools/xtensa-esp-elf/esp-14.2.0_20260121/xtensa-esp-elf/bin/../lib/gcc/xtensa-esp-elf/14.2.0/../../../../xtensa-esp-elf/lib/esp32/no-rtti -L/home/vietnq/.espressif/tools/xtensa-esp-elf/esp-14.2.0_20260121/xtensa-esp-elf/bin/../xtensa-esp-elf/lib/esp32/no-rtti -L/home/vietnq/.espressif/tools/xtensa-esp-elf/esp-14.2.0_20260121/xtensa-esp-elf/bin/../lib/gcc/xtensa-esp-elf/14.2.0 -L/home/vietnq/.espressif/tools/xtensa-esp-elf/esp-14.2.0_20260121/xtensa-esp-elf/bin/../lib/gcc -L/home/vietnq/.espressif/tools/xtensa-esp-elf/esp-14.2.0_20260121/xtensa-esp-elf/bin/../lib/gcc/xtensa-esp-elf/14.2.0/../../../../xtensa-esp-elf/lib -L/home/vietnq/.espressif/tools/xtensa-esp-elf/esp-14.2.0_20260121/xtensa-esp-elf/bin/../xtensa-esp-elf/lib -L/home/vietnq/.espressif/tools/xtensa-esp-elf/esp-14.2.0_20260121/xtensa-esp-elf/bin/../xtensa-esp-elf/usr/lib @/tmp/ccCaFo4d -lgcc -lc -lnosys -lc -lgcc]
    arg [/home/vietnq/.espressif/tools/xtensa-esp-elf/esp-14.2.0_20260121/xtensa-esp-elf/bin/../libexec/gcc/xtensa-esp-elf/14.2.0/collect2] ==> ignore
    arg [-plugin] ==> ignore
    arg [/home/vietnq/.espressif/tools/xtensa-esp-elf/esp-14.2.0_20260121/xtensa-esp-elf/bin/../libexec/gcc/xtensa-esp-elf/14.2.0/liblto_plugin.so] ==> ignore
    arg [-plugin-opt=/home/vietnq/.espressif/tools/xtensa-esp-elf/esp-14.2.0_20260121/xtensa-esp-elf/bin/../libexec/gcc/xtensa-esp-elf/14.2.0/lto-wrapper] ==> ignore
    arg [-plugin-opt=-fresolution=/tmp/cc2wxZin.res] ==> ignore
    arg [-plugin-opt=-pass-through=-lgcc] ==> ignore
    arg [-plugin-opt=-pass-through=-lc] ==> ignore
    arg [-plugin-opt=-pass-through=-lnosys] ==> ignore
    arg [-plugin-opt=-pass-through=-lc] ==> ignore
    arg [-plugin-opt=-pass-through=-lgcc] ==> ignore
    arg [--sysroot=/home/vietnq/.espressif/tools/xtensa-esp-elf/esp-14.2.0_20260121/xtensa-esp-elf/bin/../xtensa-esp-elf] ==> ignore
    arg [--dynconfig=xtensa_esp32.so] ==> ignore
    arg [-o] ==> ignore
    arg [cmTC_64d66] ==> ignore
    arg [-L/home/vietnq/.espressif/tools/xtensa-esp-elf/esp-14.2.0_20260121/xtensa-esp-elf/bin/../lib/gcc/xtensa-esp-elf/14.2.0/esp32/no-rtti] ==> dir [/home/vietnq/.espressif/tools/xtensa-esp-elf/esp-14.2.0_20260121/xtensa-esp-elf/bin/../lib/gcc/xtensa-esp-elf/14.2.0/esp32/no-rtti]
    arg [-L/home/vietnq/.espressif/tools/xtensa-esp-elf/esp-14.2.0_20260121/xtensa-esp-elf/bin/../lib/gcc/xtensa-esp-elf/14.2.0/../../../../xtensa-esp-elf/lib/esp32/no-rtti] ==> dir [/home/vietnq/.espressif/tools/xtensa-esp-elf/esp-14.2.0_20260121/xtensa-esp-elf/bin/../lib/gcc/xtensa-esp-elf/14.2.0/../../../../xtensa-esp-elf/lib/esp32/no-rtti]
    arg [-L/home/vietnq/.espressif/tools/xtensa-esp-elf/esp-14.2.0_20260121/xtensa-esp-elf/bin/../xtensa-esp-elf/lib/esp32/no-rtti] ==> dir [/home/vietnq/.espressif/tools/xtensa-esp-elf/esp-14.2.0_20260121/xtensa-esp-elf/bin/../xtensa-esp-elf/lib/esp32/no-rtti]
    arg [-L/home/vietnq/.espressif/tools/xtensa-esp-elf/esp-14.2.0_20260121/xtensa-esp-elf/bin/../lib/gcc/xtensa-esp-elf/14.2.0] ==> dir [/home/vietnq/.espressif/tools/xtensa-esp-elf/esp-14.2.0_20260121/xtensa-esp-elf/bin/../lib/gcc/xtensa-esp-elf/14.2.0]
    arg [-L/home/vietnq/.espressif/tools/xtensa-esp-elf/esp-14.2.0_20260121/xtensa-esp-elf/bin/../lib/gcc] ==> dir [/home/vietnq/.espressif/tools/xtensa-esp-elf/esp-14.2.0_20260121/xtensa-esp-elf/bin/../lib/gcc]
    arg [-L/home/vietnq/.espressif/tools/xtensa-esp-elf/esp-14.2.0_20260121/xtensa-esp-elf/bin/../lib/gcc/xtensa-esp-elf/14.2.0/../../../../xtensa-esp-elf/lib] ==> dir [/home/vietnq/.espressif/tools/xtensa-esp-elf/esp-14.2.0_20260121/xtensa-esp-elf/bin/../lib/gcc/xtensa-esp-elf/14.2.0/../../../../xtensa-esp-elf/lib]
    arg [-L/home/vietnq/.espressif/tools/xtensa-esp-elf/esp-14.2.0_20260121/xtensa-esp-elf/bin/../xtensa-esp-elf/lib] ==> dir [/home/vietnq/.espressif/tools/xtensa-esp-elf/esp-14.2.0_20260121/xtensa-esp-elf/bin/../xtensa-esp-elf/lib]
    arg [-L/home/vietnq/.espressif/tools/xtensa-esp-elf/esp-14.2.0_20260121/xtensa-esp-elf/bin/../xtensa-esp-elf/usr/lib] ==> dir [/home/vietnq/.espressif/tools/xtensa-esp-elf/esp-14.2.0_20260121/xtensa-esp-elf/bin/../xtensa-esp-elf/usr/lib]
    arg [@/tmp/ccCaFo4d] ==> ignore
    arg [-lgcc] ==> lib [gcc]
    arg [-lc] ==> lib [c]
    arg [-lnosys] ==> lib [nosys]
    arg [-lc] ==> lib [c]
    arg [-lgcc] ==> lib [gcc]
  collapse library dir [/home/vietnq/.espressif/tools/xtensa-esp-elf/esp-14.2.0_20260121/xtensa-esp-elf/bin/../lib/gcc/xtensa-esp-elf/14.2.0/esp32/no-rtti] ==> [/home/vietnq/.espressif/tools/xtensa-esp-elf/esp-14.2.0_20260121/xtensa-esp-elf/lib/gcc/xtensa-esp-elf/14.2.0/esp32/no-rtti]
  collapse library dir [/home/vietnq/.espressif/tools/xtensa-esp-elf/esp-14.2.0_20260121/xtensa-esp-elf/bin/../lib/gcc/xtensa-esp-elf/14.2.0/../../../../xtensa-esp-elf/lib/esp32/no-rtti] ==> [/home/vietnq/.espressif/tools/xtensa-esp-elf/esp-14.2.0_20260121/xtensa-esp-elf/xtensa-esp-elf/lib/esp32/no-rtti]
  collapse library dir [/home/vietnq/.espressif/tools/xtensa-esp-elf/esp-14.2.0_20260121/xtensa-esp-elf/bin/../xtensa-esp-elf/lib/esp32/no-rtti] ==> [/home/vietnq/.espressif/tools/xtensa-esp-elf/esp-14.2.0_20260121/xtensa-esp-elf/xtensa-esp-elf/lib/esp32/no-rtti]
  collapse library dir [/home/vietnq/.espressif/tools/xtensa-esp-elf/esp-14.2.0_20260121/xtensa-esp-elf/bin/../lib/gcc/xtensa-esp-elf/14.2.0] ==> [/home/vietnq/.espressif/tools/xtensa-esp-elf/esp-14.2.0_20260121/xtensa-esp-elf/lib/gcc/xtensa-esp-elf/14.2.0]
  collapse library dir [/home/vietnq/.espressif/tools/xtensa-esp-elf/esp-14.2.0_20260121/xtensa-esp-elf/bin/../lib/gcc] ==> [/home/vietnq/.espressif/tools/xtensa-esp-elf/esp-14.2.0_20260121/xtensa-esp-elf/lib/gcc]
  collapse library dir [/home/vietnq/.espressif/tools/xtensa-esp-elf/esp-14.2.0_20260121/xtensa-esp-elf/bin/../lib/gcc/xtensa-esp-elf/14.2.0/../../../../xtensa-esp-elf/lib] ==> [/home/vietnq/.espressif/tools/xtensa-esp-elf/esp-14.2.0_20260121/xtensa-esp-elf/xtensa-esp-elf/lib]
  collapse library dir [/home/vietnq/.espressif/tools/xtensa-esp-elf/esp-14.2.0_20260121/xtensa-esp-elf/bin/../xtensa-esp-elf/lib] ==> [/home/vietnq/.espressif/tools/xtensa-esp-elf/esp-14.2.0_20260121/xtensa-esp-elf/xtensa-esp-elf/lib]
  collapse library dir [/home/vietnq/.espressif/tools/xtensa-esp-elf/esp-14.2.0_20260121/xtensa-esp-elf/bin/../xtensa-esp-elf/usr/lib] ==> [/home/vietnq/.espressif/tools/xtensa-esp-elf/esp-14.2.0_20260121/xtensa-esp-elf/xtensa-esp-elf/usr/lib]
  implicit libs: [gcc;c;nosys;c;gcc]
  implicit objs: []
  implicit dirs: [/home/vietnq/.espressif/tools/xtensa-esp-elf/esp-14.2.0_20260121/xtensa-esp-elf/lib/gcc/xtensa-esp-elf/14.2.0/esp32/no-rtti;/home/vietnq/.espressif/tools/xtensa-esp-elf/esp-14.2.0_20260121/xtensa-esp-elf/xtensa-esp-elf/lib/esp32/no-rtti;/home/vietnq/.espressif/tools/xtensa-esp-elf/esp-14.2.0_20260121/xtensa-esp-elf/lib/gcc/xtensa-esp-elf/14.2.0;/home/vietnq/.espressif/tools/xtensa-esp-elf/esp-14.2.0_20260121/xtensa-esp-elf/lib/gcc;/home/vietnq/.espressif/tools/xtensa-esp-elf/esp-14.2.0_20260121/xtensa-esp-elf/xtensa-esp-elf/lib;/home/vietnq/.espressif/tools/xtensa-esp-elf/esp-14.2.0_20260121/xtensa-esp-elf/xtensa-esp-elf/usr/lib]
  implicit fwks: []


Detecting C compiler ABI info compiled with the following output:
Change Dir: /home/vietnq/esp/ota/build/bootloader/CMakeFiles/CMakeTmp

Run Build Command(s):/usr/bin/ninja cmTC_5da75 && [1/2] Building C object CMakeFiles/cmTC_5da75.dir/CMakeCCompilerABI.c.obj
Using built-in specs.
COLLECT_GCC=/home/vietnq/.espressif/tools/xtensa-esp-elf/esp-14.2.0_20260121/xtensa-esp-elf/bin/xtensa-esp-elf-gcc
Target: xtensa-esp-elf
Configured with: /builds/idf/crosstool-NG/.build/xtensa-esp-elf/src/gcc/configure --build=x86_64-build_pc-linux-gnu --host=x86_64-build_pc-linux-gnu --target=xtensa-esp-elf --prefix=/builds/idf/crosstool-NG/builds/xtensa-esp-elf --exec_prefix=/builds/idf/crosstool-NG/builds/xtensa-esp-elf --with-local-prefix=/builds/idf/crosstool-NG/builds/xtensa-esp-elf/xtensa-esp-elf --with-sysroot=/builds/idf/crosstool-NG/builds/xtensa-esp-elf/xtensa-esp-elf --with-native-system-header-dir=/include --with-headers=/builds/idf/crosstool-NG/builds/xtensa-esp-elf/xtensa-esp-elf/include --with-newlib --enable-threads=no --disable-shared --with-pkgversion='crosstool-NG esp-14.2.0_20260121' --disable-__cxa_atexit --enable-cxx-flags='-ffunction-sections -fdata-sections' --disable-libgomp --disable-libmudflap --disable-libmpx --disable-libssp --disable-libquadmath --disable-libquadmath-support --disable-libstdcxx-verbose --with-gmp=/builds/idf/crosstool-NG/.build/xtensa-esp-elf/buildtools --with-mpfr=/builds/idf/crosstool-NG/.build/xtensa-esp-elf/buildtools --with-mpc=/builds/idf/crosstool-NG/.build/xtensa-esp-elf/buildtools --with-isl=/builds/idf/crosstool-NG/.build/xtensa-esp-elf/buildtools --enable-lto --enable-target-optspace --without-long-double-128 --enable-plugin --disable-nls --enable-multiarch --enable-languages=c,c++ --disable-libstdcxx-verbose --enable-threads=posix --enable-libstdcxx-time=yes --disable-win32-utf8-manifest
Thread model: posix
Supported LTO compression algorithms: zlib zstd
gcc version 14.2.0 (crosstool-NG esp-14.2.0_20260121) 
COLLECT_GCC_OPTIONS='-mdynconfig=xtensa_esp32.so' '-Wno-frame-address' '-mlongcalls' '-fno-builtin-memcpy' '-fno-builtin-memset' '-fno-builtin-bzero' '-v' '-o' 'CMakeFiles/cmTC_5da75.dir/CMakeCCompilerABI.c.obj' '-c' '-dumpdir' 'CMakeFiles/cmTC_5da75.dir/'
 /home/vietnq/.espressif/tools/xtensa-esp-elf/esp-14.2.0_20260121/xtensa-esp-elf/bin/../libexec/gcc/xtensa-esp-elf/14.2.0/cc1 -quiet -v -imultilib esp32 -iprefix /home/vietnq/.espressif/tools/xtensa-esp-elf/esp-14.2.0_20260121/xtensa-esp-elf/bin/../lib/gcc/xtensa-esp-elf/14.2.0/ -isysroot /home/vietnq/.espressif/tools/xtensa-esp-elf/esp-14.2.0_20260121/xtensa-esp-elf/bin/../xtensa-esp-elf /usr/share/cmake-3.22/Modules/CMakeCCompilerABI.c -quiet -dumpdir CMakeFiles/cmTC_5da75.dir/ -dumpbase CMakeCCompilerABI.c.c -dumpbase-ext .c -mdynconfig=xtensa_esp32.so -mlongcalls -Wno-frame-address -version -fno-builtin-memcpy -fno-builtin-memset -fno-builtin-bzero -o /tmp/ccmZn7HT.s
GNU C17 (crosstool-NG esp-14.2.0_20260121) version 14.2.0 (xtensa-esp-elf)
	compiled by GNU C version 6.3.0, GMP version 6.3.0, MPFR version 4.2.1, MPC version 1.3.1, isl version isl-0.26-GMP

GGC heuristics: --param ggc-min-expand=100 --param ggc-min-heapsize=131072
ignoring duplicate directory "/home/vietnq/.espressif/tools/xtensa-esp-elf/esp-14.2.0_20260121/xtensa-esp-elf/bin/../lib/gcc/../../lib/gcc/xtensa-esp-elf/14.2.0/include"
ignoring nonexistent directory "/home/vietnq/.espressif/tools/xtensa-esp-elf/esp-14.2.0_20260121/xtensa-esp-elf/bin/../xtensa-esp-elf/builds/idf/crosstool-NG/builds/xtensa-esp-elf/xtensa-esp-elf/include"
ignoring duplicate directory "/home/vietnq/.espressif/tools/xtensa-esp-elf/esp-14.2.0_20260121/xtensa-esp-elf/bin/../lib/gcc/../../lib/gcc/xtensa-esp-elf/14.2.0/include-fixed"
ignoring duplicate directory "/home/vietnq/.espressif/tools/xtensa-esp-elf/esp-14.2.0_20260121/xtensa-esp-elf/bin/../lib/gcc/../../lib/gcc/xtensa-esp-elf/14.2.0/../../../../xtensa-esp-elf/include"
ignoring duplicate directory "/home/vietnq/.espressif/tools/xtensa-esp-elf/esp-14.2.0_20260121/xtensa-esp-elf/bin/../xtensa-esp-elf/include"
#include "..." search starts here:
#include <...> search starts here:
 /home/vietnq/.espressif/tools/xtensa-esp-elf/esp-14.2.0_20260121/xtensa-esp-elf/bin/../lib/gcc/xtensa-esp-elf/14.2.0/include
 /home/vietnq/.espressif/tools/xtensa-esp-elf/esp-14.2.0_20260121/xtensa-esp-elf/bin/../lib/gcc/xtensa-esp-elf/14.2.0/include-fixed
 /home/vietnq/.espressif/tools/xtensa-esp-elf/esp-14.2.0_20260121/xtensa-esp-elf/bin/../lib/gcc/xtensa-esp-elf/14.2.0/../../../../xtensa-esp-elf/include
End of search list.
Compiler executable checksum: 709abf7e99d4c633116df3b91860509f
COLLECT_GCC_OPTIONS='-mdynconfig=xtensa_esp32.so' '-Wno-frame-address' '-mlongcalls' '-fno-builtin-memcpy' '-fno-builtin-memset' '-fno-builtin-bzero' '-v' '-o' 'CMakeFiles/cmTC_5da75.dir/CMakeCCompilerABI.c.obj' '-c' '-dumpdir' 'CMakeFiles/cmTC_5da75.dir/'
 /home/vietnq/.espressif/tools/xtensa-esp-elf/esp-14.2.0_20260121/xtensa-esp-elf/bin/../lib/gcc/xtensa-esp-elf/14.2.0/../../../../xtensa-esp-elf/bin/as --traditional-format --longcalls --dynconfig=xtensa_esp32.so -o CMakeFiles/cmTC_5da75.dir/CMakeCCompilerABI.c.obj /tmp/ccmZn7HT.s
COMPILER_PATH=/home/vietnq/.espressif/tools/xtensa-esp-elf/esp-14.2.0_20260121/xtensa-esp-elf/bin/../libexec/gcc/xtensa-esp-elf/14.2.0/:/home/vietnq/.espressif/tools/xtensa-esp-elf/esp-14.2.0_20260121/xtensa-esp-elf/bin/../libexec/gcc/:/home/vietnq/.espressif/tools/xtensa-esp-elf/esp-14.2.0_20260121/xtensa-esp-elf/bin/../lib/gcc/xtensa-esp-elf/14.2.0/../../../../xtensa-esp-elf/bin/
LIBRARY_PATH=/home/vietnq/.espressif/tools/xtensa-esp-elf/esp-14.2.0_20260121/xtensa-esp-elf/bin/../lib/gcc/xtensa-esp-elf/14.2.0/esp32/:/home/vietnq/.espressif/tools/xtensa-esp-elf/esp-14.2.0_20260121/xtensa-esp-elf/bin/../lib/gcc/xtensa-esp-elf/14.2.0/../../../../xtensa-esp-elf/lib/esp32/:/home/vietnq/.espressif/tools/xtensa-esp-elf/esp-14.2.0_20260121/xtensa-esp-elf/bin/../xtensa-esp-elf/lib/esp32/:/home/vietnq/.espressif/tools/xtensa-esp-elf/esp-14.2.0_20260121/xtensa-esp-elf/bin/../lib/gcc/xtensa-esp-elf/14.2.0/:/home/vietnq/.espressif/tools/xtensa-esp-elf/esp-14.2.0_20260121/xtensa-esp-elf/bin/../lib/gcc/:/home/vietnq/.espressif/tools/xtensa-esp-elf/esp-14.2.0_20260121/xtensa-esp-elf/bin/../lib/gcc/xtensa-esp-elf/14.2.0/../../../../xtensa-esp-elf/lib/:/home/vietnq/.espressif/tools/xtensa-esp-elf/esp-14.2.0_20260121/xtensa-esp-elf/bin/../xtensa-esp-elf/lib/:/home/vietnq/.espressif/tools/xtensa-esp-elf/esp-14.2.0_20260121/xtensa-esp-elf/bin/../xtensa-esp-elf/usr/lib/
COLLECT_GCC_OPTIONS='-mdynconfig=xtensa_esp32.so' '-Wno-frame-address' '-mlongcalls' '-fno-builtin-memcpy' '-fno-builtin-memset' '-fno-builtin-bzero' '-v' '-o' 'CMakeFiles/cmTC_5da75.dir/CMakeCCompilerABI.c.obj' '-c' '-dumpdir' 'CMakeFiles/cmTC_5da75.dir/CMakeCCompilerABI.c.'
[2/2] Linking C executable cmTC_5da75
Using built-in specs.
COLLECT_GCC=/home/vietnq/.espressif/tools/xtensa-esp-elf/esp-14.2.0_20260121/xtensa-esp-elf/bin/xtensa-esp-elf-gcc
COLLECT_LTO_WRAPPER=/home/vietnq/.espressif/tools/xtensa-esp-elf/esp-14.2.0_20260121/xtensa-esp-elf/bin/../libexec/gcc/xtensa-esp-elf/14.2.0/lto-wrapper
Target: xtensa-esp-elf
Configured with: /builds/idf/crosstool-NG/.build/xtensa-esp-elf/src/gcc/configure --build=x86_64-build_pc-linux-gnu --host=x86_64-build_pc-linux-gnu --target=xtensa-esp-elf --prefix=/builds/idf/crosstool-NG/builds/xtensa-esp-elf --exec_prefix=/builds/idf/crosstool-NG/builds/xtensa-esp-elf --with-local-prefix=/builds/idf/crosstool-NG/builds/xtensa-esp-elf/xtensa-esp-elf --with-sysroot=/builds/idf/crosstool-NG/builds/xtensa-esp-elf/xtensa-esp-elf --with-native-system-header-dir=/include --with-headers=/builds/idf/crosstool-NG/builds/xtensa-esp-elf/xtensa-esp-elf/include --with-newlib --enable-threads=no --disable-shared --with-pkgversion='crosstool-NG esp-14.2.0_20260121' --disable-__cxa_atexit --enable-cxx-flags='-ffunction-sections -fdata-sections' --disable-libgomp --disable-libmudflap --disable-libmpx --disable-libssp --disable-libquadmath --disable-libquadmath-support --disable-libstdcxx-verbose --with-gmp=/builds/idf/crosstool-NG/.build/xtensa-esp-elf/buildtools --with-mpfr=/builds/idf/crosstool-NG/.build/xtensa-esp-elf/buildtools --with-mpc=/builds/idf/crosstool-NG/.build/xtensa-esp-elf/buildtools --with-isl=/builds/idf/crosstool-NG/.build/xtensa-esp-elf/buildtools --enable-lto --enable-target-optspace --without-long-double-128 --enable-plugin --disable-nls --enable-multiarch --enable-languages=c,c++ --disable-libstdcxx-verbose --enable-threads=posix --enable-libstdcxx-time=yes --disable-win32-utf8-manifest
Thread model: posix
Supported LTO compression algorithms: zlib zstd
gcc version 14.2.0 (crosstool-NG esp-14.2.0_20260121) 
COMPILER_PATH=/home/vietnq/.espressif/tools/xtensa-esp-elf/esp-14.2.0_20260121/xtensa-esp-elf/bin/../libexec/gcc/xtensa-esp-elf/14.2.0/:/home/vietnq/.espressif/tools/xtensa-esp-elf/esp-14.2.0_20260121/xtensa-esp-elf/bin/../libexec/gcc/:/home/vietnq/.espressif/tools/xtensa-esp-elf/esp-14.2.0_20260121/xtensa-esp-elf/bin/../lib/gcc/xtensa-esp-elf/14.2.0/../../../../xtensa-esp-elf/bin/
LIBRARY_PATH=/home/vietnq/.espressif/tools/xtensa-esp-elf/esp-14.2.0_20260121/xtensa-esp-elf/bin/../lib/gcc/xtensa-esp-elf/14.2.0/esp32/no-rtti/:/home/vietnq/.espressif/tools/xtensa-esp-elf/esp-14.2.0_20260121/xtensa-esp-elf/bin/../lib/gcc/xtensa-esp-elf/14.2.0/../../../../xtensa-esp-elf/lib/esp32/no-rtti/:/home/vietnq/.espressif/tools/xtensa-esp-elf/esp-14.2.0_20260121/xtensa-esp-elf/bin/../xtensa-esp-elf/lib/esp32/no-rtti/:/home/vietnq/.espressif/tools/xtensa-esp-elf/esp-14.2.0_20260121/xtensa-esp-elf/bin/../lib/gcc/xtensa-esp-elf/14.2.0/:/home/vietnq/.espressif/tools/xtensa-esp-elf/esp-14.2.0_20260121/xtensa-esp-elf/bin/../lib/gcc/:/home/vietnq/.espressif/tools/xtensa-esp-elf/esp-14.2.0_20260121/xtensa-esp-elf/bin/../lib/gcc/xtensa-esp-elf/14.2.0/../../../../xtensa-esp-elf/lib/:/home/vietnq/.espressif/tools/xtensa-esp-elf/esp-14.2.0_20260121/xtensa-esp-elf/bin/../xtensa-esp-elf/lib/:/home/vietnq/.espressif/tools/xtensa-esp-elf/esp-14.2.0_20260121/xtensa-esp-elf/bin/../xtensa-esp-elf/usr/lib/
COLLECT_GCC_OPTIONS='-mdynconfig=xtensa_esp32.so' '-Wno-frame-address' '-mlongcalls' '-fno-builtin-memcpy' '-fno-builtin-memset' '-fno-builtin-bzero' '-nostartfiles' '-fno-rtti' '-v' '-o' 'cmTC_5da75' '-dumpdir' 'cmTC_5da75.'
 /home/vietnq/.espressif/tools/xtensa-esp-elf/esp-14.2.0_20260121/xtensa-esp-elf/bin/../libexec/gcc/xtensa-esp-elf/14.2.0/collect2 -plugin /home/vietnq/.espressif/tools/xtensa-esp-elf/esp-14.2.0_20260121/xtensa-esp-elf/bin/../libexec/gcc/xtensa-esp-elf/14.2.0/liblto_plugin.so -plugin-opt=/home/vietnq/.espressif/tools/xtensa-esp-elf/esp-14.2.0_20260121/xtensa-esp-elf/bin/../libexec/gcc/xtensa-esp-elf/14.2.0/lto-wrapper -plugin-opt=-fresolution=/tmp/ccU8IcjG.res -plugin-opt=-pass-through=-lgcc -plugin-opt=-pass-through=-lc -plugin-opt=-pass-through=-lnosys -plugin-opt=-pass-through=-lc -plugin-opt=-pass-through=-lgcc --sysroot=/home/vietnq/.espressif/tools/xtensa-esp-elf/esp-14.2.0_20260121/xtensa-esp-elf/bin/../xtensa-esp-elf --dynconfig=xtensa_esp32.so -o cmTC_5da75 -L/home/vietnq/.espressif/tools/xtensa-esp-elf/esp-14.2.0_20260121/xtensa-esp-elf/bin/../lib/gcc/xtensa-esp-elf/14.2.0/esp32/no-rtti -L/home/vietnq/.espressif/tools/xtensa-esp-elf/esp-14.2.0_20260121/xtensa-esp-elf/bin/../lib/gcc/xtensa-esp-elf/14.2.0/../../../../xtensa-esp-elf/lib/esp32/no-rtti -L/home/vietnq/.espressif/tools/xtensa-esp-elf/esp-14.2.0_20260121/xtensa-esp-elf/bin/../xtensa-esp-elf/lib/esp32/no-rtti -L/home/vietnq/.espressif/tools/xtensa-esp-elf/esp-14.2.0_20260121/xtensa-esp-elf/bin/../lib/gcc/xtensa-esp-elf/14.2.0 -L/home/vietnq/.espressif/tools/xtensa-esp-elf/esp-14.2.0_20260121/xtensa-esp-elf/bin/../lib/gcc -L/home/vietnq/.espressif/tools/xtensa-esp-elf/esp-14.2.0_20260121/xtensa-esp-elf/bin/../lib/gcc/xtensa-esp-elf/14.2.0/../../../../xtensa-esp-elf/lib -L/home/vietnq/.espressif/tools/xtensa-esp-elf/esp-14.2.0_20260121/xtensa-esp-elf/bin/../xtensa-esp-elf/lib -L/home/vietnq/.espressif/tools/xtensa-esp-elf/esp-14.2.0_20260121/xtensa-esp-elf/bin/../xtensa-esp-elf/usr/lib @/tmp/ccIAkRsX -lgcc -lc -lnosys -lc -lgcc
/home/vietnq/.espressif/tools/xtensa-esp-elf/esp-14.2.0_20260121/xtensa-esp-elf/bin/../lib/gcc/xtensa-esp-elf/14.2.0/../../../../xtensa-esp-elf/bin/ld: warning: cannot find entry symbol _start; defaulting to 00400054
COLLECT_GCC_OPTIONS='-mdynconfig=xtensa_esp32.so' '-Wno-frame-address' '-mlongcalls' '-fno-builtin-memcpy' '-fno-builtin-memset' '-fno-builtin-bzero' '-nostartfiles' '-fno-rtti' '-v' '-o' 'cmTC_5da75' '-dumpdir' 'cmTC_5da75.'



Parsed C implicit include dir info from above output: rv=done
  found start of include info
  found start of implicit include info
    add: [/home/vietnq/.espressif/tools/xtensa-esp-elf/esp-14.2.0_20260121/xtensa-esp-elf/bin/../lib/gcc/xtensa-esp-elf/14.2.0/include]
    add: [/home/vietnq/.espressif/tools/xtensa-esp-elf/esp-14.2.0_20260121/xtensa-esp-elf/bin/../lib/gcc/xtensa-esp-elf/14.2.0/include-fixed]
    add: [/home/vietnq/.espressif/tools/xtensa-esp-elf/esp-14.2.0_20260121/xtensa-esp-elf/bin/../lib/gcc/xtensa-esp-elf/14.2.0/../../../../xtensa-esp-elf/include]
  end of search list found
  collapse include dir [/home/vietnq/.espressif/tools/xtensa-esp-elf/esp-14.2.0_20260121/xtensa-esp-elf/bin/../lib/gcc/xtensa-esp-elf/14.2.0/include] ==> [/home/vietnq/.espressif/tools/xtensa-esp-elf/esp-14.2.0_20260121/xtensa-esp-elf/lib/gcc/xtensa-esp-elf/14.2.0/include]
  collapse include dir [/home/vietnq/.espressif/tools/xtensa-esp-elf/esp-14.2.0_20260121/xtensa-esp-elf/bin/../lib/gcc/xtensa-esp-elf/14.2.0/include-fixed] ==> [/home/vietnq/.espressif/tools/xtensa-esp-elf/esp-14.2.0_20260121/xtensa-esp-elf/lib/gcc/xtensa-esp-elf/14.2.0/include-fixed]
  collapse include dir [/home/vietnq/.espressif/tools/xtensa-esp-elf/esp-14.2.0_20260121/xtensa-esp-elf/bin/../lib/gcc/xtensa-esp-elf/14.2.0/../../../../xtensa-esp-elf/include] ==> [/home/vietnq/.espressif/tools/xtensa-esp-elf/esp-14.2.0_20260121/xtensa-esp-elf/xtensa-esp-elf/include]
  implicit include dirs: [/home/vietnq/.espressif/tools/xtensa-esp-elf/esp-14.2.0_20260121/xtensa-esp-elf/lib/gcc/xtensa-esp-elf/14.2.0/include;/home/vietnq/.espressif/tools/xtensa-esp-elf/esp-14.2.0_20260121/xtensa-esp-elf/lib/gcc/xtensa-esp-elf/14.2.0/include-fixed;/home/vietnq/.espressif/tools/xtensa-esp-elf/esp-14.2.0_20260121/xtensa-esp-elf/xtensa-esp-elf/include]


Parsed C implicit link information from above output:
  link line regex: [^( *|.*[/\])(xtensa-esp32-elf-ld|CMAKE_LINK_STARTFILE-NOTFOUND|([^/\]+-)?ld|collect2)[^/\]*( |$)]
  ignore line: [Change Dir: /home/vietnq/esp/ota/build/bootloader/CMakeFiles/CMakeTmp]
  ignore line: []
  ignore line: [Run Build Command(s):/usr/bin/ninja cmTC_5da75 && [1/2] Building C object CMakeFiles/cmTC_5da75.dir/CMakeCCompilerABI.c.obj]
  ignore line: [Using built-in specs.]
  ignore line: [COLLECT_GCC=/home/vietnq/.espressif/tools/xtensa-esp-elf/esp-14.2.0_20260121/xtensa-esp-elf/bin/xtensa-esp-elf-gcc]
  ignore line: [Target: xtensa-esp-elf]
  ignore line: [Configured with: /builds/idf/crosstool-NG/.build/xtensa-esp-elf/src/gcc/configure --build=x86_64-build_pc-linux-gnu --host=x86_64-build_pc-linux-gnu --target=xtensa-esp-elf --prefix=/builds/idf/crosstool-NG/builds/xtensa-esp-elf --exec_prefix=/builds/idf/crosstool-NG/builds/xtensa-esp-elf --with-local-prefix=/builds/idf/crosstool-NG/builds/xtensa-esp-elf/xtensa-esp-elf --with-sysroot=/builds/idf/crosstool-NG/builds/xtensa-esp-elf/xtensa-esp-elf --with-native-system-header-dir=/include --with-headers=/builds/idf/crosstool-NG/builds/xtensa-esp-elf/xtensa-esp-elf/include --with-newlib --enable-threads=no --disable-shared --with-pkgversion='crosstool-NG esp-14.2.0_20260121' --disable-__cxa_atexit --enable-cxx-flags='-ffunction-sections -fdata-sections' --disable-libgomp --disable-libmudflap --disable-libmpx --disable-libssp --disable-libquadmath --disable-libquadmath-support --disable-libstdcxx-verbose --with-gmp=/builds/idf/crosstool-NG/.build/xtensa-esp-elf/buildtools --with-mpfr=/builds/idf/crosstool-NG/.build/xtensa-esp-elf/buildtools --with-mpc=/builds/idf/crosstool-NG/.build/xtensa-esp-elf/buildtools --with-isl=/builds/idf/crosstool-NG/.build/xtensa-esp-elf/buildtools --enable-lto --enable-target-optspace --without-long-double-128 --enable-plugin --disable-nls --enable-multiarch --enable-languages=c c++ --disable-libstdcxx-verbose --enable-threads=posix --enable-libstdcxx-time=yes --disable-win32-utf8-manifest]
  ignore line: [Thread model: posix]
  ignore line: [Supported LTO compression algorithms: zlib zstd]
  ignore line: [gcc version 14.2.0 (crosstool-NG esp-14.2.0_20260121) ]
  ignore line: [COLLECT_GCC_OPTIONS='-mdynconfig=xtensa_esp32.so' '-Wno-frame-address' '-mlongcalls' '-fno-builtin-memcpy' '-fno-builtin-memset' '-fno-builtin-bzero' '-v' '-o' 'CMakeFiles/cmTC_5da75.dir/CMakeCCompilerABI.c.obj' '-c' '-dumpdir' 'CMakeFiles/cmTC_5da75.dir/']
  ignore line: [ /home/vietnq/.espressif/tools/xtensa-esp-elf/esp-14.2.0_20260121/xtensa-esp-elf/bin/../libexec/gcc/xtensa-esp-elf/14.2.0/cc1 -quiet -v -imultilib esp32 -iprefix /home/vietnq/.espressif/tools/xtensa-esp-elf/esp-14.2.0_20260121/xtensa-esp-elf/bin/../lib/gcc/xtensa-esp-elf/14.2.0/ -isysroot /home/vietnq/.espressif/tools/xtensa-esp-elf/esp-14.2.0_20260121/xtensa-esp-elf/bin/../xtensa-esp-elf /usr/share/cmake-3.22/Modules/CMakeCCompilerABI.c -quiet -dumpdir CMakeFiles/cmTC_5da75.dir/ -dumpbase CMakeCCompilerABI.c.c -dumpbase-ext .c -mdynconfig=xtensa_esp32.so -mlongcalls -Wno-frame-address -version -fno-builtin-memcpy -fno-builtin-memset -fno-builtin-bzero -o /tmp/ccmZn7HT.s]
  ignore line: [GNU C17 (crosstool-NG esp-14.2.0_20260121) version 14.2.0 (xtensa-esp-elf)]
  ignore line: [	compiled by GNU C version 6.3.0  GMP version 6.3.0  MPFR version 4.2.1  MPC version 1.3.1  isl version isl-0.26-GMP]
  ignore line: []
  ignore line: [GGC heuristics: --param ggc-min-expand=100 --param ggc-min-heapsize=131072]
  ignore line: [ignoring duplicate directory "/home/vietnq/.espressif/tools/xtensa-esp-elf/esp-14.2.0_20260121/xtensa-esp-elf/bin/../lib/gcc/../../lib/gcc/xtensa-esp-elf/14.2.0/include"]
  ignore line: [ignoring nonexistent directory "/home/vietnq/.espressif/tools/xtensa-esp-elf/esp-14.2.0_20260121/xtensa-esp-elf/bin/../xtensa-esp-elf/builds/idf/crosstool-NG/builds/xtensa-esp-elf/xtensa-esp-elf/include"]
  ignore line: [ignoring duplicate directory "/home/vietnq/.espressif/tools/xtensa-esp-elf/esp-14.2.0_20260121/xtensa-esp-elf/bin/../lib/gcc/../../lib/gcc/xtensa-esp-elf/14.2.0/include-fixed"]
  ignore line: [ignoring duplicate directory "/home/vietnq/.espressif/tools/xtensa-esp-elf/esp-14.2.0_20260121/xtensa-esp-elf/bin/../lib/gcc/../../lib/gcc/xtensa-esp-elf/14.2.0/../../../../xtensa-esp-elf/include"]
  ignore line: [ignoring duplicate directory "/home/vietnq/.espressif/tools/xtensa-esp-elf/esp-14.2.0_20260121/xtensa-esp-elf/bin/../xtensa-esp-elf/include"]
  ignore line: [#include "..." search starts here:]
  ignore line: [#include <...> search starts here:]
  ignore line: [ /home/vietnq/.espressif/tools/xtensa-esp-elf/esp-14.2.0_20260121/xtensa-esp-elf/bin/../lib/gcc/xtensa-esp-elf/14.2.0/include]
  ignore line: [ /home/vietnq/.espressif/tools/xtensa-esp-elf/esp-14.2.0_20260121/xtensa-esp-elf/bin/../lib/gcc/xtensa-esp-elf/14.2.0/include-fixed]
  ignore line: [ /home/vietnq/.espressif/tools/xtensa-esp-elf/esp-14.2.0_20260121/xtensa-esp-elf/bin/../lib/gcc/xtensa-esp-elf/14.2.0/../../../../xtensa-esp-elf/include]
  ignore line: [End of search list.]
  ignore line: [Compiler executable checksum: 709abf7e99d4c633116df3b91860509f]
  ignore line: [COLLECT_GCC_OPTIONS='-mdynconfig=xtensa_esp32.so' '-Wno-frame-address' '-mlongcalls' '-fno-builtin-memcpy' '-fno-builtin-memset' '-fno-builtin-bzero' '-v' '-o' 'CMakeFiles/cmTC_5da75.dir/CMakeCCompilerABI.c.obj' '-c' '-dumpdir' 'CMakeFiles/cmTC_5da75.dir/']
  ignore line: [ /home/vietnq/.espressif/tools/xtensa-esp-elf/esp-14.2.0_20260121/xtensa-esp-elf/bin/../lib/gcc/xtensa-esp-elf/14.2.0/../../../../xtensa-esp-elf/bin/as --traditional-format --longcalls --dynconfig=xtensa_esp32.so -o CMakeFiles/cmTC_5da75.dir/CMakeCCompilerABI.c.obj /tmp/ccmZn7HT.s]
  ignore line: [COMPILER_PATH=/home/vietnq/.espressif/tools/xtensa-esp-elf/esp-14.2.0_20260121/xtensa-esp-elf/bin/../libexec/gcc/xtensa-esp-elf/14.2.0/:/home/vietnq/.espressif/tools/xtensa-esp-elf/esp-14.2.0_20260121/xtensa-esp-elf/bin/../libexec/gcc/:/home/vietnq/.espressif/tools/xtensa-esp-elf/esp-14.2.0_20260121/xtensa-esp-elf/bin/../lib/gcc/xtensa-esp-elf/14.2.0/../../../../xtensa-esp-elf/bin/]
  ignore line: [LIBRARY_PATH=/home/vietnq/.espressif/tools/xtensa-esp-elf/esp-14.2.0_20260121/xtensa-esp-elf/bin/../lib/gcc/xtensa-esp-elf/14.2.0/esp32/:/home/vietnq/.espressif/tools/xtensa-esp-elf/esp-14.2.0_20260121/xtensa-esp-elf/bin/../lib/gcc/xtensa-esp-elf/14.2.0/../../../../xtensa-esp-elf/lib/esp32/:/home/vietnq/.espressif/tools/xtensa-esp-elf/esp-14.2.0_20260121/xtensa-esp-elf/bin/../xtensa-esp-elf/lib/esp32/:/home/vietnq/.espressif/tools/xtensa-esp-elf/esp-14.2.0_20260121/xtensa-esp-elf/bin/../lib/gcc/xtensa-esp-elf/14.2.0/:/home/vietnq/.espressif/tools/xtensa-esp-elf/esp-14.2.0_20260121/xtensa-esp-elf/bin/../lib/gcc/:/home/vietnq/.espressif/tools/xtensa-esp-elf/esp-14.2.0_20260121/xtensa-esp-elf/bin/../lib/gcc/xtensa-esp-elf/14.2.0/../../../../xtensa-esp-elf/lib/:/home/vietnq/.espressif/tools/xtensa-esp-elf/esp-14.2.0_20260121/xtensa-esp-elf/bin/../xtensa-esp-elf/lib/:/home/vietnq/.espressif/tools/xtensa-esp-elf/esp-14.2.0_20260121/xtensa-esp-elf/bin/../xtensa-esp-elf/usr/lib/]
  ignore line: [COLLECT_GCC_OPTIONS='-mdynconfig=xtensa_esp32.so' '-Wno-frame-address' '-mlongcalls' '-fno-builtin-memcpy' '-fno-builtin-memset' '-fno-builtin-bzero' '-v' '-o' 'CMakeFiles/cmTC_5da75.dir/CMakeCCompilerABI.c.obj' '-c' '-dumpdir' 'CMakeFiles/cmTC_5da75.dir/CMakeCCompilerABI.c.']
  ignore line: [[2/2] Linking C executable cmTC_5da75]
  ignore line: [Using built-in specs.]
  ignore line: [COLLECT_GCC=/home/vietnq/.espressif/tools/xtensa-esp-elf/esp-14.2.0_20260121/xtensa-esp-elf/bin/xtensa-esp-elf-gcc]
  ignore line: [COLLECT_LTO_WRAPPER=/home/vietnq/.espressif/tools/xtensa-esp-elf/esp-14.2.0_20260121/xtensa-esp-elf/bin/../libexec/gcc/xtensa-esp-elf/14.2.0/lto-wrapper]
  ignore line: [Target: xtensa-esp-elf]
  ignore line: [Configured with: /builds/idf/crosstool-NG/.build/xtensa-esp-elf/src/gcc/configure --build=x86_64-build_pc-linux-gnu --host=x86_64-build_pc-linux-gnu --target=xtensa-esp-elf --prefix=/builds/idf/crosstool-NG/builds/xtensa-esp-elf --exec_prefix=/builds/idf/crosstool-NG/builds/xtensa-esp-elf --with-local-prefix=/builds/idf/crosstool-NG/builds/xtensa-esp-elf/xtensa-esp-elf --with-sysroot=/builds/idf/crosstool-NG/builds/xtensa-esp-elf/xtensa-esp-elf --with-native-system-header-dir=/include --with-headers=/builds/idf/crosstool-NG/builds/xtensa-esp-elf/xtensa-esp-elf/include --with-newlib --enable-threads=no --disable-shared --with-pkgversion='crosstool-NG esp-14.2.0_20260121' --disable-__cxa_atexit --enable-cxx-flags='-ffunction-sections -fdata-sections' --disable-libgomp --disable-libmudflap --disable-libmpx --disable-libssp --disable-libquadmath --disable-libquadmath-support --disable-libstdcxx-verbose --with-gmp=/builds/idf/crosstool-NG/.build/xtensa-esp-elf/buildtools --with-mpfr=/builds/idf/crosstool-NG/.build/xtensa-esp-elf/buildtools --with-mpc=/builds/idf/crosstool-NG/.build/xtensa-esp-elf/buildtools --with-isl=/builds/idf/crosstool-NG/.build/xtensa-esp-elf/buildtools --enable-lto --enable-target-optspace --without-long-double-128 --enable-plugin --disable-nls --enable-multiarch --enable-languages=c c++ --disable-libstdcxx-verbose --enable-threads=posix --enable-libstdcxx-time=yes --disable-win32-utf8-manifest]
  ignore line: [Thread model: posix]
  ignore line: [Supported LTO compression algorithms: zlib zstd]
  ignore line: [gcc version 14.2.0 (crosstool-NG esp-14.2.0_20260121) ]
  ignore line: [COMPILER_PATH=/home/vietnq/.espressif/tools/xtensa-esp-elf/esp-14.2.0_20260121/xtensa-esp-elf/bin/../libexec/gcc/xtensa-esp-elf/14.2.0/:/home/vietnq/.espressif/tools/xtensa-esp-elf/esp-14.2.0_20260121/xtensa-esp-elf/bin/../libexec/gcc/:/home/vietnq/.espressif/tools/xtensa-esp-elf/esp-14.2.0_20260121/xtensa-esp-elf/bin/../lib/gcc/xtensa-esp-elf/14.2.0/../../../../xtensa-esp-elf/bin/]
  ignore line: [LIBRARY_PATH=/home/vietnq/.espressif/tools/xtensa-esp-elf/esp-14.2.0_20260121/xtensa-esp-elf/bin/../lib/gcc/xtensa-esp-elf/14.2.0/esp32/no-rtti/:/home/vietnq/.espressif/tools/xtensa-esp-elf/esp-14.2.0_20260121/xtensa-esp-elf/bin/../lib/gcc/xtensa-esp-elf/14.2.0/../../../../xtensa-esp-elf/lib/esp32/no-rtti/:/home/vietnq/.espressif/tools/xtensa-esp-elf/esp-14.2.0_20260121/xtensa-esp-elf/bin/../xtensa-esp-elf/lib/esp32/no-rtti/:/home/vietnq/.espressif/tools/xtensa-esp-elf/esp-14.2.0_20260121/xtensa-esp-elf/bin/../lib/gcc/xtensa-esp-elf/14.2.0/:/home/vietnq/.espressif/tools/xtensa-esp-elf/esp-14.2.0_20260121/xtensa-esp-elf/bin/../lib/gcc/:/home/vietnq/.espressif/tools/xtensa-esp-elf/esp-14.2.0_20260121/xtensa-esp-elf/bin/../lib/gcc/xtensa-esp-elf/14.2.0/../../../../xtensa-esp-elf/lib/:/home/vietnq/.espressif/tools/xtensa-esp-elf/esp-14.2.0_20260121/xtensa-esp-elf/bin/../xtensa-esp-elf/lib/:/home/vietnq/.espressif/tools/xtensa-esp-elf/esp-14.2.0_20260121/xtensa-esp-elf/bin/../xtensa-esp-elf/usr/lib/]
  ignore line: [COLLECT_GCC_OPTIONS='-mdynconfig=xtensa_esp32.so' '-Wno-frame-address' '-mlongcalls' '-fno-builtin-memcpy' '-fno-builtin-memset' '-fno-builtin-bzero' '-nostartfiles' '-fno-rtti' '-v' '-o' 'cmTC_5da75' '-dumpdir' 'cmTC_5da75.']
  link line: [ /home/vietnq/.espressif/tools/xtensa-esp-elf/esp-14.2.0_20260121/xtensa-esp-elf/bin/../libexec/gcc/xtensa-esp-elf/14.2.0/collect2 -plugin /home/vietnq/.espressif/tools/xtensa-esp-elf/esp-14.2.0_20260121/xtensa-esp-elf/bin/../libexec/gcc/xtensa-esp-elf/14.2.0/liblto_plugin.so -plugin-opt=/home/vietnq/.espressif/tools/xtensa-esp-elf/esp-14.2.0_20260121/xtensa-esp-elf/bin/../libexec/gcc/xtensa-esp-elf/14.2.0/lto-wrapper -plugin-opt=-fresolution=/tmp/ccU8IcjG.res -plugin-opt=-pass-through=-lgcc -plugin-opt=-pass-through=-lc -plugin-opt=-pass-through=-lnosys -plugin-opt=-pass-through=-lc -plugin-opt=-pass-through=-lgcc --sysroot=/home/vietnq/.espressif/tools/xtensa-esp-elf/esp-14.2.0_20260121/xtensa-esp-elf/bin/../xtensa-esp-elf --dynconfig=xtensa_esp32.so -o cmTC_5da75 -L/home/vietnq/.espressif/tools/xtensa-esp-elf/esp-14.2.0_20260121/xtensa-esp-elf/bin/../lib/gcc/xtensa-esp-elf/14.2.0/esp32/no-rtti -L/home/vietnq/.espressif/tools/xtensa-esp-elf/esp-14.2.0_20260121/xtensa-esp-elf/bin/../lib/gcc/xtensa-esp-elf/14.2.0/../../../../xtensa-esp-elf/lib/esp32/no-rtti -L/home/vietnq/.espressif/tools/xtensa-esp-elf/esp-14.2.0_20260121/xtensa-esp-elf/bin/../xtensa-esp-elf/lib/esp32/no-rtti -L/home/vietnq/.espressif/tools/xtensa-esp-elf/esp-14.2.0_20260121/xtensa-esp-elf/bin/../lib/gcc/xtensa-esp-elf/14.2.0 -L/home/vietnq/.espressif/tools/xtensa-esp-elf/esp-14.2.0_20260121/xtensa-esp-elf/bin/../lib/gcc -L/home/vietnq/.espressif/tools/xtensa-esp-elf/esp-14.2.0_20260121/xtensa-esp-elf/bin/../lib/gcc/xtensa-esp-elf/14.2.0/../../../../xtensa-esp-elf/lib -L/home/vietnq/.espressif/tools/xtensa-esp-elf/esp-14.2.0_20260121/xtensa-esp-elf/bin/../xtensa-esp-elf/lib -L/home/vietnq/.espressif/tools/xtensa-esp-elf/esp-14.2.0_20260121/xtensa-esp-elf/bin/../xtensa-esp-elf/usr/lib @/tmp/ccIAkRsX -lgcc -lc -lnosys -lc -lgcc]
    arg [/home/vietnq/.espressif/tools/xtensa-esp-elf/esp-14.2.0_20260121/xtensa-esp-elf/bin/../libexec/gcc/xtensa-esp-elf/14.2.0/collect2] ==> ignore
    arg [-plugin] ==> ignore
    arg [/home/vietnq/.espressif/tools/xtensa-esp-elf/esp-14.2.0_20260121/xtensa-esp-elf/bin/../libexec/gcc/xtensa-esp-elf/14.2.0/liblto_plugin.so] ==> ignore
    arg [-plugin-opt=/home/vietnq/.espressif/tools/xtensa-esp-elf/esp-14.2.0_20260121/xtensa-esp-elf/bin/../libexec/gcc/xtensa-esp-elf/14.2.0/lto-wrapper] ==> ignore
    arg [-plugin-opt=-fresolution=/tmp/ccU8IcjG.res] ==> ignore
    arg [-plugin-opt=-pass-through=-lgcc] ==> ignore
    arg [-plugin-opt=-pass-through=-lc] ==> ignore
    arg [-plugin-opt=-pass-through=-lnosys] ==> ignore
    arg [-plugin-opt=-pass-through=-lc] ==> ignore
    arg [-plugin-opt=-pass-through=-lgcc] ==> ignore
    arg [--sysroot=/home/vietnq/.espressif/tools/xtensa-esp-elf/esp-14.2.0_20260121/xtensa-esp-elf/bin/../xtensa-esp-elf] ==> ignore
    arg [--dynconfig=xtensa_esp32.so] ==> ignore
    arg [-o] ==> ignore
    arg [cmTC_5da75] ==> ignore
    arg [-L/home/vietnq/.espressif/tools/xtensa-esp-elf/esp-14.2.0_20260121/xtensa-esp-elf/bin/../lib/gcc/xtensa-esp-elf/14.2.0/esp32/no-rtti] ==> dir [/home/vietnq/.espressif/tools/xtensa-esp-elf/esp-14.2.0_20260121/xtensa-esp-elf/bin/../lib/gcc/xtensa-esp-elf/14.2.0/esp32/no-rtti]
    arg [-L/home/vietnq/.espressif/tools/xtensa-esp-elf/esp-14.2.0_20260121/xtensa-esp-elf/bin/../lib/gcc/xtensa-esp-elf/14.2.0/../../../../xtensa-esp-elf/lib/esp32/no-rtti] ==> dir [/home/vietnq/.espressif/tools/xtensa-esp-elf/esp-14.2.0_20260121/xtensa-esp-elf/bin/../lib/gcc/xtensa-esp-elf/14.2.0/../../../../xtensa-esp-elf/lib/esp32/no-rtti]
    arg [-L/home/vietnq/.espressif/tools/xtensa-esp-elf/esp-14.2.0_20260121/xtensa-esp-elf/bin/../xtensa-esp-elf/lib/esp32/no-rtti] ==> dir [/home/vietnq/.espressif/tools/xtensa-esp-elf/esp-14.2.0_20260121/xtensa-esp-elf/bin/../xtensa-esp-elf/lib/esp32/no-rtti]
    arg [-L/home/vietnq/.espressif/tools/xtensa-esp-elf/esp-14.2.0_20260121/xtensa-esp-elf/bin/../lib/gcc/xtensa-esp-elf/14.2.0] ==> dir [/home/vietnq/.espressif/tools/xtensa-esp-elf/esp-14.2.0_20260121/xtensa-esp-elf/bin/../lib/gcc/xtensa-esp-elf/14.2.0]
    arg [-L/home/vietnq/.espressif/tools/xtensa-esp-elf/esp-14.2.0_20260121/xtensa-esp-elf/bin/../lib/gcc] ==> dir [/home/vietnq/.espressif/tools/xtensa-esp-elf/esp-14.2.0_20260121/xtensa-esp-elf/bin/../lib/gcc]
    arg [-L/home/vietnq/.espressif/tools/xtensa-esp-elf/esp-14.2.0_20260121/xtensa-esp-elf/bin/../lib/gcc/xtensa-esp-elf/14.2.0/../../../../xtensa-esp-elf/lib] ==> dir [/home/vietnq/.espressif/tools/xtensa-esp-elf/esp-14.2.0_20260121/xtensa-esp-elf/bin/../lib/gcc/xtensa-esp-elf/14.2.0/../../../../xtensa-esp-elf/lib]
    arg [-L/home/vietnq/.espressif/tools/xtensa-esp-elf/esp-14.2.0_20260121/xtensa-esp-elf/bin/../xtensa-esp-elf/lib] ==> dir [/home/vietnq/.espressif/tools/xtensa-esp-elf/esp-14.2.0_20260121/xtensa-esp-elf/bin/../xtensa-esp-elf/lib]
    arg [-L/home/vietnq/.espressif/tools/xtensa-esp-elf/esp-14.2.0_20260121/xtensa-esp-elf/bin/../xtensa-esp-elf/usr/lib] ==> dir [/home/vietnq/.espressif/tools/xtensa-esp-elf/esp-14.2.0_20260121/xtensa-esp-elf/bin/../xtensa-esp-elf/usr/lib]
    arg [@/tmp/ccIAkRsX] ==> ignore
    arg [-lgcc] ==> lib [gcc]
    arg [-lc] ==> lib [c]
    arg [-lnosys] ==> lib [nosys]
    arg [-lc] ==> lib [c]
    arg [-lgcc] ==> lib [gcc]
  collapse library dir [/home/vietnq/.espressif/tools/xtensa-esp-elf/esp-14.2.0_20260121/xtensa-esp-elf/bin/../lib/gcc/xtensa-esp-elf/14.2.0/esp32/no-rtti] ==> [/home/vietnq/.espressif/tools/xtensa-esp-elf/esp-14.2.0_20260121/xtensa-esp-elf/lib/gcc/xtensa-esp-elf/14.2.0/esp32/no-rtti]
  collapse library dir [/home/vietnq/.espressif/tools/xtensa-esp-elf/esp-14.2.0_20260121/xtensa-esp-elf/bin/../lib/gcc/xtensa-esp-elf/14.2.0/../../../../xtensa-esp-elf/lib/esp32/no-rtti] ==> [/home/vietnq/.espressif/tools/xtensa-esp-elf/esp-14.2.0_20260121/xtensa-esp-elf/xtensa-esp-elf/lib/esp32/no-rtti]
  collapse library dir [/home/vietnq/.espressif/tools/xtensa-esp-elf/esp-14.2.0_20260121/xtensa-esp-elf/bin/../xtensa-esp-elf/lib/esp32/no-rtti] ==> [/home/vietnq/.espressif/tools/xtensa-esp-elf/esp-14.2.0_20260121/xtensa-esp-elf/xtensa-esp-elf/lib/esp32/no-rtti]
  collapse library dir [/home/vietnq/.espressif/tools/xtensa-esp-elf/esp-14.2.0_20260121/xtensa-esp-elf/bin/../lib/gcc/xtensa-esp-elf/14.2.0] ==> [/home/vietnq/.espressif/tools/xtensa-esp-elf/esp-14.2.0_20260121/xtensa-esp-elf/lib/gcc/xtensa-esp-elf/14.2.0]
  collapse library dir [/home/vietnq/.espressif/tools/xtensa-esp-elf/esp-14.2.0_20260121/xtensa-esp-elf/bin/../lib/gcc] ==> [/home/vietnq/.espressif/tools/xtensa-esp-elf/esp-14.2.0_20260121/xtensa-esp-elf/lib/gcc]
  collapse library dir [/home/vietnq/.espressif/tools/xtensa-esp-elf/esp-14.2.0_20260121/xtensa-esp-elf/bin/../lib/gcc/xtensa-esp-elf/14.2.0/../../../../xtensa-esp-elf/lib] ==> [/home/vietnq/.espressif/tools/xtensa-esp-elf/esp-14.2.0_20260121/xtensa-esp-elf/xtensa-esp-elf/lib]
  collapse library dir [/home/vietnq/.espressif/tools/xtensa-esp-elf/esp-14.2.0_20260121/xtensa-esp-elf/bin/../xtensa-esp-elf/lib] ==> [/home/vietnq/.espressif/tools/xtensa-esp-elf/esp-14.2.0_20260121/xtensa-esp-elf/xtensa-esp-elf/lib]
  collapse library dir [/home/vietnq/.espressif/tools/xtensa-esp-elf/esp-14.2.0_20260121/xtensa-esp-elf/bin/../xtensa-esp-elf/usr/lib] ==> [/home/vietnq/.espressif/tools/xtensa-esp-elf/esp-14.2.0_20260121/xtensa-esp-elf/xtensa-esp-elf/usr/lib]
  implicit libs: [gcc;c;nosys;c;gcc]
  implicit objs: []
  implicit dirs: [/home/vietnq/.espressif/tools/xtensa-esp-elf/esp-14.2.0_20260121/xtensa-esp-elf/lib/gcc/xtensa-esp-elf/14.2.0/esp32/no-rtti;/home/vietnq/.espressif/tools/xtensa-esp-elf/esp-14.2.0_20260121/xtensa-esp-elf/xtensa-esp-elf/lib/esp32/no-rtti;/home/vietnq/.espressif/tools/xtensa-esp-elf/esp-14.2.0_20260121/xtensa-esp-elf/lib/gcc/xtensa-esp-elf/14.2.0;/home/vietnq/.espressif/tools/xtensa-esp-elf/esp-14.2.0_20260121/xtensa-esp-elf/lib/gcc;/home/vietnq/.espressif/tools/xtensa-esp-elf/esp-14.2.0_20260121/xtensa-esp-elf/xtensa-esp-elf/lib;/home/vietnq/.espressif/tools/xtensa-esp-elf/esp-14.2.0_20260121/xtensa-esp-elf/xtensa-esp-elf/usr/lib]
  implicit fwks: []


Detecting CXX compiler ABI info compiled with the following output:
Change Dir: /home/vietnq/esp/ota/build/bootloader/CMakeFiles/CMakeTmp

Run Build Command(s):/usr/bin/ninja cmTC_71270 && [1/2] Building CXX object CMakeFiles/cmTC_71270.dir/CMakeCXXCompilerABI.cpp.obj
Using built-in specs.
COLLECT_GCC=/home/vietnq/.espressif/tools/xtensa-esp-elf/esp-14.2.0_20260121/xtensa-esp-elf/bin/xtensa-esp-elf-g++
Target: xtensa-esp-elf
Configured with: /builds/idf/crosstool-NG/.build/xtensa-esp-elf/src/gcc/configure --build=x86_64-build_pc-linux-gnu --host=x86_64-build_pc-linux-gnu --target=xtensa-esp-elf --prefix=/builds/idf/crosstool-NG/builds/xtensa-esp-elf --exec_prefix=/builds/idf/crosstool-NG/builds/xtensa-esp-elf --with-local-prefix=/builds/idf/crosstool-NG/builds/xtensa-esp-elf/xtensa-esp-elf --with-sysroot=/builds/idf/crosstool-NG/builds/xtensa-esp-elf/xtensa-esp-elf --with-native-system-header-dir=/include --with-headers=/builds/idf/crosstool-NG/builds/xtensa-esp-elf/xtensa-esp-elf/include --with-newlib --enable-threads=no --disable-shared --with-pkgversion='crosstool-NG esp-14.2.0_20260121' --disable-__cxa_atexit --enable-cxx-flags='-ffunction-sections -fdata-sections' --disable-libgomp --disable-libmudflap --disable-libmpx --disable-libssp --disable-libquadmath --disable-libquadmath-support --disable-libstdcxx-verbose --with-gmp=/builds/idf/crosstool-NG/.build/xtensa-esp-elf/buildtools --with-mpfr=/builds/idf/crosstool-NG/.build/xtensa-esp-elf/buildtools --with-mpc=/builds/idf/crosstool-NG/.build/xtensa-esp-elf/buildtools --with-isl=/builds/idf/crosstool-NG/.build/xtensa-esp-elf/buildtools --enable-lto --enable-target-optspace --without-long-double-128 --enable-plugin --disable-nls --enable-multiarch --enable-languages=c,c++ --disable-libstdcxx-verbose --enable-threads=posix --enable-libstdcxx-time=yes --disable-win32-utf8-manifest
Thread model: posix
Supported LTO compression algorithms: zlib zstd
gcc version 14.2.0 (crosstool-NG esp-14.2.0_20260121) 
COLLECT_GCC_OPTIONS='-mdynconfig=xtensa_esp32.so' '-Wno-frame-address' '-mlongcalls' '-fno-builtin-memcpy' '-fno-builtin-memset' '-fno-builtin-bzero' '-fno-rtti' '-v' '-o' 'CMakeFiles/cmTC_71270.dir/CMakeCXXCompilerABI.cpp.obj' '-c' '-dumpdir' 'CMakeFiles/cmTC_71270.dir/'
 /home/vietnq/.espressif/tools/xtensa-esp-elf/esp-14.2.0_20260121/xtensa-esp-elf/bin/../libexec/gcc/xtensa-esp-elf/14.2.0/cc1plus -quiet -v -imultilib esp32/no-rtti -iprefix /home/vietnq/.espressif/tools/xtensa-esp-elf/esp-14.2.0_20260121/xtensa-esp-elf/bin/../lib/gcc/xtensa-esp-elf/14.2.0/ -isysroot /home/vietnq/.espressif/tools/xtensa-esp-elf/esp-14.2.0_20260121/xtensa-esp-elf/bin/../xtensa-esp-elf /usr/share/cmake-3.22/Modules/CMakeCXXCompilerABI.cpp -quiet -dumpdir CMakeFiles/cmTC_71270.dir/ -dumpbase CMakeCXXCompilerABI.cpp.cpp -dumpbase-ext .cpp -mdynconfig=xtensa_esp32.so -mlongcalls -Wno-frame-address -version -fno-builtin-memcpy -fno-builtin-memset -fno-builtin-bzero -fno-rtti -o /tmp/cc8FiWAs.s
GNU C++17 (crosstool-NG esp-14.2.0_20260121) version 14.2.0 (xtensa-esp-elf)
	compiled by GNU C version 6.3.0, GMP version 6.3.0, MPFR version 4.2.1, MPC version 1.3.1, isl version isl-0.26-GMP

GGC heuristics: --param ggc-min-expand=100 --param ggc-min-heapsize=131072
ignoring duplicate directory "/home/vietnq/.espressif/tools/xtensa-esp-elf/esp-14.2.0_20260121/xtensa-esp-elf/bin/../lib/gcc/../../lib/gcc/xtensa-esp-elf/14.2.0/../../../../xtensa-esp-elf/include/c++/14.2.0"
ignoring duplicate directory "/home/vietnq/.espressif/tools/xtensa-esp-elf/esp-14.2.0_20260121/xtensa-esp-elf/bin/../lib/gcc/../../lib/gcc/xtensa-esp-elf/14.2.0/../../../../xtensa-esp-elf/include/c++/14.2.0/xtensa-esp-elf/esp32/no-rtti"
ignoring duplicate directory "/home/vietnq/.espressif/tools/xtensa-esp-elf/esp-14.2.0_20260121/xtensa-esp-elf/bin/../lib/gcc/../../lib/gcc/xtensa-esp-elf/14.2.0/../../../../xtensa-esp-elf/include/c++/14.2.0/backward"
ignoring duplicate directory "/home/vietnq/.espressif/tools/xtensa-esp-elf/esp-14.2.0_20260121/xtensa-esp-elf/bin/../lib/gcc/../../lib/gcc/xtensa-esp-elf/14.2.0/include"
ignoring nonexistent directory "/home/vietnq/.espressif/tools/xtensa-esp-elf/esp-14.2.0_20260121/xtensa-esp-elf/bin/../xtensa-esp-elf/builds/idf/crosstool-NG/builds/xtensa-esp-elf/xtensa-esp-elf/include"
ignoring duplicate directory "/home/vietnq/.espressif/tools/xtensa-esp-elf/esp-14.2.0_20260121/xtensa-esp-elf/bin/../lib/gcc/../../lib/gcc/xtensa-esp-elf/14.2.0/include-fixed"
ignoring duplicate directory "/home/vietnq/.espressif/tools/xtensa-esp-elf/esp-14.2.0_20260121/xtensa-esp-elf/bin/../lib/gcc/../../lib/gcc/xtensa-esp-elf/14.2.0/../../../../xtensa-esp-elf/include"
ignoring duplicate directory "/home/vietnq/.espressif/tools/xtensa-esp-elf/esp-14.2.0_20260121/xtensa-esp-elf/bin/../xtensa-esp-elf/include"
#include "..." search starts here:
#include <...> search starts here:
 /home/vietnq/.espressif/tools/xtensa-esp-elf/esp-14.2.0_20260121/xtensa-esp-elf/bin/../lib/gcc/xtensa-esp-elf/14.2.0/../../../../xtensa-esp-elf/include/c++/14.2.0
 /home/vietnq/.espressif/tools/xtensa-esp-elf/esp-14.2.0_20260121/xtensa-esp-elf/bin/../lib/gcc/xtensa-esp-elf/14.2.0/../../../../xtensa-esp-elf/include/c++/14.2.0/xtensa-esp-elf/esp32/no-rtti
 /home/vietnq/.espressif/tools/xtensa-esp-elf/esp-14.2.0_20260121/xtensa-esp-elf/bin/../lib/gcc/xtensa-esp-elf/14.2.0/../../../../xtensa-esp-elf/include/c++/14.2.0/backward
 /home/vietnq/.espressif/tools/xtensa-esp-elf/esp-14.2.0_20260121/xtensa-esp-elf/bin/../lib/gcc/xtensa-esp-elf/14.2.0/include
 /home/vietnq/.espressif/tools/xtensa-esp-elf/esp-14.2.0_20260121/xtensa-esp-elf/bin/../lib/gcc/xtensa-esp-elf/14.2.0/include-fixed
 /home/vietnq/.espressif/tools/xtensa-esp-elf/esp-14.2.0_20260121/xtensa-esp-elf/bin/../lib/gcc/xtensa-esp-elf/14.2.0/../../../../xtensa-esp-elf/include
End of search list.
Compiler executable checksum: a254981dd59757a59628c9ca49d36a87
COLLECT_GCC_OPTIONS='-mdynconfig=xtensa_esp32.so' '-Wno-frame-address' '-mlongcalls' '-fno-builtin-memcpy' '-fno-builtin-memset' '-fno-builtin-bzero' '-fno-rtti' '-v' '-o' 'CMakeFiles/cmTC_71270.dir/CMakeCXXCompilerABI.cpp.obj' '-c' '-dumpdir' 'CMakeFiles/cmTC_71270.dir/'
 /home/vietnq/.espressif/tools/xtensa-esp-elf/esp-14.2.0_20260121/xtensa-esp-elf/bin/../lib/gcc/xtensa-esp-elf/14.2.0/../../../../xtensa-esp-elf/bin/as --traditional-format --longcalls --dynconfig=xtensa_esp32.so -o CMakeFiles/cmTC_71270.dir/CMakeCXXCompilerABI.cpp.obj /tmp/cc8FiWAs.s
COMPILER_PATH=/home/vietnq/.espressif/tools/xtensa-esp-elf/esp-14.2.0_20260121/xtensa-esp-elf/bin/../libexec/gcc/xtensa-esp-elf/14.2.0/:/home/vietnq/.espressif/tools/xtensa-esp-elf/esp-14.2.0_20260121/xtensa-esp-elf/bin/../libexec/gcc/:/home/vietnq/.espressif/tools/xtensa-esp-elf/esp-14.2.0_20260121/xtensa-esp-elf/bin/../lib/gcc/xtensa-esp-elf/14.2.0/../../../../xtensa-esp-elf/bin/
LIBRARY_PATH=/home/vietnq/.espressif/tools/xtensa-esp-elf/esp-14.2.0_20260121/xtensa-esp-elf/bin/../lib/gcc/xtensa-esp-elf/14.2.0/esp32/no-rtti/:/home/vietnq/.espressif/tools/xtensa-esp-elf/esp-14.2.0_20260121/xtensa-esp-elf/bin/../lib/gcc/xtensa-esp-elf/14.2.0/../../../../xtensa-esp-elf/lib/esp32/no-rtti/:/home/vietnq/.espressif/tools/xtensa-esp-elf/esp-14.2.0_20260121/xtensa-esp-elf/bin/../xtensa-esp-elf/lib/esp32/no-rtti/:/home/vietnq/.espressif/tools/xtensa-esp-elf/esp-14.2.0_20260121/xtensa-esp-elf/bin/../lib/gcc/xtensa-esp-elf/14.2.0/:/home/vietnq/.espressif/tools/xtensa-esp-elf/esp-14.2.0_20260121/xtensa-esp-elf/bin/../lib/gcc/:/home/vietnq/.espressif/tools/xtensa-esp-elf/esp-14.2.0_20260121/xtensa-esp-elf/bin/../lib/gcc/xtensa-esp-elf/14.2.0/../../../../xtensa-esp-elf/lib/:/home/vietnq/.espressif/tools/xtensa-esp-elf/esp-14.2.0_20260121/xtensa-esp-elf/bin/../xtensa-esp-elf/lib/:/home/vietnq/.espressif/tools/xtensa-esp-elf/esp-14.2.0_20260121/xtensa-esp-elf/bin/../xtensa-esp-elf/usr/lib/
COLLECT_GCC_OPTIONS='-mdynconfig=xtensa_esp32.so' '-Wno-frame-address' '-mlongcalls' '-fno-builtin-memcpy' '-fno-builtin-memset' '-fno-builtin-bzero' '-fno-rtti' '-v' '-o' 'CMakeFiles/cmTC_71270.dir/CMakeCXXCompilerABI.cpp.obj' '-c' '-dumpdir' 'CMakeFiles/cmTC_71270.dir/CMakeCXXCompilerABI.cpp.'
[2/2] Linking CXX executable cmTC_71270
Using built-in specs.
COLLECT_GCC=/home/vietnq/.espressif/tools/xtensa-esp-elf/esp-14.2.0_20260121/xtensa-esp-elf/bin/xtensa-esp-elf-g++
COLLECT_LTO_WRAPPER=/home/vietnq/.espressif/tools/xtensa-esp-elf/esp-14.2.0_20260121/xtensa-esp-elf/bin/../libexec/gcc/xtensa-esp-elf/14.2.0/lto-wrapper
Target: xtensa-esp-elf
Configured with: /builds/idf/crosstool-NG/.build/xtensa-esp-elf/src/gcc/configure --build=x86_64-build_pc-linux-gnu --host=x86_64-build_pc-linux-gnu --target=xtensa-esp-elf --prefix=/builds/idf/crosstool-NG/builds/xtensa-esp-elf --exec_prefix=/builds/idf/crosstool-NG/builds/xtensa-esp-elf --with-local-prefix=/builds/idf/crosstool-NG/builds/xtensa-esp-elf/xtensa-esp-elf --with-sysroot=/builds/idf/crosstool-NG/builds/xtensa-esp-elf/xtensa-esp-elf --with-native-system-header-dir=/include --with-headers=/builds/idf/crosstool-NG/builds/xtensa-esp-elf/xtensa-esp-elf/include --with-newlib --enable-threads=no --disable-shared --with-pkgversion='crosstool-NG esp-14.2.0_20260121' --disable-__cxa_atexit --enable-cxx-flags='-ffunction-sections -fdata-sections' --disable-libgomp --disable-libmudflap --disable-libmpx --disable-libssp --disable-libquadmath --disable-libquadmath-support --disable-libstdcxx-verbose --with-gmp=/builds/idf/crosstool-NG/.build/xtensa-esp-elf/buildtools --with-mpfr=/builds/idf/crosstool-NG/.build/xtensa-esp-elf/buildtools --with-mpc=/builds/idf/crosstool-NG/.build/xtensa-esp-elf/buildtools --with-isl=/builds/idf/crosstool-NG/.build/xtensa-esp-elf/buildtools --enable-lto --enable-target-optspace --without-long-double-128 --enable-plugin --disable-nls --enable-multiarch --enable-languages=c,c++ --disable-libstdcxx-verbose --enable-threads=posix --enable-libstdcxx-time=yes --disable-win32-utf8-manifest
Thread model: posix
Supported LTO compression algorithms: zlib zstd
gcc version 14.2.0 (crosstool-NG esp-14.2.0_20260121) 
COMPILER_PATH=/home/vietnq/.espressif/tools/xtensa-esp-elf/esp-14.2.0_20260121/xtensa-esp-elf/bin/../libexec/gcc/xtensa-esp-elf/14.2.0/:/home/vietnq/.espressif/tools/xtensa-esp-elf/esp-14.2.0_20260121/xtensa-esp-elf/bin/../libexec/gcc/:/home/vietnq/.espressif/tools/xtensa-esp-elf/esp-14.2.0_20260121/xtensa-esp-elf/bin/../lib/gcc/xtensa-esp-elf/14.2.0/../../../../xtensa-esp-elf/bin/
LIBRARY_PATH=/home/vietnq/.espressif/tools/xtensa-esp-elf/esp-14.2.0_20260121/xtensa-esp-elf/bin/../lib/gcc/xtensa-esp-elf/14.2.0/esp32/no-rtti/:/home/vietnq/.espressif/tools/xtensa-esp-elf/esp-14.2.0_20260121/xtensa-esp-elf/bin/../lib/gcc/xtensa-esp-elf/14.2.0/../../../../xtensa-esp-elf/lib/esp32/no-rtti/:/home/vietnq/.espressif/tools/xtensa-esp-elf/esp-14.2.0_20260121/xtensa-esp-elf/bin/../xtensa-esp-elf/lib/esp32/no-rtti/:/home/vietnq/.espressif/tools/xtensa-esp-elf/esp-14.2.0_20260121/xtensa-esp-elf/bin/../lib/gcc/xtensa-esp-elf/14.2.0/:/home/vietnq/.espressif/tools/xtensa-esp-elf/esp-14.2.0_20260121/xtensa-esp-elf/bin/../lib/gcc/:/home/vietnq/.espressif/tools/xtensa-esp-elf/esp-14.2.0_20260121/xtensa-esp-elf/bin/../lib/gcc/xtensa-esp-elf/14.2.0/../../../../xtensa-esp-elf/lib/:/home/vietnq/.espressif/tools/xtensa-esp-elf/esp-14.2.0_20260121/xtensa-esp-elf/bin/../xtensa-esp-elf/lib/:/home/vietnq/.espressif/tools/xtensa-esp-elf/esp-14.2.0_20260121/xtensa-esp-elf/bin/../xtensa-esp-elf/usr/lib/
COLLECT_GCC_OPTIONS='-mdynconfig=xtensa_esp32.so' '-Wno-frame-address' '-mlongcalls' '-fno-builtin-memcpy' '-fno-builtin-memset' '-fno-builtin-bzero' '-nostartfiles' '-fno-rtti' '-v' '-o' 'cmTC_71270' '-dumpdir' 'cmTC_71270.'
 /home/vietnq/.espressif/tools/xtensa-esp-elf/esp-14.2.0_20260121/xtensa-esp-elf/bin/../libexec/gcc/xtensa-esp-elf/14.2.0/collect2 -plugin /home/vietnq/.espressif/tools/xtensa-esp-elf/esp-14.2.0_20260121/xtensa-esp-elf/bin/../libexec/gcc/xtensa-esp-elf/14.2.0/liblto_plugin.so -plugin-opt=/home/vietnq/.espressif/tools/xtensa-esp-elf/esp-14.2.0_20260121/xtensa-esp-elf/bin/../libexec/gcc/xtensa-esp-elf/14.2.0/lto-wrapper -plugin-opt=-fresolution=/tmp/ccWfFvkK.res -plugin-opt=-pass-through=-lgcc -plugin-opt=-pass-through=-lc -plugin-opt=-pass-through=-lnosys -plugin-opt=-pass-through=-lc -plugin-opt=-pass-through=-lgcc --sysroot=/home/vietnq/.espressif/tools/xtensa-esp-elf/esp-14.2.0_20260121/xtensa-esp-elf/bin/../xtensa-esp-elf --dynconfig=xtensa_esp32.so -o cmTC_71270 -L/home/vietnq/.espressif/tools/xtensa-esp-elf/esp-14.2.0_20260121/xtensa-esp-elf/bin/../lib/gcc/xtensa-esp-elf/14.2.0/esp32/no-rtti -L/home/vietnq/.espressif/tools/xtensa-esp-elf/esp-14.2.0_20260121/xtensa-esp-elf/bin/../lib/gcc/xtensa-esp-elf/14.2.0/../../../../xtensa-esp-elf/lib/esp32/no-rtti -L/home/vietnq/.espressif/tools/xtensa-esp-elf/esp-14.2.0_20260121/xtensa-esp-elf/bin/../xtensa-esp-elf/lib/esp32/no-rtti -L/home/vietnq/.espressif/tools/xtensa-esp-elf/esp-14.2.0_20260121/xtensa-esp-elf/bin/../lib/gcc/xtensa-esp-elf/14.2.0 -L/home/vietnq/.espressif/tools/xtensa-esp-elf/esp-14.2.0_20260121/xtensa-esp-elf/bin/../lib/gcc -L/home/vietnq/.espressif/tools/xtensa-esp-elf/esp-14.2.0_20260121/xtensa-esp-elf/bin/../lib/gcc/xtensa-esp-elf/14.2.0/../../../../xtensa-esp-elf/lib -L/home/vietnq/.espressif/tools/xtensa-esp-elf/esp-14.2.0_20260121/xtensa-esp-elf/bin/../xtensa-esp-elf/lib -L/home/vietnq/.espressif/tools/xtensa-esp-elf/esp-14.2.0_20260121/xtensa-esp-elf/bin/../xtensa-esp-elf/usr/lib @/tmp/ccKTBcs8 -lgcc -lc -lnosys -lc -lgcc
/home/vietnq/.espressif/tools/xtensa-esp-elf/esp-14.2.0_20260121/xtensa-esp-elf/bin/../lib/gcc/xtensa-esp-elf/14.2.0/../../../../xtensa-esp-elf/bin/ld: warning: cannot find entry symbol _start; defaulting to 00400054
COLLECT_GCC_OPTIONS='-mdynconfig=xtensa_esp32.so' '-Wno-frame-address' '-mlongcalls' '-fno-builtin-memcpy' '-fno-builtin-memset' '-fno-builtin-bzero' '-nostartfiles' '-fno-rtti' '-v' '-o' 'cmTC_71270' '-dumpdir' 'cmTC_71270.'



Parsed CXX implicit include dir info from above output: rv=done
  found start of include info
  found start of implicit include info
    add: [/home/vietnq/.espressif/tools/xtensa-esp-elf/esp-14.2.0_20260121/xtensa-esp-elf/bin/../lib/gcc/xtensa-esp-elf/14.2.0/../../../../xtensa-esp-elf/include/c++/14.2.0]
    add: [/home/vietnq/.espressif/tools/xtensa-esp-elf/esp-14.2.0_20260121/xtensa-esp-elf/bin/../lib/gcc/xtensa-esp-elf/14.2.0/../../../../xtensa-esp-elf/include/c++/14.2.0/xtensa-esp-elf/esp32/no-rtti]
    add: [/home/vietnq/.espressif/tools/xtensa-esp-elf/esp-14.2.0_20260121/xtensa-esp-elf/bin/../lib/gcc/xtensa-esp-elf/14.2.0/../../../../xtensa-esp-elf/include/c++/14.2.0/backward]
    add: [/home/vietnq/.espressif/tools/xtensa-esp-elf/esp-14.2.0_20260121/xtensa-esp-elf/bin/../lib/gcc/xtensa-esp-elf/14.2.0/include]
    add: [/home/vietnq/.espressif/tools/xtensa-esp-elf/esp-14.2.0_20260121/xtensa-esp-elf/bin/../lib/gcc/xtensa-esp-elf/14.2.0/include-fixed]
    add: [/home/vietnq/.espressif/tools/xtensa-esp-elf/esp-14.2.0_20260121/xtensa-esp-elf/bin/../lib/gcc/xtensa-esp-elf/14.2.0/../../../../xtensa-esp-elf/include]
  end of search list found
  collapse include dir [/home/vietnq/.espressif/tools/xtensa-esp-elf/esp-14.2.0_20260121/xtensa-esp-elf/bin/../lib/gcc/xtensa-esp-elf/14.2.0/../../../../xtensa-esp-elf/include/c++/14.2.0] ==> [/home/vietnq/.espressif/tools/xtensa-esp-elf/esp-14.2.0_20260121/xtensa-esp-elf/xtensa-esp-elf/include/c++/14.2.0]
  collapse include dir [/home/vietnq/.espressif/tools/xtensa-esp-elf/esp-14.2.0_20260121/xtensa-esp-elf/bin/../lib/gcc/xtensa-esp-elf/14.2.0/../../../../xtensa-esp-elf/include/c++/14.2.0/xtensa-esp-elf/esp32/no-rtti] ==> [/home/vietnq/.espressif/tools/xtensa-esp-elf/esp-14.2.0_20260121/xtensa-esp-elf/xtensa-esp-elf/include/c++/14.2.0/xtensa-esp-elf/esp32/no-rtti]
  collapse include dir [/home/vietnq/.espressif/tools/xtensa-esp-elf/esp-14.2.0_20260121/xtensa-esp-elf/bin/../lib/gcc/xtensa-esp-elf/14.2.0/../../../../xtensa-esp-elf/include/c++/14.2.0/backward] ==> [/home/vietnq/.espressif/tools/xtensa-esp-elf/esp-14.2.0_20260121/xtensa-esp-elf/xtensa-esp-elf/include/c++/14.2.0/backward]
  collapse include dir [/home/vietnq/.espressif/tools/xtensa-esp-elf/esp-14.2.0_20260121/xtensa-esp-elf/bin/../lib/gcc/xtensa-esp-elf/14.2.0/include] ==> [/home/vietnq/.espressif/tools/xtensa-esp-elf/esp-14.2.0_20260121/xtensa-esp-elf/lib/gcc/xtensa-esp-elf/14.2.0/include]
  collapse include dir [/home/vietnq/.espressif/tools/xtensa-esp-elf/esp-14.2.0_20260121/xtensa-esp-elf/bin/../lib/gcc/xtensa-esp-elf/14.2.0/include-fixed] ==> [/home/vietnq/.espressif/tools/xtensa-esp-elf/esp-14.2.0_20260121/xtensa-esp-elf/lib/gcc/xtensa-esp-elf/14.2.0/include-fixed]
  collapse include dir [/home/vietnq/.espressif/tools/xtensa-esp-elf/esp-14.2.0_20260121/xtensa-esp-elf/bin/../lib/gcc/xtensa-esp-elf/14.2.0/../../../../xtensa-esp-elf/include] ==> [/home/vietnq/.espressif/tools/xtensa-esp-elf/esp-14.2.0_20260121/xtensa-esp-elf/xtensa-esp-elf/include]
  implicit include dirs: [/home/vietnq/.espressif/tools/xtensa-esp-elf/esp-14.2.0_20260121/xtensa-esp-elf/xtensa-esp-elf/include/c++/14.2.0;/home/vietnq/.espressif/tools/xtensa-esp-elf/esp-14.2.0_20260121/xtensa-esp-elf/xtensa-esp-elf/include/c++/14.2.0/xtensa-esp-elf/esp32/no-rtti;/home/vietnq/.espressif/tools/xtensa-esp-elf/esp-14.2.0_20260121/xtensa-esp-elf/xtensa-esp-elf/include/c++/14.2.0/backward;/home/vietnq/.espressif/tools/xtensa-esp-elf/esp-14.2.0_20260121/xtensa-esp-elf/lib/gcc/xtensa-esp-elf/14.2.0/include;/home/vietnq/.espressif/tools/xtensa-esp-elf/esp-14.2.0_20260121/xtensa-esp-elf/lib/gcc/xtensa-esp-elf/14.2.0/include-fixed;/home/vietnq/.espressif/tools/xtensa-esp-elf/esp-14.2.0_20260121/xtensa-esp-elf/xtensa-esp-elf/include]


Parsed CXX implicit link information from above output:
  link line regex: [^( *|.*[/\])(xtensa-esp32-elf-ld|CMAKE_LINK_STARTFILE-NOTFOUND|([^/\]+-)?ld|collect2)[^/\]*( |$)]
  ignore line: [Change Dir: /home/vietnq/esp/ota/build/bootloader/CMakeFiles/CMakeTmp]
  ignore line: []
  ignore line: [Run Build Command(s):/usr/bin/ninja cmTC_71270 && [1/2] Building CXX object CMakeFiles/cmTC_71270.dir/CMakeCXXCompilerABI.cpp.obj]
  ignore line: [Using built-in specs.]
  ignore line: [COLLECT_GCC=/home/vietnq/.espressif/tools/xtensa-esp-elf/esp-14.2.0_20260121/xtensa-esp-elf/bin/xtensa-esp-elf-g++]
  ignore line: [Target: xtensa-esp-elf]
  ignore line: [Configured with: /builds/idf/crosstool-NG/.build/xtensa-esp-elf/src/gcc/configure --build=x86_64-build_pc-linux-gnu --host=x86_64-build_pc-linux-gnu --target=xtensa-esp-elf --prefix=/builds/idf/crosstool-NG/builds/xtensa-esp-elf --exec_prefix=/builds/idf/crosstool-NG/builds/xtensa-esp-elf --with-local-prefix=/builds/idf/crosstool-NG/builds/xtensa-esp-elf/xtensa-esp-elf --with-sysroot=/builds/idf/crosstool-NG/builds/xtensa-esp-elf/xtensa-esp-elf --with-native-system-header-dir=/include --with-headers=/builds/idf/crosstool-NG/builds/xtensa-esp-elf/xtensa-esp-elf/include --with-newlib --enable-threads=no --disable-shared --with-pkgversion='crosstool-NG esp-14.2.0_20260121' --disable-__cxa_atexit --enable-cxx-flags='-ffunction-sections -fdata-sections' --disable-libgomp --disable-libmudflap --disable-libmpx --disable-libssp --disable-libquadmath --disable-libquadmath-support --disable-libstdcxx-verbose --with-gmp=/builds/idf/crosstool-NG/.build/xtensa-esp-elf/buildtools --with-mpfr=/builds/idf/crosstool-NG/.build/xtensa-esp-elf/buildtools --with-mpc=/builds/idf/crosstool-NG/.build/xtensa-esp-elf/buildtools --with-isl=/builds/idf/crosstool-NG/.build/xtensa-esp-elf/buildtools --enable-lto --enable-target-optspace --without-long-double-128 --enable-plugin --disable-nls --enable-multiarch --enable-languages=c c++ --disable-libstdcxx-verbose --enable-threads=posix --enable-libstdcxx-time=yes --disable-win32-utf8-manifest]
  ignore line: [Thread model: posix]
  ignore line: [Supported LTO compression algorithms: zlib zstd]
  ignore line: [gcc version 14.2.0 (crosstool-NG esp-14.2.0_20260121) ]
  ignore line: [COLLECT_GCC_OPTIONS='-mdynconfig=xtensa_esp32.so' '-Wno-frame-address' '-mlongcalls' '-fno-builtin-memcpy' '-fno-builtin-memset' '-fno-builtin-bzero' '-fno-rtti' '-v' '-o' 'CMakeFiles/cmTC_71270.dir/CMakeCXXCompilerABI.cpp.obj' '-c' '-dumpdir' 'CMakeFiles/cmTC_71270.dir/']
  ignore line: [ /home/vietnq/.espressif/tools/xtensa-esp-elf/esp-14.2.0_20260121/xtensa-esp-elf/bin/../libexec/gcc/xtensa-esp-elf/14.2.0/cc1plus -quiet -v -imultilib esp32/no-rtti -iprefix /home/vietnq/.espressif/tools/xtensa-esp-elf/esp-14.2.0_20260121/xtensa-esp-elf/bin/../lib/gcc/xtensa-esp-elf/14.2.0/ -isysroot /home/vietnq/.espressif/tools/xtensa-esp-elf/esp-14.2.0_20260121/xtensa-esp-elf/bin/../xtensa-esp-elf /usr/share/cmake-3.22/Modules/CMakeCXXCompilerABI.cpp -quiet -dumpdir CMakeFiles/cmTC_71270.dir/ -dumpbase CMakeCXXCompilerABI.cpp.cpp -dumpbase-ext .cpp -mdynconfig=xtensa_esp32.so -mlongcalls -Wno-frame-address -version -fno-builtin-memcpy -fno-builtin-memset -fno-builtin-bzero -fno-rtti -o /tmp/cc8FiWAs.s]
  ignore line: [GNU C++17 (crosstool-NG esp-14.2.0_20260121) version 14.2.0 (xtensa-esp-elf)]
  ignore line: [	compiled by GNU C version 6.3.0  GMP version 6.3.0  MPFR version 4.2.1  MPC version 1.3.1  isl version isl-0.26-GMP]
  ignore line: []
  ignore line: [GGC heuristics: --param ggc-min-expand=100 --param ggc-min-heapsize=131072]
  ignore line: [ignoring duplicate directory "/home/vietnq/.espressif/tools/xtensa-esp-elf/esp-14.2.0_20260121/xtensa-esp-elf/bin/../lib/gcc/../../lib/gcc/xtensa-esp-elf/14.2.0/../../../../xtensa-esp-elf/include/c++/14.2.0"]
  ignore line: [ignoring duplicate directory "/home/vietnq/.espressif/tools/xtensa-esp-elf/esp-14.2.0_20260121/xtensa-esp-elf/bin/../lib/gcc/../../lib/gcc/xtensa-esp-elf/14.2.0/../../../../xtensa-esp-elf/include/c++/14.2.0/xtensa-esp-elf/esp32/no-rtti"]
  ignore line: [ignoring duplicate directory "/home/vietnq/.espressif/tools/xtensa-esp-elf/esp-14.2.0_20260121/xtensa-esp-elf/bin/../lib/gcc/../../lib/gcc/xtensa-esp-elf/14.2.0/../../../../xtensa-esp-elf/include/c++/14.2.0/backward"]
  ignore line: [ignoring duplicate directory "/home/vietnq/.espressif/tools/xtensa-esp-elf/esp-14.2.0_20260121/xtensa-esp-elf/bin/../lib/gcc/../../lib/gcc/xtensa-esp-elf/14.2.0/include"]
  ignore line: [ignoring nonexistent directory "/home/vietnq/.espressif/tools/xtensa-esp-elf/esp-14.2.0_20260121/xtensa-esp-elf/bin/../xtensa-esp-elf/builds/idf/crosstool-NG/builds/xtensa-esp-elf/xtensa-esp-elf/include"]
  ignore line: [ignoring duplicate directory "/home/vietnq/.espressif/tools/xtensa-esp-elf/esp-14.2.0_20260121/xtensa-esp-elf/bin/../lib/gcc/../../lib/gcc/xtensa-esp-elf/14.2.0/include-fixed"]
  ignore line: [ignoring duplicate directory "/home/vietnq/.espressif/tools/xtensa-esp-elf/esp-14.2.0_20260121/xtensa-esp-elf/bin/../lib/gcc/../../lib/gcc/xtensa-esp-elf/14.2.0/../../../../xtensa-esp-elf/include"]
  ignore line: [ignoring duplicate directory "/home/vietnq/.espressif/tools/xtensa-esp-elf/esp-14.2.0_20260121/xtensa-esp-elf/bin/../xtensa-esp-elf/include"]
  ignore line: [#include "..." search starts here:]
  ignore line: [#include <...> search starts here:]
  ignore line: [ /home/vietnq/.espressif/tools/xtensa-esp-elf/esp-14.2.0_20260121/xtensa-esp-elf/bin/../lib/gcc/xtensa-esp-elf/14.2.0/../../../../xtensa-esp-elf/include/c++/14.2.0]
  ignore line: [ /home/vietnq/.espressif/tools/xtensa-esp-elf/esp-14.2.0_20260121/xtensa-esp-elf/bin/../lib/gcc/xtensa-esp-elf/14.2.0/../../../../xtensa-esp-elf/include/c++/14.2.0/xtensa-esp-elf/esp32/no-rtti]
  ignore line: [ /home/vietnq/.espressif/tools/xtensa-esp-elf/esp-14.2.0_20260121/xtensa-esp-elf/bin/../lib/gcc/xtensa-esp-elf/14.2.0/../../../../xtensa-esp-elf/include/c++/14.2.0/backward]
  ignore line: [ /home/vietnq/.espressif/tools/xtensa-esp-elf/esp-14.2.0_20260121/xtensa-esp-elf/bin/../lib/gcc/xtensa-esp-elf/14.2.0/include]
  ignore line: [ /home/vietnq/.espressif/tools/xtensa-esp-elf/esp-14.2.0_20260121/xtensa-esp-elf/bin/../lib/gcc/xtensa-esp-elf/14.2.0/include-fixed]
  ignore line: [ /home/vietnq/.espressif/tools/xtensa-esp-elf/esp-14.2.0_20260121/xtensa-esp-elf/bin/../lib/gcc/xtensa-esp-elf/14.2.0/../../../../xtensa-esp-elf/include]
  ignore line: [End of search list.]
  ignore line: [Compiler executable checksum: a254981dd59757a59628c9ca49d36a87]
  ignore line: [COLLECT_GCC_OPTIONS='-mdynconfig=xtensa_esp32.so' '-Wno-frame-address' '-mlongcalls' '-fno-builtin-memcpy' '-fno-builtin-memset' '-fno-builtin-bzero' '-fno-rtti' '-v' '-o' 'CMakeFiles/cmTC_71270.dir/CMakeCXXCompilerABI.cpp.obj' '-c' '-dumpdir' 'CMakeFiles/cmTC_71270.dir/']
  ignore line: [ /home/vietnq/.espressif/tools/xtensa-esp-elf/esp-14.2.0_20260121/xtensa-esp-elf/bin/../lib/gcc/xtensa-esp-elf/14.2.0/../../../../xtensa-esp-elf/bin/as --traditional-format --longcalls --dynconfig=xtensa_esp32.so -o CMakeFiles/cmTC_71270.dir/CMakeCXXCompilerABI.cpp.obj /tmp/cc8FiWAs.s]
  ignore line: [COMPILER_PATH=/home/vietnq/.espressif/tools/xtensa-esp-elf/esp-14.2.0_20260121/xtensa-esp-elf/bin/../libexec/gcc/xtensa-esp-elf/14.2.0/:/home/vietnq/.espressif/tools/xtensa-esp-elf/esp-14.2.0_20260121/xtensa-esp-elf/bin/../libexec/gcc/:/home/vietnq/.espressif/tools/xtensa-esp-elf/esp-14.2.0_20260121/xtensa-esp-elf/bin/../lib/gcc/xtensa-esp-elf/14.2.0/../../../../xtensa-esp-elf/bin/]
  ignore line: [LIBRARY_PATH=/home/vietnq/.espressif/tools/xtensa-esp-elf/esp-14.2.0_20260121/xtensa-esp-elf/bin/../lib/gcc/xtensa-esp-elf/14.2.0/esp32/no-rtti/:/home/vietnq/.espressif/tools/xtensa-esp-elf/esp-14.2.0_20260121/xtensa-esp-elf/bin/../lib/gcc/xtensa-esp-elf/14.2.0/../../../../xtensa-esp-elf/lib/esp32/no-rtti/:/home/vietnq/.espressif/tools/xtensa-esp-elf/esp-14.2.0_20260121/xtensa-esp-elf/bin/../xtensa-esp-elf/lib/esp32/no-rtti/:/home/vietnq/.espressif/tools/xtensa-esp-elf/esp-14.2.0_20260121/xtensa-esp-elf/bin/../lib/gcc/xtensa-esp-elf/14.2.0/:/home/vietnq/.espressif/tools/xtensa-esp-elf/esp-14.2.0_20260121/xtensa-esp-elf/bin/../lib/gcc/:/home/vietnq/.espressif/tools/xtensa-esp-elf/esp-14.2.0_20260121/xtensa-esp-elf/bin/../lib/gcc/xtensa-esp-elf/14.2.0/../../../../xtensa-esp-elf/lib/:/home/vietnq/.espressif/tools/xtensa-esp-elf/esp-14.2.0_20260121/xtensa-esp-elf/bin/../xtensa-esp-elf/lib/:/home/vietnq/.espressif/tools/xtensa-esp-elf/esp-14.2.0_20260121/xtensa-esp-elf/bin/../xtensa-esp-elf/usr/lib/]
  ignore line: [COLLECT_GCC_OPTIONS='-mdynconfig=xtensa_esp32.so' '-Wno-frame-address' '-mlongcalls' '-fno-builtin-memcpy' '-fno-builtin-memset' '-fno-builtin-bzero' '-fno-rtti' '-v' '-o' 'CMakeFiles/cmTC_71270.dir/CMakeCXXCompilerABI.cpp.obj' '-c' '-dumpdir' 'CMakeFiles/cmTC_71270.dir/CMakeCXXCompilerABI.cpp.']
  ignore line: [[2/2] Linking CXX executable cmTC_71270]
  ignore line: [Using built-in specs.]
  ignore line: [COLLECT_GCC=/home/vietnq/.espressif/tools/xtensa-esp-elf/esp-14.2.0_20260121/xtensa-esp-elf/bin/xtensa-esp-elf-g++]
  ignore line: [COLLECT_LTO_WRAPPER=/home/vietnq/.espressif/tools/xtensa-esp-elf/esp-14.2.0_20260121/xtensa-esp-elf/bin/../libexec/gcc/xtensa-esp-elf/14.2.0/lto-wrapper]
  ignore line: [Target: xtensa-esp-elf]
  ignore line: [Configured with: /builds/idf/crosstool-NG/.build/xtensa-esp-elf/src/gcc/configure --build=x86_64-build_pc-linux-gnu --host=x86_64-build_pc-linux-gnu --target=xtensa-esp-elf --prefix=/builds/idf/crosstool-NG/builds/xtensa-esp-elf --exec_prefix=/builds/idf/crosstool-NG/builds/xtensa-esp-elf --with-local-prefix=/builds/idf/crosstool-NG/builds/xtensa-esp-elf/xtensa-esp-elf --with-sysroot=/builds/idf/crosstool-NG/builds/xtensa-esp-elf/xtensa-esp-elf --with-native-system-header-dir=/include --with-headers=/builds/idf/crosstool-NG/builds/xtensa-esp-elf/xtensa-esp-elf/include --with-newlib --enable-threads=no --disable-shared --with-pkgversion='crosstool-NG esp-14.2.0_20260121' --disable-__cxa_atexit --enable-cxx-flags='-ffunction-sections -fdata-sections' --disable-libgomp --disable-libmudflap --disable-libmpx --disable-libssp --disable-libquadmath --disable-libquadmath-support --disable-libstdcxx-verbose --with-gmp=/builds/idf/crosstool-NG/.build/xtensa-esp-elf/buildtools --with-mpfr=/builds/idf/crosstool-NG/.build/xtensa-esp-elf/buildtools --with-mpc=/builds/idf/crosstool-NG/.build/xtensa-esp-elf/buildtools --with-isl=/builds/idf/crosstool-NG/.build/xtensa-esp-elf/buildtools --enable-lto --enable-target-optspace --without-long-double-128 --enable-plugin --disable-nls --enable-multiarch --enable-languages=c c++ --disable-libstdcxx-verbose --enable-threads=posix --enable-libstdcxx-time=yes --disable-win32-utf8-manifest]
  ignore line: [Thread model: posix]
  ignore line: [Supported LTO compression algorithms: zlib zstd]
  ignore line: [gcc version 14.2.0 (crosstool-NG esp-14.2.0_20260121) ]
  ignore line: [COMPILER_PATH=/home/vietnq/.espressif/tools/xtensa-esp-elf/esp-14.2.0_20260121/xtensa-esp-elf/bin/../libexec/gcc/xtensa-esp-elf/14.2.0/:/home/vietnq/.espressif/tools/xtensa-esp-elf/esp-14.2.0_20260121/xtensa-esp-elf/bin/../libexec/gcc/:/home/vietnq/.espressif/tools/xtensa-esp-elf/esp-14.2.0_20260121/xtensa-esp-elf/bin/../lib/gcc/xtensa-esp-elf/14.2.0/../../../../xtensa-esp-elf/bin/]
  ignore line: [LIBRARY_PATH=/home/vietnq/.espressif/tools/xtensa-esp-elf/esp-14.2.0_20260121/xtensa-esp-elf/bin/../lib/gcc/xtensa-esp-elf/14.2.0/esp32/no-rtti/:/home/vietnq/.espressif/tools/xtensa-esp-elf/esp-14.2.0_20260121/xtensa-esp-elf/bin/../lib/gcc/xtensa-esp-elf/14.2.0/../../../../xtensa-esp-elf/lib/esp32/no-rtti/:/home/vietnq/.espressif/tools/xtensa-esp-elf/esp-14.2.0_20260121/xtensa-esp-elf/bin/../xtensa-esp-elf/lib/esp32/no-rtti/:/home/vietnq/.espressif/tools/xtensa-esp-elf/esp-14.2.0_20260121/xtensa-esp-elf/bin/../lib/gcc/xtensa-esp-elf/14.2.0/:/home/vietnq/.espressif/tools/xtensa-esp-elf/esp-14.2.0_20260121/xtensa-esp-elf/bin/../lib/gcc/:/home/vietnq/.espressif/tools/xtensa-esp-elf/esp-14.2.0_20260121/xtensa-esp-elf/bin/../lib/gcc/xtensa-esp-elf/14.2.0/../../../../xtensa-esp-elf/lib/:/home/vietnq/.espressif/tools/xtensa-esp-elf/esp-14.2.0_20260121/xtensa-esp-elf/bin/../xtensa-esp-elf/lib/:/home/vietnq/.espressif/tools/xtensa-esp-elf/esp-14.2.0_20260121/xtensa-esp-elf/bin/../xtensa-esp-elf/usr/lib/]
  ignore line: [COLLECT_GCC_OPTIONS='-mdynconfig=xtensa_esp32.so' '-Wno-frame-address' '-mlongcalls' '-fno-builtin-memcpy' '-fno-builtin-memset' '-fno-builtin-bzero' '-nostartfiles' '-fno-rtti' '-v' '-o' 'cmTC_71270' '-dumpdir' 'cmTC_71270.']
  link line: [ /home/vietnq/.espressif/tools/xtensa-esp-elf/esp-14.2.0_20260121/xtensa-esp-elf/bin/../libexec/gcc/xtensa-esp-elf/14.2.0/collect2 -plugin /home/vietnq/.espressif/tools/xtensa-esp-elf/esp-14.2.0_20260121/xtensa-esp-elf/bin/../libexec/gcc/xtensa-esp-elf/14.2.0/liblto_plugin.so -plugin-opt=/home/vietnq/.espressif/tools/xtensa-esp-elf/esp-14.2.0_20260121/xtensa-esp-elf/bin/../libexec/gcc/xtensa-esp-elf/14.2.0/lto-wrapper -plugin-opt=-fresolution=/tmp/ccWfFvkK.res -plugin-opt=-pass-through=-lgcc -plugin-opt=-pass-through=-lc -plugin-opt=-pass-through=-lnosys -plugin-opt=-pass-through=-lc -plugin-opt=-pass-through=-lgcc --sysroot=/home/vietnq/.espressif/tools/xtensa-esp-elf/esp-14.2.0_20260121/xtensa-esp-elf/bin/../xtensa-esp-elf --dynconfig=xtensa_esp32.so -o cmTC_71270 -L/home/vietnq/.espressif/tools/xtensa-esp-elf/esp-14.2.0_20260121/xtensa-esp-elf/bin/../lib/gcc/xtensa-esp-elf/14.2.0/esp32/no-rtti -L/home/vietnq/.espressif/tools/xtensa-esp-elf/esp-14.2.0_20260121/xtensa-esp-elf/bin/../lib/gcc/xtensa-esp-elf/14.2.0/../../../../xtensa-esp-elf/lib/esp32/no-rtti -L/home/vietnq/.espressif/tools/xtensa-esp-elf/esp-14.2.0_20260121/xtensa-esp-elf/bin/../xtensa-esp-elf/lib/esp32/no-rtti -L/home/vietnq/.espressif/tools/xtensa-esp-elf/esp-14.2.0_20260121/xtensa-esp-elf/bin/../lib/gcc/xtensa-esp-elf/14.2.0 -L/home/vietnq/.espressif/tools/xtensa-esp-elf/esp-14.2.0_20260121/xtensa-esp-elf/bin/../lib/gcc -L/home/vietnq/.espressif/tools/xtensa-esp-elf/esp-14.2.0_20260121/xtensa-esp-elf/bin/../lib/gcc/xtensa-esp-elf/14.2.0/../../../../xtensa-esp-elf/lib -L/home/vietnq/.espressif/tools/xtensa-esp-elf/esp-14.2.0_20260121/xtensa-esp-elf/bin/../xtensa-esp-elf/lib -L/home/vietnq/.espressif/tools/xtensa-esp-elf/esp-14.2.0_20260121/xtensa-esp-elf/bin/../xtensa-esp-elf/usr/lib @/tmp/ccKTBcs8 -lgcc -lc -lnosys -lc -lgcc]
    arg [/home/vietnq/.espressif/tools/xtensa-esp-elf/esp-14.2.0_20260121/xtensa-esp-elf/bin/../libexec/gcc/xtensa-esp-elf/14.2.0/collect2] ==> ignore
    arg [-plugin] ==> ignore
    arg [/home/vietnq/.espressif/tools/xtensa-esp-elf/esp-14.2.0_20260121/xtensa-esp-elf/bin/../libexec/gcc/xtensa-esp-elf/14.2.0/liblto_plugin.so] ==> ignore
    arg [-plugin-opt=/home/vietnq/.espressif/tools/xtensa-esp-elf/esp-14.2.0_20260121/xtensa-esp-elf/bin/../libexec/gcc/xtensa-esp-elf/14.2.0/lto-wrapper] ==> ignore
    arg [-plugin-opt=-fresolution=/tmp/ccWfFvkK.res] ==> ignore
    arg [-plugin-opt=-pass-through=-lgcc] ==> ignore
    arg [-plugin-opt=-pass-through=-lc] ==> ignore
    arg [-plugin-opt=-pass-through=-lnosys] ==> ignore
    arg [-plugin-opt=-pass-through=-lc] ==> ignore
    arg [-plugin-opt=-pass-through=-lgcc] ==> ignore
    arg [--sysroot=/home/vietnq/.espressif/tools/xtensa-esp-elf/esp-14.2.0_20260121/xtensa-esp-elf/bin/../xtensa-esp-elf] ==> ignore
    arg [--dynconfig=xtensa_esp32.so] ==> ignore
    arg [-o] ==> ignore
    arg [cmTC_71270] ==> ignore
    arg [-L/home/vietnq/.espressif/tools/xtensa-esp-elf/esp-14.2.0_20260121/xtensa-esp-elf/bin/../lib/gcc/xtensa-esp-elf/14.2.0/esp32/no-rtti] ==> dir [/home/vietnq/.espressif/tools/xtensa-esp-elf/esp-14.2.0_20260121/xtensa-esp-elf/bin/../lib/gcc/xtensa-esp-elf/14.2.0/esp32/no-rtti]
    arg [-L/home/vietnq/.espressif/tools/xtensa-esp-elf/esp-14.2.0_20260121/xtensa-esp-elf/bin/../lib/gcc/xtensa-esp-elf/14.2.0/../../../../xtensa-esp-elf/lib/esp32/no-rtti] ==> dir [/home/vietnq/.espressif/tools/xtensa-esp-elf/esp-14.2.0_20260121/xtensa-esp-elf/bin/../lib/gcc/xtensa-esp-elf/14.2.0/../../../../xtensa-esp-elf/lib/esp32/no-rtti]
    arg [-L/home/vietnq/.espressif/tools/xtensa-esp-elf/esp-14.2.0_20260121/xtensa-esp-elf/bin/../xtensa-esp-elf/lib/esp32/no-rtti] ==> dir [/home/vietnq/.espressif/tools/xtensa-esp-elf/esp-14.2.0_20260121/xtensa-esp-elf/bin/../xtensa-esp-elf/lib/esp32/no-rtti]
    arg [-L/home/vietnq/.espressif/tools/xtensa-esp-elf/esp-14.2.0_20260121/xtensa-esp-elf/bin/../lib/gcc/xtensa-esp-elf/14.2.0] ==> dir [/home/vietnq/.espressif/tools/xtensa-esp-elf/esp-14.2.0_20260121/xtensa-esp-elf/bin/../lib/gcc/xtensa-esp-elf/14.2.0]
    arg [-L/home/vietnq/.espressif/tools/xtensa-esp-elf/esp-14.2.0_20260121/xtensa-esp-elf/bin/../lib/gcc] ==> dir [/home/vietnq/.espressif/tools/xtensa-esp-elf/esp-14.2.0_20260121/xtensa-esp-elf/bin/../lib/gcc]
    arg [-L/home/vietnq/.espressif/tools/xtensa-esp-elf/esp-14.2.0_20260121/xtensa-esp-elf/bin/../lib/gcc/xtensa-esp-elf/14.2.0/../../../../xtensa-esp-elf/lib] ==> dir [/home/vietnq/.espressif/tools/xtensa-esp-elf/esp-14.2.0_20260121/xtensa-esp-elf/bin/../lib/gcc/xtensa-esp-elf/14.2.0/../../../../xtensa-esp-elf/lib]
    arg [-L/home/vietnq/.espressif/tools/xtensa-esp-elf/esp-14.2.0_20260121/xtensa-esp-elf/bin/../xtensa-esp-elf/lib] ==> dir [/home/vietnq/.espressif/tools/xtensa-esp-elf/esp-14.2.0_20260121/xtensa-esp-elf/bin/../xtensa-esp-elf/lib]
    arg [-L/home/vietnq/.espressif/tools/xtensa-esp-elf/esp-14.2.0_20260121/xtensa-esp-elf/bin/../xtensa-esp-elf/usr/lib] ==> dir [/home/vietnq/.espressif/tools/xtensa-esp-elf/esp-14.2.0_20260121/xtensa-esp-elf/bin/../xtensa-esp-elf/usr/lib]
    arg [@/tmp/ccKTBcs8] ==> ignore
    arg [-lgcc] ==> lib [gcc]
    arg [-lc] ==> lib [c]
    arg [-lnosys] ==> lib [nosys]
    arg [-lc] ==> lib [c]
    arg [-lgcc] ==> lib [gcc]
  collapse library dir [/home/vietnq/.espressif/tools/xtensa-esp-elf/esp-14.2.0_20260121/xtensa-esp-elf/bin/../lib/gcc/xtensa-esp-elf/14.2.0/esp32/no-rtti] ==> [/home/vietnq/.espressif/tools/xtensa-esp-elf/esp-14.2.0_20260121/xtensa-esp-elf/lib/gcc/xtensa-esp-elf/14.2.0/esp32/no-rtti]
  collapse library dir [/home/vietnq/.espressif/tools/xtensa-esp-elf/esp-14.2.0_20260121/xtensa-esp-elf/bin/../lib/gcc/xtensa-esp-elf/14.2.0/../../../../xtensa-esp-elf/lib/esp32/no-rtti] ==> [/home/vietnq/.espressif/tools/xtensa-esp-elf/esp-14.2.0_20260121/xtensa-esp-elf/xtensa-esp-elf/lib/esp32/no-rtti]
  collapse library dir [/home/vietnq/.espressif/tools/xtensa-esp-elf/esp-14.2.0_20260121/xtensa-esp-elf/bin/../xtensa-esp-elf/lib/esp32/no-rtti] ==> [/home/vietnq/.espressif/tools/xtensa-esp-elf/esp-14.2.0_20260121/xtensa-esp-elf/xtensa-esp-elf/lib/esp32/no-rtti]
  collapse library dir [/home/vietnq/.espressif/tools/xtensa-esp-elf/esp-14.2.0_20260121/xtensa-esp-elf/bin/../lib/gcc/xtensa-esp-elf/14.2.0] ==> [/home/vietnq/.espressif/tools/xtensa-esp-elf/esp-14.2.0_20260121/xtensa-esp-elf/lib/gcc/xtensa-esp-elf/14.2.0]
  collapse library dir [/home/vietnq/.espressif/tools/xtensa-esp-elf/esp-14.2.0_20260121/xtensa-esp-elf/bin/../lib/gcc] ==> [/home/vietnq/.espressif/tools/xtensa-esp-elf/esp-14.2.0_20260121/xtensa-esp-elf/lib/gcc]
  collapse library dir [/home/vietnq/.espressif/tools/xtensa-esp-elf/esp-14.2.0_20260121/xtensa-esp-elf/bin/../lib/gcc/xtensa-esp-elf/14.2.0/../../../../xtensa-esp-elf/lib] ==> [/home/vietnq/.espressif/tools/xtensa-esp-elf/esp-14.2.0_20260121/xtensa-esp-elf/xtensa-esp-elf/lib]
  collapse library dir [/home/vietnq/.espressif/tools/xtensa-esp-elf/esp-14.2.0_20260121/xtensa-esp-elf/bin/../xtensa-esp-elf/lib] ==> [/home/vietnq/.espressif/tools/xtensa-esp-elf/esp-14.2.0_20260121/xtensa-esp-elf/xtensa-esp-elf/lib]
  collapse library dir [/home/vietnq/.espressif/tools/xtensa-esp-elf/esp-14.2.0_20260121/xtensa-esp-elf/bin/../xtensa-esp-elf/usr/lib] ==> [/home/vietnq/.espressif/tools/xtensa-esp-elf/esp-14.2.0_20260121/xtensa-esp-elf/xtensa-esp-elf/usr/lib]
  implicit libs: [gcc;c;nosys;c;gcc]
  implicit objs: []
  implicit dirs: [/home/vietnq/.espressif/tools/xtensa-esp-elf/esp-14.2.0_20260121/xtensa-esp-elf/lib/gcc/xtensa-esp-elf/14.2.0/esp32/no-rtti;/home/vietnq/.espressif/tools/xtensa-esp-elf/esp-14.2.0_20260121/xtensa-esp-elf/xtensa-esp-elf/lib/esp32/no-rtti;/home/vietnq/.espressif/tools/xtensa-esp-elf/esp-14.2.0_20260121/xtensa-esp-elf/lib/gcc/xtensa-esp-elf/14.2.0;/home/vietnq/.espressif/tools/xtensa-esp-elf/esp-14.2.0_20260121/xtensa-esp-elf/lib/gcc;/home/vietnq/.espressif/tools/xtensa-esp-elf/esp-14.2.0_20260121/xtensa-esp-elf/xtensa-esp-elf/lib;/home/vietnq/.espressif/tools/xtensa-esp-elf/esp-14.2.0_20260121/xtensa-esp-elf/xtensa-esp-elf/usr/lib]
  implicit fwks: []


Detecting C compiler ABI info compiled with the following output:
Change Dir: /home/vietnq/esp/ota/build/bootloader/CMakeFiles/CMakeTmp

Run Build Command(s):/usr/bin/ninja cmTC_a3636 && [1/2] Building C object CMakeFiles/cmTC_a3636.dir/CMakeCCompilerABI.c.obj
Using built-in specs.
COLLECT_GCC=/home/vietnq/.espressif/tools/xtensa-esp-elf/esp-14.2.0_20260121/xtensa-esp-elf/bin/xtensa-esp-elf-gcc
Target: xtensa-esp-elf
Configured with: /builds/idf/crosstool-NG/.build/xtensa-esp-elf/src/gcc/configure --build=x86_64-build_pc-linux-gnu --host=x86_64-build_pc-linux-gnu --target=xtensa-esp-elf --prefix=/builds/idf/crosstool-NG/builds/xtensa-esp-elf --exec_prefix=/builds/idf/crosstool-NG/builds/xtensa-esp-elf --with-local-prefix=/builds/idf/crosstool-NG/builds/xtensa-esp-elf/xtensa-esp-elf --with-sysroot=/builds/idf/crosstool-NG/builds/xtensa-esp-elf/xtensa-esp-elf --with-native-system-header-dir=/include --with-headers=/builds/idf/crosstool-NG/builds/xtensa-esp-elf/xtensa-esp-elf/include --with-newlib --enable-threads=no --disable-shared --with-pkgversion='crosstool-NG esp-14.2.0_20260121' --disable-__cxa_atexit --enable-cxx-flags='-ffunction-sections -fdata-sections' --disable-libgomp --disable-libmudflap --disable-libmpx --disable-libssp --disable-libquadmath --disable-libquadmath-support --disable-libstdcxx-verbose --with-gmp=/builds/idf/crosstool-NG/.build/xtensa-esp-elf/buildtools --with-mpfr=/builds/idf/crosstool-NG/.build/xtensa-esp-elf/buildtools --with-mpc=/builds/idf/crosstool-NG/.build/xtensa-esp-elf/buildtools --with-isl=/builds/idf/crosstool-NG/.build/xtensa-esp-elf/buildtools --enable-lto --enable-target-optspace --without-long-double-128 --enable-plugin --disable-nls --enable-multiarch --enable-languages=c,c++ --disable-libstdcxx-verbose --enable-threads=posix --enable-libstdcxx-time=yes --disable-win32-utf8-manifest
Thread model: posix
Supported LTO compression algorithms: zlib zstd
gcc version 14.2.0 (crosstool-NG esp-14.2.0_20260121) 
COLLECT_GCC_OPTIONS='-mdynconfig=xtensa_esp32.so' '-Wno-frame-address' '-mlongcalls' '-fno-builtin-memcpy' '-fno-builtin-memset' '-fno-builtin-bzero' '-v' '-o' 'CMakeFiles/cmTC_a3636.dir/CMakeCCompilerABI.c.obj' '-c' '-dumpdir' 'CMakeFiles/cmTC_a3636.dir/'
 /home/vietnq/.espressif/tools/xtensa-esp-elf/esp-14.2.0_20260121/xtensa-esp-elf/bin/../libexec/gcc/xtensa-esp-elf/14.2.0/cc1 -quiet -v -imultilib esp32 -iprefix /home/vietnq/.espressif/tools/xtensa-esp-elf/esp-14.2.0_20260121/xtensa-esp-elf/bin/../lib/gcc/xtensa-esp-elf/14.2.0/ -isysroot /home/vietnq/.espressif/tools/xtensa-esp-elf/esp-14.2.0_20260121/xtensa-esp-elf/bin/../xtensa-esp-elf /usr/share/cmake-3.22/Modules/CMakeCCompilerABI.c -quiet -dumpdir CMakeFiles/cmTC_a3636.dir/ -dumpbase CMakeCCompilerABI.c.c -dumpbase-ext .c -mdynconfig=xtensa_esp32.so -mlongcalls -Wno-frame-address -version -fno-builtin-memcpy -fno-builtin-memset -fno-builtin-bzero -o /tmp/cc49QAva.s
GNU C17 (crosstool-NG esp-14.2.0_20260121) version 14.2.0 (xtensa-esp-elf)
	compiled by GNU C version 6.3.0, GMP version 6.3.0, MPFR version 4.2.1, MPC version 1.3.1, isl version isl-0.26-GMP

GGC heuristics: --param ggc-min-expand=100 --param ggc-min-heapsize=131072
ignoring duplicate directory "/home/vietnq/.espressif/tools/xtensa-esp-elf/esp-14.2.0_20260121/xtensa-esp-elf/bin/../lib/gcc/../../lib/gcc/xtensa-esp-elf/14.2.0/include"
ignoring nonexistent directory "/home/vietnq/.espressif/tools/xtensa-esp-elf/esp-14.2.0_20260121/xtensa-esp-elf/bin/../xtensa-esp-elf/builds/idf/crosstool-NG/builds/xtensa-esp-elf/xtensa-esp-elf/include"
ignoring duplicate directory "/home/vietnq/.espressif/tools/xtensa-esp-elf/esp-14.2.0_20260121/xtensa-esp-elf/bin/../lib/gcc/../../lib/gcc/xtensa-esp-elf/14.2.0/include-fixed"
ignoring duplicate directory "/home/vietnq/.espressif/tools/xtensa-esp-elf/esp-14.2.0_20260121/xtensa-esp-elf/bin/../lib/gcc/../../lib/gcc/xtensa-esp-elf/14.2.0/../../../../xtensa-esp-elf/include"
ignoring duplicate directory "/home/vietnq/.espressif/tools/xtensa-esp-elf/esp-14.2.0_20260121/xtensa-esp-elf/bin/../xtensa-esp-elf/include"
#include "..." search starts here:
#include <...> search starts here:
 /home/vietnq/.espressif/tools/xtensa-esp-elf/esp-14.2.0_20260121/xtensa-esp-elf/bin/../lib/gcc/xtensa-esp-elf/14.2.0/include
 /home/vietnq/.espressif/tools/xtensa-esp-elf/esp-14.2.0_20260121/xtensa-esp-elf/bin/../lib/gcc/xtensa-esp-elf/14.2.0/include-fixed
 /home/vietnq/.espressif/tools/xtensa-esp-elf/esp-14.2.0_20260121/xtensa-esp-elf/bin/../lib/gcc/xtensa-esp-elf/14.2.0/../../../../xtensa-esp-elf/include
End of search list.
Compiler executable checksum: 709abf7e99d4c633116df3b91860509f
COLLECT_GCC_OPTIONS='-mdynconfig=xtensa_esp32.so' '-Wno-frame-address' '-mlongcalls' '-fno-builtin-memcpy' '-fno-builtin-memset' '-fno-builtin-bzero' '-v' '-o' 'CMakeFiles/cmTC_a3636.dir/CMakeCCompilerABI.c.obj' '-c' '-dumpdir' 'CMakeFiles/cmTC_a3636.dir/'
 /home/vietnq/.espressif/tools/xtensa-esp-elf/esp-14.2.0_20260121/xtensa-esp-elf/bin/../lib/gcc/xtensa-esp-elf/14.2.0/../../../../xtensa-esp-elf/bin/as --traditional-format --longcalls --dynconfig=xtensa_esp32.so -o CMakeFiles/cmTC_a3636.dir/CMakeCCompilerABI.c.obj /tmp/cc49QAva.s
COMPILER_PATH=/home/vietnq/.espressif/tools/xtensa-esp-elf/esp-14.2.0_20260121/xtensa-esp-elf/bin/../libexec/gcc/xtensa-esp-elf/14.2.0/:/home/vietnq/.espressif/tools/xtensa-esp-elf/esp-14.2.0_20260121/xtensa-esp-elf/bin/../libexec/gcc/:/home/vietnq/.espressif/tools/xtensa-esp-elf/esp-14.2.0_20260121/xtensa-esp-elf/bin/../lib/gcc/xtensa-esp-elf/14.2.0/../../../../xtensa-esp-elf/bin/
LIBRARY_PATH=/home/vietnq/.espressif/tools/xtensa-esp-elf/esp-14.2.0_20260121/xtensa-esp-elf/bin/../lib/gcc/xtensa-esp-elf/14.2.0/esp32/:/home/vietnq/.espressif/tools/xtensa-esp-elf/esp-14.2.0_20260121/xtensa-esp-elf/bin/../lib/gcc/xtensa-esp-elf/14.2.0/../../../../xtensa-esp-elf/lib/esp32/:/home/vietnq/.espressif/tools/xtensa-esp-elf/esp-14.2.0_20260121/xtensa-esp-elf/bin/../xtensa-esp-elf/lib/esp32/:/home/vietnq/.espressif/tools/xtensa-esp-elf/esp-14.2.0_20260121/xtensa-esp-elf/bin/../lib/gcc/xtensa-esp-elf/14.2.0/:/home/vietnq/.espressif/tools/xtensa-esp-elf/esp-14.2.0_20260121/xtensa-esp-elf/bin/../lib/gcc/:/home/vietnq/.espressif/tools/xtensa-esp-elf/esp-14.2.0_20260121/xtensa-esp-elf/bin/../lib/gcc/xtensa-esp-elf/14.2.0/../../../../xtensa-esp-elf/lib/:/home/vietnq/.espressif/tools/xtensa-esp-elf/esp-14.2.0_20260121/xtensa-esp-elf/bin/../xtensa-esp-elf/lib/:/home/vietnq/.espressif/tools/xtensa-esp-elf/esp-14.2.0_20260121/xtensa-esp-elf/bin/../xtensa-esp-elf/usr/lib/
COLLECT_GCC_OPTIONS='-mdynconfig=xtensa_esp32.so' '-Wno-frame-address' '-mlongcalls' '-fno-builtin-memcpy' '-fno-builtin-memset' '-fno-builtin-bzero' '-v' '-o' 'CMakeFiles/cmTC_a3636.dir/CMakeCCompilerABI.c.obj' '-c' '-dumpdir' 'CMakeFiles/cmTC_a3636.dir/CMakeCCompilerABI.c.'
[2/2] Linking C executable cmTC_a3636
Using built-in specs.
COLLECT_GCC=/home/vietnq/.espressif/tools/xtensa-esp-elf/esp-14.2.0_20260121/xtensa-esp-elf/bin/xtensa-esp-elf-gcc
COLLECT_LTO_WRAPPER=/home/vietnq/.espressif/tools/xtensa-esp-elf/esp-14.2.0_20260121/xtensa-esp-elf/bin/../libexec/gcc/xtensa-esp-elf/14.2.0/lto-wrapper
Target: xtensa-esp-elf
Configured with: /builds/idf/crosstool-NG/.build/xtensa-esp-elf/src/gcc/configure --build=x86_64-build_pc-linux-gnu --host=x86_64-build_pc-linux-gnu --target=xtensa-esp-elf --prefix=/builds/idf/crosstool-NG/builds/xtensa-esp-elf --exec_prefix=/builds/idf/crosstool-NG/builds/xtensa-esp-elf --with-local-prefix=/builds/idf/crosstool-NG/builds/xtensa-esp-elf/xtensa-esp-elf --with-sysroot=/builds/idf/crosstool-NG/builds/xtensa-esp-elf/xtensa-esp-elf --with-native-system-header-dir=/include --with-headers=/builds/idf/crosstool-NG/builds/xtensa-esp-elf/xtensa-esp-elf/include --with-newlib --enable-threads=no --disable-shared --with-pkgversion='crosstool-NG esp-14.2.0_20260121' --disable-__cxa_atexit --enable-cxx-flags='-ffunction-sections -fdata-sections' --disable-libgomp --disable-libmudflap --disable-libmpx --disable-libssp --disable-libquadmath --disable-libquadmath-support --disable-libstdcxx-verbose --with-gmp=/builds/idf/crosstool-NG/.build/xtensa-esp-elf/buildtools --with-mpfr=/builds/idf/crosstool-NG/.build/xtensa-esp-elf/buildtools --with-mpc=/builds/idf/crosstool-NG/.build/xtensa-esp-elf/buildtools --with-isl=/builds/idf/crosstool-NG/.build/xtensa-esp-elf/buildtools --enable-lto --enable-target-optspace --without-long-double-128 --enable-plugin --disable-nls --enable-multiarch --enable-languages=c,c++ --disable-libstdcxx-verbose --enable-threads=posix --enable-libstdcxx-time=yes --disable-win32-utf8-manifest
Thread model: posix
Supported LTO compression algorithms: zlib zstd
gcc version 14.2.0 (crosstool-NG esp-14.2.0_20260121) 
COMPILER_PATH=/home/vietnq/.espressif/tools/xtensa-esp-elf/esp-14.2.0_20260121/xtensa-esp-elf/bin/../libexec/gcc/xtensa-esp-elf/14.2.0/:/home/vietnq/.espressif/tools/xtensa-esp-elf/esp-14.2.0_20260121/xtensa-esp-elf/bin/../libexec/gcc/:/home/vietnq/.espressif/tools/xtensa-esp-elf/esp-14.2.0_20260121/xtensa-esp-elf/bin/../lib/gcc/xtensa-esp-elf/14.2.0/../../../../xtensa-esp-elf/bin/
LIBRARY_PATH=/home/vietnq/.espressif/tools/xtensa-esp-elf/esp-14.2.0_20260121/xtensa-esp-elf/bin/../lib/gcc/xtensa-esp-elf/14.2.0/esp32/no-rtti/:/home/vietnq/.espressif/tools/xtensa-esp-elf/esp-14.2.0_20260121/xtensa-esp-elf/bin/../lib/gcc/xtensa-esp-elf/14.2.0/../../../../xtensa-esp-elf/lib/esp32/no-rtti/:/home/vietnq/.espressif/tools/xtensa-esp-elf/esp-14.2.0_20260121/xtensa-esp-elf/bin/../xtensa-esp-elf/lib/esp32/no-rtti/:/home/vietnq/.espressif/tools/xtensa-esp-elf/esp-14.2.0_20260121/xtensa-esp-elf/bin/../lib/gcc/xtensa-esp-elf/14.2.0/:/home/vietnq/.espressif/tools/xtensa-esp-elf/esp-14.2.0_20260121/xtensa-esp-elf/bin/../lib/gcc/:/home/vietnq/.espressif/tools/xtensa-esp-elf/esp-14.2.0_20260121/xtensa-esp-elf/bin/../lib/gcc/xtensa-esp-elf/14.2.0/../../../../xtensa-esp-elf/lib/:/home/vietnq/.espressif/tools/xtensa-esp-elf/esp-14.2.0_20260121/xtensa-esp-elf/bin/../xtensa-esp-elf/lib/:/home/vietnq/.espressif/tools/xtensa-esp-elf/esp-14.2.0_20260121/xtensa-esp-elf/bin/../xtensa-esp-elf/usr/lib/
COLLECT_GCC_OPTIONS='-mdynconfig=xtensa_esp32.so' '-Wno-frame-address' '-mlongcalls' '-fno-builtin-memcpy' '-fno-builtin-memset' '-fno-builtin-bzero' '-nostartfiles' '-fno-rtti' '-v' '-o' 'cmTC_a3636' '-dumpdir' 'cmTC_a3636.'
 /home/vietnq/.espressif/tools/xtensa-esp-elf/esp-14.2.0_20260121/xtensa-esp-elf/bin/../libexec/gcc/xtensa-esp-elf/14.2.0/collect2 -plugin /home/vietnq/.espressif/tools/xtensa-esp-elf/esp-14.2.0_20260121/xtensa-esp-elf/bin/../libexec/gcc/xtensa-esp-elf/14.2.0/liblto_plugin.so -plugin-opt=/home/vietnq/.espressif/tools/xtensa-esp-elf/esp-14.2.0_20260121/xtensa-esp-elf/bin/../libexec/gcc/xtensa-esp-elf/14.2.0/lto-wrapper -plugin-opt=-fresolution=/tmp/ccjxExMS.res -plugin-opt=-pass-through=-lgcc -plugin-opt=-pass-through=-lc -plugin-opt=-pass-through=-lnosys -plugin-opt=-pass-through=-lc -plugin-opt=-pass-through=-lgcc --sysroot=/home/vietnq/.espressif/tools/xtensa-esp-elf/esp-14.2.0_20260121/xtensa-esp-elf/bin/../xtensa-esp-elf --dynconfig=xtensa_esp32.so -o cmTC_a3636 -L/home/vietnq/.espressif/tools/xtensa-esp-elf/esp-14.2.0_20260121/xtensa-esp-elf/bin/../lib/gcc/xtensa-esp-elf/14.2.0/esp32/no-rtti -L/home/vietnq/.espressif/tools/xtensa-esp-elf/esp-14.2.0_20260121/xtensa-esp-elf/bin/../lib/gcc/xtensa-esp-elf/14.2.0/../../../../xtensa-esp-elf/lib/esp32/no-rtti -L/home/vietnq/.espressif/tools/xtensa-esp-elf/esp-14.2.0_20260121/xtensa-esp-elf/bin/../xtensa-esp-elf/lib/esp32/no-rtti -L/home/vietnq/.espressif/tools/xtensa-esp-elf/esp-14.2.0_20260121/xtensa-esp-elf/bin/../lib/gcc/xtensa-esp-elf/14.2.0 -L/home/vietnq/.espressif/tools/xtensa-esp-elf/esp-14.2.0_20260121/xtensa-esp-elf/bin/../lib/gcc -L/home/vietnq/.espressif/tools/xtensa-esp-elf/esp-14.2.0_20260121/xtensa-esp-elf/bin/../lib/gcc/xtensa-esp-elf/14.2.0/../../../../xtensa-esp-elf/lib -L/home/vietnq/.espressif/tools/xtensa-esp-elf/esp-14.2.0_20260121/xtensa-esp-elf/bin/../xtensa-esp-elf/lib -L/home/vietnq/.espressif/tools/xtensa-esp-elf/esp-14.2.0_20260121/xtensa-esp-elf/bin/../xtensa-esp-elf/usr/lib @/tmp/ccQa69Lf -lgcc -lc -lnosys -lc -lgcc
/home/vietnq/.espressif/tools/xtensa-esp-elf/esp-14.2.0_20260121/xtensa-esp-elf/bin/../lib/gcc/xtensa-esp-elf/14.2.0/../../../../xtensa-esp-elf/bin/ld: warning: cannot find entry symbol _start; defaulting to 00400054
COLLECT_GCC_OPTIONS='-mdynconfig=xtensa_esp32.so' '-Wno-frame-address' '-mlongcalls' '-fno-builtin-memcpy' '-fno-builtin-memset' '-fno-builtin-bzero' '-nostartfiles' '-fno-rtti' '-v' '-o' 'cmTC_a3636' '-dumpdir' 'cmTC_a3636.'



Parsed C implicit include dir info from above output: rv=done
  found start of include info
  found start of implicit include info
    add: [/home/vietnq/.espressif/tools/xtensa-esp-elf/esp-14.2.0_20260121/xtensa-esp-elf/bin/../lib/gcc/xtensa-esp-elf/14.2.0/include]
    add: [/home/vietnq/.espressif/tools/xtensa-esp-elf/esp-14.2.0_20260121/xtensa-esp-elf/bin/../lib/gcc/xtensa-esp-elf/14.2.0/include-fixed]
    add: [/home/vietnq/.espressif/tools/xtensa-esp-elf/esp-14.2.0_20260121/xtensa-esp-elf/bin/../lib/gcc/xtensa-esp-elf/14.2.0/../../../../xtensa-esp-elf/include]
  end of search list found
  collapse include dir [/home/vietnq/.espressif/tools/xtensa-esp-elf/esp-14.2.0_20260121/xtensa-esp-elf/bin/../lib/gcc/xtensa-esp-elf/14.2.0/include] ==> [/home/vietnq/.espressif/tools/xtensa-esp-elf/esp-14.2.0_20260121/xtensa-esp-elf/lib/gcc/xtensa-esp-elf/14.2.0/include]
  collapse include dir [/home/vietnq/.espressif/tools/xtensa-esp-elf/esp-14.2.0_20260121/xtensa-esp-elf/bin/../lib/gcc/xtensa-esp-elf/14.2.0/include-fixed] ==> [/home/vietnq/.espressif/tools/xtensa-esp-elf/esp-14.2.0_20260121/xtensa-esp-elf/lib/gcc/xtensa-esp-elf/14.2.0/include-fixed]
  collapse include dir [/home/vietnq/.espressif/tools/xtensa-esp-elf/esp-14.2.0_20260121/xtensa-esp-elf/bin/../lib/gcc/xtensa-esp-elf/14.2.0/../../../../xtensa-esp-elf/include] ==> [/home/vietnq/.espressif/tools/xtensa-esp-elf/esp-14.2.0_20260121/xtensa-esp-elf/xtensa-esp-elf/include]
  implicit include dirs: [/home/vietnq/.espressif/tools/xtensa-esp-elf/esp-14.2.0_20260121/xtensa-esp-elf/lib/gcc/xtensa-esp-elf/14.2.0/include;/home/vietnq/.espressif/tools/xtensa-esp-elf/esp-14.2.0_20260121/xtensa-esp-elf/lib/gcc/xtensa-esp-elf/14.2.0/include-fixed;/home/vietnq/.espressif/tools/xtensa-esp-elf/esp-14.2.0_20260121/xtensa-esp-elf/xtensa-esp-elf/include]


Parsed C implicit link information from above output:
  link line regex: [^( *|.*[/\])(xtensa-esp32-elf-ld|CMAKE_LINK_STARTFILE-NOTFOUND|([^/\]+-)?ld|collect2)[^/\]*( |$)]
  ignore line: [Change Dir: /home/vietnq/esp/ota/build/bootloader/CMakeFiles/CMakeTmp]
  ignore line: []
  ignore line: [Run Build Command(s):/usr/bin/ninja cmTC_a3636 && [1/2] Building C object CMakeFiles/cmTC_a3636.dir/CMakeCCompilerABI.c.obj]
  ignore line: [Using built-in specs.]
  ignore line: [COLLECT_GCC=/home/vietnq/.espressif/tools/xtensa-esp-elf/esp-14.2.0_20260121/xtensa-esp-elf/bin/xtensa-esp-elf-gcc]
  ignore line: [Target: xtensa-esp-elf]
  ignore line: [Configured with: /builds/idf/crosstool-NG/.build/xtensa-esp-elf/src/gcc/configure --build=x86_64-build_pc-linux-gnu --host=x86_64-build_pc-linux-gnu --target=xtensa-esp-elf --prefix=/builds/idf/crosstool-NG/builds/xtensa-esp-elf --exec_prefix=/builds/idf/crosstool-NG/builds/xtensa-esp-elf --with-local-prefix=/builds/idf/crosstool-NG/builds/xtensa-esp-elf/xtensa-esp-elf --with-sysroot=/builds/idf/crosstool-NG/builds/xtensa-esp-elf/xtensa-esp-elf --with-native-system-header-dir=/include --with-headers=/builds/idf/crosstool-NG/builds/xtensa-esp-elf/xtensa-esp-elf/include --with-newlib --enable-threads=no --disable-shared --with-pkgversion='crosstool-NG esp-14.2.0_20260121' --disable-__cxa_atexit --enable-cxx-flags='-ffunction-sections -fdata-sections' --disable-libgomp --disable-libmudflap --disable-libmpx --disable-libssp --disable-libquadmath --disable-libquadmath-support --disable-libstdcxx-verbose --with-gmp=/builds/idf/crosstool-NG/.build/xtensa-esp-elf/buildtools --with-mpfr=/builds/idf/crosstool-NG/.build/xtensa-esp-elf/buildtools --with-mpc=/builds/idf/crosstool-NG/.build/xtensa-esp-elf/buildtools --with-isl=/builds/idf/crosstool-NG/.build/xtensa-esp-elf/buildtools --enable-lto --enable-target-optspace --without-long-double-128 --enable-plugin --disable-nls --enable-multiarch --enable-languages=c c++ --disable-libstdcxx-verbose --enable-threads=posix --enable-libstdcxx-time=yes --disable-win32-utf8-manifest]
  ignore line: [Thread model: posix]
  ignore line: [Supported LTO compression algorithms: zlib zstd]
  ignore line: [gcc version 14.2.0 (crosstool-NG esp-14.2.0_20260121) ]
  ignore line: [COLLECT_GCC_OPTIONS='-mdynconfig=xtensa_esp32.so' '-Wno-frame-address' '-mlongcalls' '-fno-builtin-memcpy' '-fno-builtin-memset' '-fno-builtin-bzero' '-v' '-o' 'CMakeFiles/cmTC_a3636.dir/CMakeCCompilerABI.c.obj' '-c' '-dumpdir' 'CMakeFiles/cmTC_a3636.dir/']
  ignore line: [ /home/vietnq/.espressif/tools/xtensa-esp-elf/esp-14.2.0_20260121/xtensa-esp-elf/bin/../libexec/gcc/xtensa-esp-elf/14.2.0/cc1 -quiet -v -imultilib esp32 -iprefix /home/vietnq/.espressif/tools/xtensa-esp-elf/esp-14.2.0_20260121/xtensa-esp-elf/bin/../lib/gcc/xtensa-esp-elf/14.2.0/ -isysroot /home/vietnq/.espressif/tools/xtensa-esp-elf/esp-14.2.0_20260121/xtensa-esp-elf/bin/../xtensa-esp-elf /usr/share/cmake-3.22/Modules/CMakeCCompilerABI.c -quiet -dumpdir CMakeFiles/cmTC_a3636.dir/ -dumpbase CMakeCCompilerABI.c.c -dumpbase-ext .c -mdynconfig=xtensa_esp32.so -mlongcalls -Wno-frame-address -version -fno-builtin-memcpy -fno-builtin-memset -fno-builtin-bzero -o /tmp/cc49QAva.s]
  ignore line: [GNU C17 (crosstool-NG esp-14.2.0_20260121) version 14.2.0 (xtensa-esp-elf)]
  ignore line: [	compiled by GNU C version 6.3.0  GMP version 6.3.0  MPFR version 4.2.1  MPC version 1.3.1  isl version isl-0.26-GMP]
  ignore line: []
  ignore line: [GGC heuristics: --param ggc-min-expand=100 --param ggc-min-heapsize=131072]
  ignore line: [ignoring duplicate directory "/home/vietnq/.espressif/tools/xtensa-esp-elf/esp-14.2.0_20260121/xtensa-esp-elf/bin/../lib/gcc/../../lib/gcc/xtensa-esp-elf/14.2.0/include"]
  ignore line: [ignoring nonexistent directory "/home/vietnq/.espressif/tools/xtensa-esp-elf/esp-14.2.0_20260121/xtensa-esp-elf/bin/../xtensa-esp-elf/builds/idf/crosstool-NG/builds/xtensa-esp-elf/xtensa-esp-elf/include"]
  ignore line: [ignoring duplicate directory "/home/vietnq/.espressif/tools/xtensa-esp-elf/esp-14.2.0_20260121/xtensa-esp-elf/bin/../lib/gcc/../../lib/gcc/xtensa-esp-elf/14.2.0/include-fixed"]
  ignore line: [ignoring duplicate directory "/home/vietnq/.espressif/tools/xtensa-esp-elf/esp-14.2.0_20260121/xtensa-esp-elf/bin/../lib/gcc/../../lib/gcc/xtensa-esp-elf/14.2.0/../../../../xtensa-esp-elf/include"]
  ignore line: [ignoring duplicate directory "/home/vietnq/.espressif/tools/xtensa-esp-elf/esp-14.2.0_20260121/xtensa-esp-elf/bin/../xtensa-esp-elf/include"]
  ignore line: [#include "..." search starts here:]
  ignore line: [#include <...> search starts here:]
  ignore line: [ /home/vietnq/.espressif/tools/xtensa-esp-elf/esp-14.2.0_20260121/xtensa-esp-elf/bin/../lib/gcc/xtensa-esp-elf/14.2.0/include]
  ignore line: [ /home/vietnq/.espressif/tools/xtensa-esp-elf/esp-14.2.0_20260121/xtensa-esp-elf/bin/../lib/gcc/xtensa-esp-elf/14.2.0/include-fixed]
  ignore line: [ /home/vietnq/.espressif/tools/xtensa-esp-elf/esp-14.2.0_20260121/xtensa-esp-elf/bin/../lib/gcc/xtensa-esp-elf/14.2.0/../../../../xtensa-esp-elf/include]
  ignore line: [End of search list.]
  ignore line: [Compiler executable checksum: 709abf7e99d4c633116df3b91860509f]
  ignore line: [COLLECT_GCC_OPTIONS='-mdynconfig=xtensa_esp32.so' '-Wno-frame-address' '-mlongcalls' '-fno-builtin-memcpy' '-fno-builtin-memset' '-fno-builtin-bzero' '-v' '-o' 'CMakeFiles/cmTC_a3636.dir/CMakeCCompilerABI.c.obj' '-c' '-dumpdir' 'CMakeFiles/cmTC_a3636.dir/']
  ignore line: [ /home/vietnq/.espressif/tools/xtensa-esp-elf/esp-14.2.0_20260121/xtensa-esp-elf/bin/../lib/gcc/xtensa-esp-elf/14.2.0/../../../../xtensa-esp-elf/bin/as --traditional-format --longcalls --dynconfig=xtensa_esp32.so -o CMakeFiles/cmTC_a3636.dir/CMakeCCompilerABI.c.obj /tmp/cc49QAva.s]
  ignore line: [COMPILER_PATH=/home/vietnq/.espressif/tools/xtensa-esp-elf/esp-14.2.0_20260121/xtensa-esp-elf/bin/../libexec/gcc/xtensa-esp-elf/14.2.0/:/home/vietnq/.espressif/tools/xtensa-esp-elf/esp-14.2.0_20260121/xtensa-esp-elf/bin/../libexec/gcc/:/home/vietnq/.espressif/tools/xtensa-esp-elf/esp-14.2.0_20260121/xtensa-esp-elf/bin/../lib/gcc/xtensa-esp-elf/14.2.0/../../../../xtensa-esp-elf/bin/]
  ignore line: [LIBRARY_PATH=/home/vietnq/.espressif/tools/xtensa-esp-elf/esp-14.2.0_20260121/xtensa-esp-elf/bin/../lib/gcc/xtensa-esp-elf/14.2.0/esp32/:/home/vietnq/.espressif/tools/xtensa-esp-elf/esp-14.2.0_20260121/xtensa-esp-elf/bin/../lib/gcc/xtensa-esp-elf/14.2.0/../../../../xtensa-esp-elf/lib/esp32/:/home/vietnq/.espressif/tools/xtensa-esp-elf/esp-14.2.0_20260121/xtensa-esp-elf/bin/../xtensa-esp-elf/lib/esp32/:/home/vietnq/.espressif/tools/xtensa-esp-elf/esp-14.2.0_20260121/xtensa-esp-elf/bin/../lib/gcc/xtensa-esp-elf/14.2.0/:/home/vietnq/.espressif/tools/xtensa-esp-elf/esp-14.2.0_20260121/xtensa-esp-elf/bin/../lib/gcc/:/home/vietnq/.espressif/tools/xtensa-esp-elf/esp-14.2.0_20260121/xtensa-esp-elf/bin/../lib/gcc/xtensa-esp-elf/14.2.0/../../../../xtensa-esp-elf/lib/:/home/vietnq/.espressif/tools/xtensa-esp-elf/esp-14.2.0_20260121/xtensa-esp-elf/bin/../xtensa-esp-elf/lib/:/home/vietnq/.espressif/tools/xtensa-esp-elf/esp-14.2.0_20260121/xtensa-esp-elf/bin/../xtensa-esp-elf/usr/lib/]
  ignore line: [COLLECT_GCC_OPTIONS='-mdynconfig=xtensa_esp32.so' '-Wno-frame-address' '-mlongcalls' '-fno-builtin-memcpy' '-fno-builtin-memset' '-fno-builtin-bzero' '-v' '-o' 'CMakeFiles/cmTC_a3636.dir/CMakeCCompilerABI.c.obj' '-c' '-dumpdir' 'CMakeFiles/cmTC_a3636.dir/CMakeCCompilerABI.c.']
  ignore line: [[2/2] Linking C executable cmTC_a3636]
  ignore line: [Using built-in specs.]
  ignore line: [COLLECT_GCC=/home/vietnq/.espressif/tools/xtensa-esp-elf/esp-14.2.0_20260121/xtensa-esp-elf/bin/xtensa-esp-elf-gcc]
  ignore line: [COLLECT_LTO_WRAPPER=/home/vietnq/.espressif/tools/xtensa-esp-elf/esp-14.2.0_20260121/xtensa-esp-elf/bin/../libexec/gcc/xtensa-esp-elf/14.2.0/lto-wrapper]
  ignore line: [Target: xtensa-esp-elf]
  ignore line: [Configured with: /builds/idf/crosstool-NG/.build/xtensa-esp-elf/src/gcc/configure --build=x86_64-build_pc-linux-gnu --host=x86_64-build_pc-linux-gnu --target=xtensa-esp-elf --prefix=/builds/idf/crosstool-NG/builds/xtensa-esp-elf --exec_prefix=/builds/idf/crosstool-NG/builds/xtensa-esp-elf --with-local-prefix=/builds/idf/crosstool-NG/builds/xtensa-esp-elf/xtensa-esp-elf --with-sysroot=/builds/idf/crosstool-NG/builds/xtensa-esp-elf/xtensa-esp-elf --with-native-system-header-dir=/include --with-headers=/builds/idf/crosstool-NG/builds/xtensa-esp-elf/xtensa-esp-elf/include --with-newlib --enable-threads=no --disable-shared --with-pkgversion='crosstool-NG esp-14.2.0_20260121' --disable-__cxa_atexit --enable-cxx-flags='-ffunction-sections -fdata-sections' --disable-libgomp --disable-libmudflap --disable-libmpx --disable-libssp --disable-libquadmath --disable-libquadmath-support --disable-libstdcxx-verbose --with-gmp=/builds/idf/crosstool-NG/.build/xtensa-esp-elf/buildtools --with-mpfr=/builds/idf/crosstool-NG/.build/xtensa-esp-elf/buildtools --with-mpc=/builds/idf/crosstool-NG/.build/xtensa-esp-elf/buildtools --with-isl=/builds/idf/crosstool-NG/.build/xtensa-esp-elf/buildtools --enable-lto --enable-target-optspace --without-long-double-128 --enable-plugin --disable-nls --enable-multiarch --enable-languages=c c++ --disable-libstdcxx-verbose --enable-threads=posix --enable-libstdcxx-time=yes --disable-win32-utf8-manifest]
  ignore line: [Thread model: posix]
  ignore line: [Supported LTO compression algorithms: zlib zstd]
  ignore line: [gcc version 14.2.0 (crosstool-NG esp-14.2.0_20260121) ]
  ignore line: [COMPILER_PATH=/home/vietnq/.espressif/tools/xtensa-esp-elf/esp-14.2.0_20260121/xtensa-esp-elf/bin/../libexec/gcc/xtensa-esp-elf/14.2.0/:/home/vietnq/.espressif/tools/xtensa-esp-elf/esp-14.2.0_20260121/xtensa-esp-elf/bin/../libexec/gcc/:/home/vietnq/.espressif/tools/xtensa-esp-elf/esp-14.2.0_20260121/xtensa-esp-elf/bin/../lib/gcc/xtensa-esp-elf/14.2.0/../../../../xtensa-esp-elf/bin/]
  ignore line: [LIBRARY_PATH=/home/vietnq/.espressif/tools/xtensa-esp-elf/esp-14.2.0_20260121/xtensa-esp-elf/bin/../lib/gcc/xtensa-esp-elf/14.2.0/esp32/no-rtti/:/home/vietnq/.espressif/tools/xtensa-esp-elf/esp-14.2.0_20260121/xtensa-esp-elf/bin/../lib/gcc/xtensa-esp-elf/14.2.0/../../../../xtensa-esp-elf/lib/esp32/no-rtti/:/home/vietnq/.espressif/tools/xtensa-esp-elf/esp-14.2.0_20260121/xtensa-esp-elf/bin/../xtensa-esp-elf/lib/esp32/no-rtti/:/home/vietnq/.espressif/tools/xtensa-esp-elf/esp-14.2.0_20260121/xtensa-esp-elf/bin/../lib/gcc/xtensa-esp-elf/14.2.0/:/home/vietnq/.espressif/tools/xtensa-esp-elf/esp-14.2.0_20260121/xtensa-esp-elf/bin/../lib/gcc/:/home/vietnq/.espressif/tools/xtensa-esp-elf/esp-14.2.0_20260121/xtensa-esp-elf/bin/../lib/gcc/xtensa-esp-elf/14.2.0/../../../../xtensa-esp-elf/lib/:/home/vietnq/.espressif/tools/xtensa-esp-elf/esp-14.2.0_20260121/xtensa-esp-elf/bin/../xtensa-esp-elf/lib/:/home/vietnq/.espressif/tools/xtensa-esp-elf/esp-14.2.0_20260121/xtensa-esp-elf/bin/../xtensa-esp-elf/usr/lib/]
  ignore line: [COLLECT_GCC_OPTIONS='-mdynconfig=xtensa_esp32.so' '-Wno-frame-address' '-mlongcalls' '-fno-builtin-memcpy' '-fno-builtin-memset' '-fno-builtin-bzero' '-nostartfiles' '-fno-rtti' '-v' '-o' 'cmTC_a3636' '-dumpdir' 'cmTC_a3636.']
  link line: [ /home/vietnq/.espressif/tools/xtensa-esp-elf/esp-14.2.0_20260121/xtensa-esp-elf/bin/../libexec/gcc/xtensa-esp-elf/14.2.0/collect2 -plugin /home/vietnq/.espressif/tools/xtensa-esp-elf/esp-14.2.0_20260121/xtensa-esp-elf/bin/../libexec/gcc/xtensa-esp-elf/14.2.0/liblto_plugin.so -plugin-opt=/home/vietnq/.espressif/tools/xtensa-esp-elf/esp-14.2.0_20260121/xtensa-esp-elf/bin/../libexec/gcc/xtensa-esp-elf/14.2.0/lto-wrapper -plugin-opt=-fresolution=/tmp/ccjxExMS.res -plugin-opt=-pass-through=-lgcc -plugin-opt=-pass-through=-lc -plugin-opt=-pass-through=-lnosys -plugin-opt=-pass-through=-lc -plugin-opt=-pass-through=-lgcc --sysroot=/home/vietnq/.espressif/tools/xtensa-esp-elf/esp-14.2.0_20260121/xtensa-esp-elf/bin/../xtensa-esp-elf --dynconfig=xtensa_esp32.so -o cmTC_a3636 -L/home/vietnq/.espressif/tools/xtensa-esp-elf/esp-14.2.0_20260121/xtensa-esp-elf/bin/../lib/gcc/xtensa-esp-elf/14.2.0/esp32/no-rtti -L/home/vietnq/.espressif/tools/xtensa-esp-elf/esp-14.2.0_20260121/xtensa-esp-elf/bin/../lib/gcc/xtensa-esp-elf/14.2.0/../../../../xtensa-esp-elf/lib/esp32/no-rtti -L/home/vietnq/.espressif/tools/xtensa-esp-elf/esp-14.2.0_20260121/xtensa-esp-elf/bin/../xtensa-esp-elf/lib/esp32/no-rtti -L/home/vietnq/.espressif/tools/xtensa-esp-elf/esp-14.2.0_20260121/xtensa-esp-elf/bin/../lib/gcc/xtensa-esp-elf/14.2.0 -L/home/vietnq/.espressif/tools/xtensa-esp-elf/esp-14.2.0_20260121/xtensa-esp-elf/bin/../lib/gcc -L/home/vietnq/.espressif/tools/xtensa-esp-elf/esp-14.2.0_20260121/xtensa-esp-elf/bin/../lib/gcc/xtensa-esp-elf/14.2.0/../../../../xtensa-esp-elf/lib -L/home/vietnq/.espressif/tools/xtensa-esp-elf/esp-14.2.0_20260121/xtensa-esp-elf/bin/../xtensa-esp-elf/lib -L/home/vietnq/.espressif/tools/xtensa-esp-elf/esp-14.2.0_20260121/xtensa-esp-elf/bin/../xtensa-esp-elf/usr/lib @/tmp/ccQa69Lf -lgcc -lc -lnosys -lc -lgcc]
    arg [/home/vietnq/.espressif/tools/xtensa-esp-elf/esp-14.2.0_20260121/xtensa-esp-elf/bin/../libexec/gcc/xtensa-esp-elf/14.2.0/collect2] ==> ignore
    arg [-plugin] ==> ignore
    arg [/home/vietnq/.espressif/tools/xtensa-esp-elf/esp-14.2.0_20260121/xtensa-esp-elf/bin/../libexec/gcc/xtensa-esp-elf/14.2.0/liblto_plugin.so] ==> ignore
    arg [-plugin-opt=/home/vietnq/.espressif/tools/xtensa-esp-elf/esp-14.2.0_20260121/xtensa-esp-elf/bin/../libexec/gcc/xtensa-esp-elf/14.2.0/lto-wrapper] ==> ignore
    arg [-plugin-opt=-fresolution=/tmp/ccjxExMS.res] ==> ignore
    arg [-plugin-opt=-pass-through=-lgcc] ==> ignore
    arg [-plugin-opt=-pass-through=-lc] ==> ignore
    arg [-plugin-opt=-pass-through=-lnosys] ==> ignore
    arg [-plugin-opt=-pass-through=-lc] ==> ignore
    arg [-plugin-opt=-pass-through=-lgcc] ==> ignore
    arg [--sysroot=/home/vietnq/.espressif/tools/xtensa-esp-elf/esp-14.2.0_20260121/xtensa-esp-elf/bin/../xtensa-esp-elf] ==> ignore
    arg [--dynconfig=xtensa_esp32.so] ==> ignore
    arg [-o] ==> ignore
    arg [cmTC_a3636] ==> ignore
    arg [-L/home/vietnq/.espressif/tools/xtensa-esp-elf/esp-14.2.0_20260121/xtensa-esp-elf/bin/../lib/gcc/xtensa-esp-elf/14.2.0/esp32/no-rtti] ==> dir [/home/vietnq/.espressif/tools/xtensa-esp-elf/esp-14.2.0_20260121/xtensa-esp-elf/bin/../lib/gcc/xtensa-esp-elf/14.2.0/esp32/no-rtti]
    arg [-L/home/vietnq/.espressif/tools/xtensa-esp-elf/esp-14.2.0_20260121/xtensa-esp-elf/bin/../lib/gcc/xtensa-esp-elf/14.2.0/../../../../xtensa-esp-elf/lib/esp32/no-rtti] ==> dir [/home/vietnq/.espressif/tools/xtensa-esp-elf/esp-14.2.0_20260121/xtensa-esp-elf/bin/../lib/gcc/xtensa-esp-elf/14.2.0/../../../../xtensa-esp-elf/lib/esp32/no-rtti]
    arg [-L/home/vietnq/.espressif/tools/xtensa-esp-elf/esp-14.2.0_20260121/xtensa-esp-elf/bin/../xtensa-esp-elf/lib/esp32/no-rtti] ==> dir [/home/vietnq/.espressif/tools/xtensa-esp-elf/esp-14.2.0_20260121/xtensa-esp-elf/bin/../xtensa-esp-elf/lib/esp32/no-rtti]
    arg [-L/home/vietnq/.espressif/tools/xtensa-esp-elf/esp-14.2.0_20260121/xtensa-esp-elf/bin/../lib/gcc/xtensa-esp-elf/14.2.0] ==> dir [/home/vietnq/.espressif/tools/xtensa-esp-elf/esp-14.2.0_20260121/xtensa-esp-elf/bin/../lib/gcc/xtensa-esp-elf/14.2.0]
    arg [-L/home/vietnq/.espressif/tools/xtensa-esp-elf/esp-14.2.0_20260121/xtensa-esp-elf/bin/../lib/gcc] ==> dir [/home/vietnq/.espressif/tools/xtensa-esp-elf/esp-14.2.0_20260121/xtensa-esp-elf/bin/../lib/gcc]
    arg [-L/home/vietnq/.espressif/tools/xtensa-esp-elf/esp-14.2.0_20260121/xtensa-esp-elf/bin/../lib/gcc/xtensa-esp-elf/14.2.0/../../../../xtensa-esp-elf/lib] ==> dir [/home/vietnq/.espressif/tools/xtensa-esp-elf/esp-14.2.0_20260121/xtensa-esp-elf/bin/../lib/gcc/xtensa-esp-elf/14.2.0/../../../../xtensa-esp-elf/lib]
    arg [-L/home/vietnq/.espressif/tools/xtensa-esp-elf/esp-14.2.0_20260121/xtensa-esp-elf/bin/../xtensa-esp-elf/lib] ==> dir [/home/vietnq/.espressif/tools/xtensa-esp-elf/esp-14.2.0_20260121/xtensa-esp-elf/bin/../xtensa-esp-elf/lib]
    arg [-L/home/vietnq/.espressif/tools/xtensa-esp-elf/esp-14.2.0_20260121/xtensa-esp-elf/bin/../xtensa-esp-elf/usr/lib] ==> dir [/home/vietnq/.espressif/tools/xtensa-esp-elf/esp-14.2.0_20260121/xtensa-esp-elf/bin/../xtensa-esp-elf/usr/lib]
    arg [@/tmp/ccQa69Lf] ==> ignore
    arg [-lgcc] ==> lib [gcc]
    arg [-lc] ==> lib [c]
    arg [-lnosys] ==> lib [nosys]
    arg [-lc] ==> lib [c]
    arg [-lgcc] ==> lib [gcc]
  collapse library dir [/home/vietnq/.espressif/tools/xtensa-esp-elf/esp-14.2.0_20260121/xtensa-esp-elf/bin/../lib/gcc/xtensa-esp-elf/14.2.0/esp32/no-rtti] ==> [/home/vietnq/.espressif/tools/xtensa-esp-elf/esp-14.2.0_20260121/xtensa-esp-elf/lib/gcc/xtensa-esp-elf/14.2.0/esp32/no-rtti]
  collapse library dir [/home/vietnq/.espressif/tools/xtensa-esp-elf/esp-14.2.0_20260121/xtensa-esp-elf/bin/../lib/gcc/xtensa-esp-elf/14.2.0/../../../../xtensa-esp-elf/lib/esp32/no-rtti] ==> [/home/vietnq/.espressif/tools/xtensa-esp-elf/esp-14.2.0_20260121/xtensa-esp-elf/xtensa-esp-elf/lib/esp32/no-rtti]
  collapse library dir [/home/vietnq/.espressif/tools/xtensa-esp-elf/esp-14.2.0_20260121/xtensa-esp-elf/bin/../xtensa-esp-elf/lib/esp32/no-rtti] ==> [/home/vietnq/.espressif/tools/xtensa-esp-elf/esp-14.2.0_20260121/xtensa-esp-elf/xtensa-esp-elf/lib/esp32/no-rtti]
  collapse library dir [/home/vietnq/.espressif/tools/xtensa-esp-elf/esp-14.2.0_20260121/xtensa-esp-elf/bin/../lib/gcc/xtensa-esp-elf/14.2.0] ==> [/home/vietnq/.espressif/tools/xtensa-esp-elf/esp-14.2.0_20260121/xtensa-esp-elf/lib/gcc/xtensa-esp-elf/14.2.0]
  collapse library dir [/home/vietnq/.espressif/tools/xtensa-esp-elf/esp-14.2.0_20260121/xtensa-esp-elf/bin/../lib/gcc] ==> [/home/vietnq/.espressif/tools/xtensa-esp-elf/esp-14.2.0_20260121/xtensa-esp-elf/lib/gcc]
  collapse library dir [/home/vietnq/.espressif/tools/xtensa-esp-elf/esp-14.2.0_20260121/xtensa-esp-elf/bin/../lib/gcc/xtensa-esp-elf/14.2.0/../../../../xtensa-esp-elf/lib] ==> [/home/vietnq/.espressif/tools/xtensa-esp-elf/esp-14.2.0_20260121/xtensa-esp-elf/xtensa-esp-elf/lib]
  collapse library dir [/home/vietnq/.espressif/tools/xtensa-esp-elf/esp-14.2.0_20260121/xtensa-esp-elf/bin/../xtensa-esp-elf/lib] ==> [/home/vietnq/.espressif/tools/xtensa-esp-elf/esp-14.2.0_20260121/xtensa-esp-elf/xtensa-esp-elf/lib]
  collapse library dir [/home/vietnq/.espressif/tools/xtensa-esp-elf/esp-14.2.0_20260121/xtensa-esp-elf/bin/../xtensa-esp-elf/usr/lib] ==> [/home/vietnq/.espressif/tools/xtensa-esp-elf/esp-14.2.0_20260121/xtensa-esp-elf/xtensa-esp-elf/usr/lib]
  implicit libs: [gcc;c;nosys;c;gcc]
  implicit objs: []
  implicit dirs: [/home/vietnq/.espressif/tools/xtensa-esp-elf/esp-14.2.0_20260121/xtensa-esp-elf/lib/gcc/xtensa-esp-elf/14.2.0/esp32/no-rtti;/home/vietnq/.espressif/tools/xtensa-esp-elf/esp-14.2.0_20260121/xtensa-esp-elf/xtensa-esp-elf/lib/esp32/no-rtti;/home/vietnq/.espressif/tools/xtensa-esp-elf/esp-14.2.0_20260121/xtensa-esp-elf/lib/gcc/xtensa-esp-elf/14.2.0;/home/vietnq/.espressif/tools/xtensa-esp-elf/esp-14.2.0_20260121/xtensa-esp-elf/lib/gcc;/home/vietnq/.espressif/tools/xtensa-esp-elf/esp-14.2.0_20260121/xtensa-esp-elf/xtensa-esp-elf/lib;/home/vietnq/.espressif/tools/xtensa-esp-elf/esp-14.2.0_20260121/xtensa-esp-elf/xtensa-esp-elf/usr/lib]
  implicit fwks: []


Detecting CXX compiler ABI info compiled with the following output:
Change Dir: /home/vietnq/esp/ota/build/bootloader/CMakeFiles/CMakeTmp

Run Build Command(s):/usr/bin/ninja cmTC_0f917 && [1/2] Building CXX object CMakeFiles/cmTC_0f917.dir/CMakeCXXCompilerABI.cpp.obj
Using built-in specs.
COLLECT_GCC=/home/vietnq/.espressif/tools/xtensa-esp-elf/esp-14.2.0_20260121/xtensa-esp-elf/bin/xtensa-esp-elf-g++
Target: xtensa-esp-elf
Configured with: /builds/idf/crosstool-NG/.build/xtensa-esp-elf/src/gcc/configure --build=x86_64-build_pc-linux-gnu --host=x86_64-build_pc-linux-gnu --target=xtensa-esp-elf --prefix=/builds/idf/crosstool-NG/builds/xtensa-esp-elf --exec_prefix=/builds/idf/crosstool-NG/builds/xtensa-esp-elf --with-local-prefix=/builds/idf/crosstool-NG/builds/xtensa-esp-elf/xtensa-esp-elf --with-sysroot=/builds/idf/crosstool-NG/builds/xtensa-esp-elf/xtensa-esp-elf --with-native-system-header-dir=/include --with-headers=/builds/idf/crosstool-NG/builds/xtensa-esp-elf/xtensa-esp-elf/include --with-newlib --enable-threads=no --disable-shared --with-pkgversion='crosstool-NG esp-14.2.0_20260121' --disable-__cxa_atexit --enable-cxx-flags='-ffunction-sections -fdata-sections' --disable-libgomp --disable-libmudflap --disable-libmpx --disable-libssp --disable-libquadmath --disable-libquadmath-support --disable-libstdcxx-verbose --with-gmp=/builds/idf/crosstool-NG/.build/xtensa-esp-elf/buildtools --with-mpfr=/builds/idf/crosstool-NG/.build/xtensa-esp-elf/buildtools --with-mpc=/builds/idf/crosstool-NG/.build/xtensa-esp-elf/buildtools --with-isl=/builds/idf/crosstool-NG/.build/xtensa-esp-elf/buildtools --enable-lto --enable-target-optspace --without-long-double-128 --enable-plugin --disable-nls --enable-multiarch --enable-languages=c,c++ --disable-libstdcxx-verbose --enable-threads=posix --enable-libstdcxx-time=yes --disable-win32-utf8-manifest
Thread model: posix
Supported LTO compression algorithms: zlib zstd
gcc version 14.2.0 (crosstool-NG esp-14.2.0_20260121) 
COLLECT_GCC_OPTIONS='-mdynconfig=xtensa_esp32.so' '-Wno-frame-address' '-mlongcalls' '-fno-builtin-memcpy' '-fno-builtin-memset' '-fno-builtin-bzero' '-fno-rtti' '-v' '-o' 'CMakeFiles/cmTC_0f917.dir/CMakeCXXCompilerABI.cpp.obj' '-c' '-dumpdir' 'CMakeFiles/cmTC_0f917.dir/'
 /home/vietnq/.espressif/tools/xtensa-esp-elf/esp-14.2.0_20260121/xtensa-esp-elf/bin/../libexec/gcc/xtensa-esp-elf/14.2.0/cc1plus -quiet -v -imultilib esp32/no-rtti -iprefix /home/vietnq/.espressif/tools/xtensa-esp-elf/esp-14.2.0_20260121/xtensa-esp-elf/bin/../lib/gcc/xtensa-esp-elf/14.2.0/ -isysroot /home/vietnq/.espressif/tools/xtensa-esp-elf/esp-14.2.0_20260121/xtensa-esp-elf/bin/../xtensa-esp-elf /usr/share/cmake-3.22/Modules/CMakeCXXCompilerABI.cpp -quiet -dumpdir CMakeFiles/cmTC_0f917.dir/ -dumpbase CMakeCXXCompilerABI.cpp.cpp -dumpbase-ext .cpp -mdynconfig=xtensa_esp32.so -mlongcalls -Wno-frame-address -version -fno-builtin-memcpy -fno-builtin-memset -fno-builtin-bzero -fno-rtti -o /tmp/ccR5MExW.s
GNU C++17 (crosstool-NG esp-14.2.0_20260121) version 14.2.0 (xtensa-esp-elf)
	compiled by GNU C version 6.3.0, GMP version 6.3.0, MPFR version 4.2.1, MPC version 1.3.1, isl version isl-0.26-GMP

GGC heuristics: --param ggc-min-expand=100 --param ggc-min-heapsize=131072
ignoring duplicate directory "/home/vietnq/.espressif/tools/xtensa-esp-elf/esp-14.2.0_20260121/xtensa-esp-elf/bin/../lib/gcc/../../lib/gcc/xtensa-esp-elf/14.2.0/../../../../xtensa-esp-elf/include/c++/14.2.0"
ignoring duplicate directory "/home/vietnq/.espressif/tools/xtensa-esp-elf/esp-14.2.0_20260121/xtensa-esp-elf/bin/../lib/gcc/../../lib/gcc/xtensa-esp-elf/14.2.0/../../../../xtensa-esp-elf/include/c++/14.2.0/xtensa-esp-elf/esp32/no-rtti"
ignoring duplicate directory "/home/vietnq/.espressif/tools/xtensa-esp-elf/esp-14.2.0_20260121/xtensa-esp-elf/bin/../lib/gcc/../../lib/gcc/xtensa-esp-elf/14.2.0/../../../../xtensa-esp-elf/include/c++/14.2.0/backward"
ignoring duplicate directory "/home/vietnq/.espressif/tools/xtensa-esp-elf/esp-14.2.0_20260121/xtensa-esp-elf/bin/../lib/gcc/../../lib/gcc/xtensa-esp-elf/14.2.0/include"
ignoring nonexistent directory "/home/vietnq/.espressif/tools/xtensa-esp-elf/esp-14.2.0_20260121/xtensa-esp-elf/bin/../xtensa-esp-elf/builds/idf/crosstool-NG/builds/xtensa-esp-elf/xtensa-esp-elf/include"
ignoring duplicate directory "/home/vietnq/.espressif/tools/xtensa-esp-elf/esp-14.2.0_20260121/xtensa-esp-elf/bin/../lib/gcc/../../lib/gcc/xtensa-esp-elf/14.2.0/include-fixed"
ignoring duplicate directory "/home/vietnq/.espressif/tools/xtensa-esp-elf/esp-14.2.0_20260121/xtensa-esp-elf/bin/../lib/gcc/../../lib/gcc/xtensa-esp-elf/14.2.0/../../../../xtensa-esp-elf/include"
ignoring duplicate directory "/home/vietnq/.espressif/tools/xtensa-esp-elf/esp-14.2.0_20260121/xtensa-esp-elf/bin/../xtensa-esp-elf/include"
#include "..." search starts here:
#include <...> search starts here:
 /home/vietnq/.espressif/tools/xtensa-esp-elf/esp-14.2.0_20260121/xtensa-esp-elf/bin/../lib/gcc/xtensa-esp-elf/14.2.0/../../../../xtensa-esp-elf/include/c++/14.2.0
 /home/vietnq/.espressif/tools/xtensa-esp-elf/esp-14.2.0_20260121/xtensa-esp-elf/bin/../lib/gcc/xtensa-esp-elf/14.2.0/../../../../xtensa-esp-elf/include/c++/14.2.0/xtensa-esp-elf/esp32/no-rtti
 /home/vietnq/.espressif/tools/xtensa-esp-elf/esp-14.2.0_20260121/xtensa-esp-elf/bin/../lib/gcc/xtensa-esp-elf/14.2.0/../../../../xtensa-esp-elf/include/c++/14.2.0/backward
 /home/vietnq/.espressif/tools/xtensa-esp-elf/esp-14.2.0_20260121/xtensa-esp-elf/bin/../lib/gcc/xtensa-esp-elf/14.2.0/include
 /home/vietnq/.espressif/tools/xtensa-esp-elf/esp-14.2.0_20260121/xtensa-esp-elf/bin/../lib/gcc/xtensa-esp-elf/14.2.0/include-fixed
 /home/vietnq/.espressif/tools/xtensa-esp-elf/esp-14.2.0_20260121/xtensa-esp-elf/bin/../lib/gcc/xtensa-esp-elf/14.2.0/../../../../xtensa-esp-elf/include
End of search list.
Compiler executable checksum: a254981dd59757a59628c9ca49d36a87
COLLECT_GCC_OPTIONS='-mdynconfig=xtensa_esp32.so' '-Wno-frame-address' '-mlongcalls' '-fno-builtin-memcpy' '-fno-builtin-memset' '-fno-builtin-bzero' '-fno-rtti' '-v' '-o' 'CMakeFiles/cmTC_0f917.dir/CMakeCXXCompilerABI.cpp.obj' '-c' '-dumpdir' 'CMakeFiles/cmTC_0f917.dir/'
 /home/vietnq/.espressif/tools/xtensa-esp-elf/esp-14.2.0_20260121/xtensa-esp-elf/bin/../lib/gcc/xtensa-esp-elf/14.2.0/../../../../xtensa-esp-elf/bin/as --traditional-format --longcalls --dynconfig=xtensa_esp32.so -o CMakeFiles/cmTC_0f917.dir/CMakeCXXCompilerABI.cpp.obj /tmp/ccR5MExW.s
COMPILER_PATH=/home/vietnq/.espressif/tools/xtensa-esp-elf/esp-14.2.0_20260121/xtensa-esp-elf/bin/../libexec/gcc/xtensa-esp-elf/14.2.0/:/home/vietnq/.espressif/tools/xtensa-esp-elf/esp-14.2.0_20260121/xtensa-esp-elf/bin/../libexec/gcc/:/home/vietnq/.espressif/tools/xtensa-esp-elf/esp-14.2.0_20260121/xtensa-esp-elf/bin/../lib/gcc/xtensa-esp-elf/14.2.0/../../../../xtensa-esp-elf/bin/
LIBRARY_PATH=/home/vietnq/.espressif/tools/xtensa-esp-elf/esp-14.2.0_20260121/xtensa-esp-elf/bin/../lib/gcc/xtensa-esp-elf/14.2.0/esp32/no-rtti/:/home/vietnq/.espressif/tools/xtensa-esp-elf/esp-14.2.0_20260121/xtensa-esp-elf/bin/../lib/gcc/xtensa-esp-elf/14.2.0/../../../../xtensa-esp-elf/lib/esp32/no-rtti/:/home/vietnq/.espressif/tools/xtensa-esp-elf/esp-14.2.0_20260121/xtensa-esp-elf/bin/../xtensa-esp-elf/lib/esp32/no-rtti/:/home/vietnq/.espressif/tools/xtensa-esp-elf/esp-14.2.0_20260121/xtensa-esp-elf/bin/../lib/gcc/xtensa-esp-elf/14.2.0/:/home/vietnq/.espressif/tools/xtensa-esp-elf/esp-14.2.0_20260121/xtensa-esp-elf/bin/../lib/gcc/:/home/vietnq/.espressif/tools/xtensa-esp-elf/esp-14.2.0_20260121/xtensa-esp-elf/bin/../lib/gcc/xtensa-esp-elf/14.2.0/../../../../xtensa-esp-elf/lib/:/home/vietnq/.espressif/tools/xtensa-esp-elf/esp-14.2.0_20260121/xtensa-esp-elf/bin/../xtensa-esp-elf/lib/:/home/vietnq/.espressif/tools/xtensa-esp-elf/esp-14.2.0_20260121/xtensa-esp-elf/bin/../xtensa-esp-elf/usr/lib/
COLLECT_GCC_OPTIONS='-mdynconfig=xtensa_esp32.so' '-Wno-frame-address' '-mlongcalls' '-fno-builtin-memcpy' '-fno-builtin-memset' '-fno-builtin-bzero' '-fno-rtti' '-v' '-o' 'CMakeFiles/cmTC_0f917.dir/CMakeCXXCompilerABI.cpp.obj' '-c' '-dumpdir' 'CMakeFiles/cmTC_0f917.dir/CMakeCXXCompilerABI.cpp.'
[2/2] Linking CXX executable cmTC_0f917
Using built-in specs.
COLLECT_GCC=/home/vietnq/.espressif/tools/xtensa-esp-elf/esp-14.2.0_20260121/xtensa-esp-elf/bin/xtensa-esp-elf-g++
COLLECT_LTO_WRAPPER=/home/vietnq/.espressif/tools/xtensa-esp-elf/esp-14.2.0_20260121/xtensa-esp-elf/bin/../libexec/gcc/xtensa-esp-elf/14.2.0/lto-wrapper
Target: xtensa-esp-elf
Configured with: /builds/idf/crosstool-NG/.build/xtensa-esp-elf/src/gcc/configure --build=x86_64-build_pc-linux-gnu --host=x86_64-build_pc-linux-gnu --target=xtensa-esp-elf --prefix=/builds/idf/crosstool-NG/builds/xtensa-esp-elf --exec_prefix=/builds/idf/crosstool-NG/builds/xtensa-esp-elf --with-local-prefix=/builds/idf/crosstool-NG/builds/xtensa-esp-elf/xtensa-esp-elf --with-sysroot=/builds/idf/crosstool-NG/builds/xtensa-esp-elf/xtensa-esp-elf --with-native-system-header-dir=/include --with-headers=/builds/idf/crosstool-NG/builds/xtensa-esp-elf/xtensa-esp-elf/include --with-newlib --enable-threads=no --disable-shared --with-pkgversion='crosstool-NG esp-14.2.0_20260121' --disable-__cxa_atexit --enable-cxx-flags='-ffunction-sections -fdata-sections' --disable-libgomp --disable-libmudflap --disable-libmpx --disable-libssp --disable-libquadmath --disable-libquadmath-support --disable-libstdcxx-verbose --with-gmp=/builds/idf/crosstool-NG/.build/xtensa-esp-elf/buildtools --with-mpfr=/builds/idf/crosstool-NG/.build/xtensa-esp-elf/buildtools --with-mpc=/builds/idf/crosstool-NG/.build/xtensa-esp-elf/buildtools --with-isl=/builds/idf/crosstool-NG/.build/xtensa-esp-elf/buildtools --enable-lto --enable-target-optspace --without-long-double-128 --enable-plugin --disable-nls --enable-multiarch --enable-languages=c,c++ --disable-libstdcxx-verbose --enable-threads=posix --enable-libstdcxx-time=yes --disable-win32-utf8-manifest
Thread model: posix
Supported LTO compression algorithms: zlib zstd
gcc version 14.2.0 (crosstool-NG esp-14.2.0_20260121) 
COMPILER_PATH=/home/vietnq/.espressif/tools/xtensa-esp-elf/esp-14.2.0_20260121/xtensa-esp-elf/bin/../libexec/gcc/xtensa-esp-elf/14.2.0/:/home/vietnq/.espressif/tools/xtensa-esp-elf/esp-14.2.0_20260121/xtensa-esp-elf/bin/../libexec/gcc/:/home/vietnq/.espressif/tools/xtensa-esp-elf/esp-14.2.0_20260121/xtensa-esp-elf/bin/../lib/gcc/xtensa-esp-elf/14.2.0/../../../../xtensa-esp-elf/bin/
LIBRARY_PATH=/home/vietnq/.espressif/tools/xtensa-esp-elf/esp-14.2.0_20260121/xtensa-esp-elf/bin/../lib/gcc/xtensa-esp-elf/14.2.0/esp32/no-rtti/:/home/vietnq/.espressif/tools/xtensa-esp-elf/esp-14.2.0_20260121/xtensa-esp-elf/bin/../lib/gcc/xtensa-esp-elf/14.2.0/../../../../xtensa-esp-elf/lib/esp32/no-rtti/:/home/vietnq/.espressif/tools/xtensa-esp-elf/esp-14.2.0_20260121/xtensa-esp-elf/bin/../xtensa-esp-elf/lib/esp32/no-rtti/:/home/vietnq/.espressif/tools/xtensa-esp-elf/esp-14.2.0_20260121/xtensa-esp-elf/bin/../lib/gcc/xtensa-esp-elf/14.2.0/:/home/vietnq/.espressif/tools/xtensa-esp-elf/esp-14.2.0_20260121/xtensa-esp-elf/bin/../lib/gcc/:/home/vietnq/.espressif/tools/xtensa-esp-elf/esp-14.2.0_20260121/xtensa-esp-elf/bin/../lib/gcc/xtensa-esp-elf/14.2.0/../../../../xtensa-esp-elf/lib/:/home/vietnq/.espressif/tools/xtensa-esp-elf/esp-14.2.0_20260121/xtensa-esp-elf/bin/../xtensa-esp-elf/lib/:/home/vietnq/.espressif/tools/xtensa-esp-elf/esp-14.2.0_20260121/xtensa-esp-elf/bin/../xtensa-esp-elf/usr/lib/
COLLECT_GCC_OPTIONS='-mdynconfig=xtensa_esp32.so' '-Wno-frame-address' '-mlongcalls' '-fno-builtin-memcpy' '-fno-builtin-memset' '-fno-builtin-bzero' '-nostartfiles' '-fno-rtti' '-v' '-o' 'cmTC_0f917' '-dumpdir' 'cmTC_0f917.'
 /home/vietnq/.espressif/tools/xtensa-esp-elf/esp-14.2.0_20260121/xtensa-esp-elf/bin/../libexec/gcc/xtensa-esp-elf/14.2.0/collect2 -plugin /home/vietnq/.espressif/tools/xtensa-esp-elf/esp-14.2.0_20260121/xtensa-esp-elf/bin/../libexec/gcc/xtensa-esp-elf/14.2.0/liblto_plugin.so -plugin-opt=/home/vietnq/.espressif/tools/xtensa-esp-elf/esp-14.2.0_20260121/xtensa-esp-elf/bin/../libexec/gcc/xtensa-esp-elf/14.2.0/lto-wrapper -plugin-opt=-fresolution=/tmp/ccYjPqmB.res -plugin-opt=-pass-through=-lgcc -plugin-opt=-pass-through=-lc -plugin-opt=-pass-through=-lnosys -plugin-opt=-pass-through=-lc -plugin-opt=-pass-through=-lgcc --sysroot=/home/vietnq/.espressif/tools/xtensa-esp-elf/esp-14.2.0_20260121/xtensa-esp-elf/bin/../xtensa-esp-elf --dynconfig=xtensa_esp32.so -o cmTC_0f917 -L/home/vietnq/.espressif/tools/xtensa-esp-elf/esp-14.2.0_20260121/xtensa-esp-elf/bin/../lib/gcc/xtensa-esp-elf/14.2.0/esp32/no-rtti -L/home/vietnq/.espressif/tools/xtensa-esp-elf/esp-14.2.0_20260121/xtensa-esp-elf/bin/../lib/gcc/xtensa-esp-elf/14.2.0/../../../../xtensa-esp-elf/lib/esp32/no-rtti -L/home/vietnq/.espressif/tools/xtensa-esp-elf/esp-14.2.0_20260121/xtensa-esp-elf/bin/../xtensa-esp-elf/lib/esp32/no-rtti -L/home/vietnq/.espressif/tools/xtensa-esp-elf/esp-14.2.0_20260121/xtensa-esp-elf/bin/../lib/gcc/xtensa-esp-elf/14.2.0 -L/home/vietnq/.espressif/tools/xtensa-esp-elf/esp-14.2.0_20260121/xtensa-esp-elf/bin/../lib/gcc -L/home/vietnq/.espressif/tools/xtensa-esp-elf/esp-14.2.0_20260121/xtensa-esp-elf/bin/../lib/gcc/xtensa-esp-elf/14.2.0/../../../../xtensa-esp-elf/lib -L/home/vietnq/.espressif/tools/xtensa-esp-elf/esp-14.2.0_20260121/xtensa-esp-elf/bin/../xtensa-esp-elf/lib -L/home/vietnq/.espressif/tools/xtensa-esp-elf/esp-14.2.0_20260121/xtensa-esp-elf/bin/../xtensa-esp-elf/usr/lib @/tmp/ccJW43lA -lgcc -lc -lnosys -lc -lgcc
/home/vietnq/.espressif/tools/xtensa-esp-elf/esp-14.2.0_20260121/xtensa-esp-elf/bin/../lib/gcc/xtensa-esp-elf/14.2.0/../../../../xtensa-esp-elf/bin/ld: warning: cannot find entry symbol _start; defaulting to 00400054
COLLECT_GCC_OPTIONS='-mdynconfig=xtensa_esp32.so' '-Wno-frame-address' '-mlongcalls' '-fno-builtin-memcpy' '-fno-builtin-memset' '-fno-builtin-bzero' '-nostartfiles' '-fno-rtti' '-v' '-o' 'cmTC_0f917' '-dumpdir' 'cmTC_0f917.'



Parsed CXX implicit include dir info from above output: rv=done
  found start of include info
  found start of implicit include info
    add: [/home/vietnq/.espressif/tools/xtensa-esp-elf/esp-14.2.0_20260121/xtensa-esp-elf/bin/../lib/gcc/xtensa-esp-elf/14.2.0/../../../../xtensa-esp-elf/include/c++/14.2.0]
    add: [/home/vietnq/.espressif/tools/xtensa-esp-elf/esp-14.2.0_20260121/xtensa-esp-elf/bin/../lib/gcc/xtensa-esp-elf/14.2.0/../../../../xtensa-esp-elf/include/c++/14.2.0/xtensa-esp-elf/esp32/no-rtti]
    add: [/home/vietnq/.espressif/tools/xtensa-esp-elf/esp-14.2.0_20260121/xtensa-esp-elf/bin/../lib/gcc/xtensa-esp-elf/14.2.0/../../../../xtensa-esp-elf/include/c++/14.2.0/backward]
    add: [/home/vietnq/.espressif/tools/xtensa-esp-elf/esp-14.2.0_20260121/xtensa-esp-elf/bin/../lib/gcc/xtensa-esp-elf/14.2.0/include]
    add: [/home/vietnq/.espressif/tools/xtensa-esp-elf/esp-14.2.0_20260121/xtensa-esp-elf/bin/../lib/gcc/xtensa-esp-elf/14.2.0/include-fixed]
    add: [/home/vietnq/.espressif/tools/xtensa-esp-elf/esp-14.2.0_20260121/xtensa-esp-elf/bin/../lib/gcc/xtensa-esp-elf/14.2.0/../../../../xtensa-esp-elf/include]
  end of search list found
  collapse include dir [/home/vietnq/.espressif/tools/xtensa-esp-elf/esp-14.2.0_20260121/xtensa-esp-elf/bin/../lib/gcc/xtensa-esp-elf/14.2.0/../../../../xtensa-esp-elf/include/c++/14.2.0] ==> [/home/vietnq/.espressif/tools/xtensa-esp-elf/esp-14.2.0_20260121/xtensa-esp-elf/xtensa-esp-elf/include/c++/14.2.0]
  collapse include dir [/home/vietnq/.espressif/tools/xtensa-esp-elf/esp-14.2.0_20260121/xtensa-esp-elf/bin/../lib/gcc/xtensa-esp-elf/14.2.0/../../../../xtensa-esp-elf/include/c++/14.2.0/xtensa-esp-elf/esp32/no-rtti] ==> [/home/vietnq/.espressif/tools/xtensa-esp-elf/esp-14.2.0_20260121/xtensa-esp-elf/xtensa-esp-elf/include/c++/14.2.0/xtensa-esp-elf/esp32/no-rtti]
  collapse include dir [/home/vietnq/.espressif/tools/xtensa-esp-elf/esp-14.2.0_20260121/xtensa-esp-elf/bin/../lib/gcc/xtensa-esp-elf/14.2.0/../../../../xtensa-esp-elf/include/c++/14.2.0/backward] ==> [/home/vietnq/.espressif/tools/xtensa-esp-elf/esp-14.2.0_20260121/xtensa-esp-elf/xtensa-esp-elf/include/c++/14.2.0/backward]
  collapse include dir [/home/vietnq/.espressif/tools/xtensa-esp-elf/esp-14.2.0_20260121/xtensa-esp-elf/bin/../lib/gcc/xtensa-esp-elf/14.2.0/include] ==> [/home/vietnq/.espressif/tools/xtensa-esp-elf/esp-14.2.0_20260121/xtensa-esp-elf/lib/gcc/xtensa-esp-elf/14.2.0/include]
  collapse include dir [/home/vietnq/.espressif/tools/xtensa-esp-elf/esp-14.2.0_20260121/xtensa-esp-elf/bin/../lib/gcc/xtensa-esp-elf/14.2.0/include-fixed] ==> [/home/vietnq/.espressif/tools/xtensa-esp-elf/esp-14.2.0_20260121/xtensa-esp-elf/lib/gcc/xtensa-esp-elf/14.2.0/include-fixed]
  collapse include dir [/home/vietnq/.espressif/tools/xtensa-esp-elf/esp-14.2.0_20260121/xtensa-esp-elf/bin/../lib/gcc/xtensa-esp-elf/14.2.0/../../../../xtensa-esp-elf/include] ==> [/home/vietnq/.espressif/tools/xtensa-esp-elf/esp-14.2.0_20260121/xtensa-esp-elf/xtensa-esp-elf/include]
  implicit include dirs: [/home/vietnq/.espressif/tools/xtensa-esp-elf/esp-14.2.0_20260121/xtensa-esp-elf/xtensa-esp-elf/include/c++/14.2.0;/home/vietnq/.espressif/tools/xtensa-esp-elf/esp-14.2.0_20260121/xtensa-esp-elf/xtensa-esp-elf/include/c++/14.2.0/xtensa-esp-elf/esp32/no-rtti;/home/vietnq/.espressif/tools/xtensa-esp-elf/esp-14.2.0_20260121/xtensa-esp-elf/xtensa-esp-elf/include/c++/14.2.0/backward;/home/vietnq/.espressif/tools/xtensa-esp-elf/esp-14.2.0_20260121/xtensa-esp-elf/lib/gcc/xtensa-esp-elf/14.2.0/include;/home/vietnq/.espressif/tools/xtensa-esp-elf/esp-14.2.0_20260121/xtensa-esp-elf/lib/gcc/xtensa-esp-elf/14.2.0/include-fixed;/home/vietnq/.espressif/tools/xtensa-esp-elf/esp-14.2.0_20260121/xtensa-esp-elf/xtensa-esp-elf/include]


Parsed CXX implicit link information from above output:
  link line regex: [^( *|.*[/\])(xtensa-esp32-elf-ld|CMAKE_LINK_STARTFILE-NOTFOUND|([^/\]+-)?ld|collect2)[^/\]*( |$)]
  ignore line: [Change Dir: /home/vietnq/esp/ota/build/bootloader/CMakeFiles/CMakeTmp]
  ignore line: []
  ignore line: [Run Build Command(s):/usr/bin/ninja cmTC_0f917 && [1/2] Building CXX object CMakeFiles/cmTC_0f917.dir/CMakeCXXCompilerABI.cpp.obj]
  ignore line: [Using built-in specs.]
  ignore line: [COLLECT_GCC=/home/vietnq/.espressif/tools/xtensa-esp-elf/esp-14.2.0_20260121/xtensa-esp-elf/bin/xtensa-esp-elf-g++]
  ignore line: [Target: xtensa-esp-elf]
  ignore line: [Configured with: /builds/idf/crosstool-NG/.build/xtensa-esp-elf/src/gcc/configure --build=x86_64-build_pc-linux-gnu --host=x86_64-build_pc-linux-gnu --target=xtensa-esp-elf --prefix=/builds/idf/crosstool-NG/builds/xtensa-esp-elf --exec_prefix=/builds/idf/crosstool-NG/builds/xtensa-esp-elf --with-local-prefix=/builds/idf/crosstool-NG/builds/xtensa-esp-elf/xtensa-esp-elf --with-sysroot=/builds/idf/crosstool-NG/builds/xtensa-esp-elf/xtensa-esp-elf --with-native-system-header-dir=/include --with-headers=/builds/idf/crosstool-NG/builds/xtensa-esp-elf/xtensa-esp-elf/include --with-newlib --enable-threads=no --disable-shared --with-pkgversion='crosstool-NG esp-14.2.0_20260121' --disable-__cxa_atexit --enable-cxx-flags='-ffunction-sections -fdata-sections' --disable-libgomp --disable-libmudflap --disable-libmpx --disable-libssp --disable-libquadmath --disable-libquadmath-support --disable-libstdcxx-verbose --with-gmp=/builds/idf/crosstool-NG/.build/xtensa-esp-elf/buildtools --with-mpfr=/builds/idf/crosstool-NG/.build/xtensa-esp-elf/buildtools --with-mpc=/builds/idf/crosstool-NG/.build/xtensa-esp-elf/buildtools --with-isl=/builds/idf/crosstool-NG/.build/xtensa-esp-elf/buildtools --enable-lto --enable-target-optspace --without-long-double-128 --enable-plugin --disable-nls --enable-multiarch --enable-languages=c c++ --disable-libstdcxx-verbose --enable-threads=posix --enable-libstdcxx-time=yes --disable-win32-utf8-manifest]
  ignore line: [Thread model: posix]
  ignore line: [Supported LTO compression algorithms: zlib zstd]
  ignore line: [gcc version 14.2.0 (crosstool-NG esp-14.2.0_20260121) ]
  ignore line: [COLLECT_GCC_OPTIONS='-mdynconfig=xtensa_esp32.so' '-Wno-frame-address' '-mlongcalls' '-fno-builtin-memcpy' '-fno-builtin-memset' '-fno-builtin-bzero' '-fno-rtti' '-v' '-o' 'CMakeFiles/cmTC_0f917.dir/CMakeCXXCompilerABI.cpp.obj' '-c' '-dumpdir' 'CMakeFiles/cmTC_0f917.dir/']
  ignore line: [ /home/vietnq/.espressif/tools/xtensa-esp-elf/esp-14.2.0_20260121/xtensa-esp-elf/bin/../libexec/gcc/xtensa-esp-elf/14.2.0/cc1plus -quiet -v -imultilib esp32/no-rtti -iprefix /home/vietnq/.espressif/tools/xtensa-esp-elf/esp-14.2.0_20260121/xtensa-esp-elf/bin/../lib/gcc/xtensa-esp-elf/14.2.0/ -isysroot /home/vietnq/.espressif/tools/xtensa-esp-elf/esp-14.2.0_20260121/xtensa-esp-elf/bin/../xtensa-esp-elf /usr/share/cmake-3.22/Modules/CMakeCXXCompilerABI.cpp -quiet -dumpdir CMakeFiles/cmTC_0f917.dir/ -dumpbase CMakeCXXCompilerABI.cpp.cpp -dumpbase-ext .cpp -mdynconfig=xtensa_esp32.so -mlongcalls -Wno-frame-address -version -fno-builtin-memcpy -fno-builtin-memset -fno-builtin-bzero -fno-rtti -o /tmp/ccR5MExW.s]
  ignore line: [GNU C++17 (crosstool-NG esp-14.2.0_20260121) version 14.2.0 (xtensa-esp-elf)]
  ignore line: [	compiled by GNU C version 6.3.0  GMP version 6.3.0  MPFR version 4.2.1  MPC version 1.3.1  isl version isl-0.26-GMP]
  ignore line: []
  ignore line: [GGC heuristics: --param ggc-min-expand=100 --param ggc-min-heapsize=131072]
  ignore line: [ignoring duplicate directory "/home/vietnq/.espressif/tools/xtensa-esp-elf/esp-14.2.0_20260121/xtensa-esp-elf/bin/../lib/gcc/../../lib/gcc/xtensa-esp-elf/14.2.0/../../../../xtensa-esp-elf/include/c++/14.2.0"]
  ignore line: [ignoring duplicate directory "/home/vietnq/.espressif/tools/xtensa-esp-elf/esp-14.2.0_20260121/xtensa-esp-elf/bin/../lib/gcc/../../lib/gcc/xtensa-esp-elf/14.2.0/../../../../xtensa-esp-elf/include/c++/14.2.0/xtensa-esp-elf/esp32/no-rtti"]
  ignore line: [ignoring duplicate directory "/home/vietnq/.espressif/tools/xtensa-esp-elf/esp-14.2.0_20260121/xtensa-esp-elf/bin/../lib/gcc/../../lib/gcc/xtensa-esp-elf/14.2.0/../../../../xtensa-esp-elf/include/c++/14.2.0/backward"]
  ignore line: [ignoring duplicate directory "/home/vietnq/.espressif/tools/xtensa-esp-elf/esp-14.2.0_20260121/xtensa-esp-elf/bin/../lib/gcc/../../lib/gcc/xtensa-esp-elf/14.2.0/include"]
  ignore line: [ignoring nonexistent directory "/home/vietnq/.espressif/tools/xtensa-esp-elf/esp-14.2.0_20260121/xtensa-esp-elf/bin/../xtensa-esp-elf/builds/idf/crosstool-NG/builds/xtensa-esp-elf/xtensa-esp-elf/include"]
  ignore line: [ignoring duplicate directory "/home/vietnq/.espressif/tools/xtensa-esp-elf/esp-14.2.0_20260121/xtensa-esp-elf/bin/../lib/gcc/../../lib/gcc/xtensa-esp-elf/14.2.0/include-fixed"]
  ignore line: [ignoring duplicate directory "/home/vietnq/.espressif/tools/xtensa-esp-elf/esp-14.2.0_20260121/xtensa-esp-elf/bin/../lib/gcc/../../lib/gcc/xtensa-esp-elf/14.2.0/../../../../xtensa-esp-elf/include"]
  ignore line: [ignoring duplicate directory "/home/vietnq/.espressif/tools/xtensa-esp-elf/esp-14.2.0_20260121/xtensa-esp-elf/bin/../xtensa-esp-elf/include"]
  ignore line: [#include "..." search starts here:]
  ignore line: [#include <...> search starts here:]
  ignore line: [ /home/vietnq/.espressif/tools/xtensa-esp-elf/esp-14.2.0_20260121/xtensa-esp-elf/bin/../lib/gcc/xtensa-esp-elf/14.2.0/../../../../xtensa-esp-elf/include/c++/14.2.0]
  ignore line: [ /home/vietnq/.espressif/tools/xtensa-esp-elf/esp-14.2.0_20260121/xtensa-esp-elf/bin/../lib/gcc/xtensa-esp-elf/14.2.0/../../../../xtensa-esp-elf/include/c++/14.2.0/xtensa-esp-elf/esp32/no-rtti]
  ignore line: [ /home/vietnq/.espressif/tools/xtensa-esp-elf/esp-14.2.0_20260121/xtensa-esp-elf/bin/../lib/gcc/xtensa-esp-elf/14.2.0/../../../../xtensa-esp-elf/include/c++/14.2.0/backward]
  ignore line: [ /home/vietnq/.espressif/tools/xtensa-esp-elf/esp-14.2.0_20260121/xtensa-esp-elf/bin/../lib/gcc/xtensa-esp-elf/14.2.0/include]
  ignore line: [ /home/vietnq/.espressif/tools/xtensa-esp-elf/esp-14.2.0_20260121/xtensa-esp-elf/bin/../lib/gcc/xtensa-esp-elf/14.2.0/include-fixed]
  ignore line: [ /home/vietnq/.espressif/tools/xtensa-esp-elf/esp-14.2.0_20260121/xtensa-esp-elf/bin/../lib/gcc/xtensa-esp-elf/14.2.0/../../../../xtensa-esp-elf/include]
  ignore line: [End of search list.]
  ignore line: [Compiler executable checksum: a254981dd59757a59628c9ca49d36a87]
  ignore line: [COLLECT_GCC_OPTIONS='-mdynconfig=xtensa_esp32.so' '-Wno-frame-address' '-mlongcalls' '-fno-builtin-memcpy' '-fno-builtin-memset' '-fno-builtin-bzero' '-fno-rtti' '-v' '-o' 'CMakeFiles/cmTC_0f917.dir/CMakeCXXCompilerABI.cpp.obj' '-c' '-dumpdir' 'CMakeFiles/cmTC_0f917.dir/']
  ignore line: [ /home/vietnq/.espressif/tools/xtensa-esp-elf/esp-14.2.0_20260121/xtensa-esp-elf/bin/../lib/gcc/xtensa-esp-elf/14.2.0/../../../../xtensa-esp-elf/bin/as --traditional-format --longcalls --dynconfig=xtensa_esp32.so -o CMakeFiles/cmTC_0f917.dir/CMakeCXXCompilerABI.cpp.obj /tmp/ccR5MExW.s]
  ignore line: [COMPILER_PATH=/home/vietnq/.espressif/tools/xtensa-esp-elf/esp-14.2.0_20260121/xtensa-esp-elf/bin/../libexec/gcc/xtensa-esp-elf/14.2.0/:/home/vietnq/.espressif/tools/xtensa-esp-elf/esp-14.2.0_20260121/xtensa-esp-elf/bin/../libexec/gcc/:/home/vietnq/.espressif/tools/xtensa-esp-elf/esp-14.2.0_20260121/xtensa-esp-elf/bin/../lib/gcc/xtensa-esp-elf/14.2.0/../../../../xtensa-esp-elf/bin/]
  ignore line: [LIBRARY_PATH=/home/vietnq/.espressif/tools/xtensa-esp-elf/esp-14.2.0_20260121/xtensa-esp-elf/bin/../lib/gcc/xtensa-esp-elf/14.2.0/esp32/no-rtti/:/home/vietnq/.espressif/tools/xtensa-esp-elf/esp-14.2.0_20260121/xtensa-esp-elf/bin/../lib/gcc/xtensa-esp-elf/14.2.0/../../../../xtensa-esp-elf/lib/esp32/no-rtti/:/home/vietnq/.espressif/tools/xtensa-esp-elf/esp-14.2.0_20260121/xtensa-esp-elf/bin/../xtensa-esp-elf/lib/esp32/no-rtti/:/home/vietnq/.espressif/tools/xtensa-esp-elf/esp-14.2.0_20260121/xtensa-esp-elf/bin/../lib/gcc/xtensa-esp-elf/14.2.0/:/home/vietnq/.espressif/tools/xtensa-esp-elf/esp-14.2.0_20260121/xtensa-esp-elf/bin/../lib/gcc/:/home/vietnq/.espressif/tools/xtensa-esp-elf/esp-14.2.0_20260121/xtensa-esp-elf/bin/../lib/gcc/xtensa-esp-elf/14.2.0/../../../../xtensa-esp-elf/lib/:/home/vietnq/.espressif/tools/xtensa-esp-elf/esp-14.2.0_20260121/xtensa-esp-elf/bin/../xtensa-esp-elf/lib/:/home/vietnq/.espressif/tools/xtensa-esp-elf/esp-14.2.0_20260121/xtensa-esp-elf/bin/../xtensa-esp-elf/usr/lib/]
  ignore line: [COLLECT_GCC_OPTIONS='-mdynconfig=xtensa_esp32.so' '-Wno-frame-address' '-mlongcalls' '-fno-builtin-memcpy' '-fno-builtin-memset' '-fno-builtin-bzero' '-fno-rtti' '-v' '-o' 'CMakeFiles/cmTC_0f917.dir/CMakeCXXCompilerABI.cpp.obj' '-c' '-dumpdir' 'CMakeFiles/cmTC_0f917.dir/CMakeCXXCompilerABI.cpp.']
  ignore line: [[2/2] Linking CXX executable cmTC_0f917]
  ignore line: [Using built-in specs.]
  ignore line: [COLLECT_GCC=/home/vietnq/.espressif/tools/xtensa-esp-elf/esp-14.2.0_20260121/xtensa-esp-elf/bin/xtensa-esp-elf-g++]
  ignore line: [COLLECT_LTO_WRAPPER=/home/vietnq/.espressif/tools/xtensa-esp-elf/esp-14.2.0_20260121/xtensa-esp-elf/bin/../libexec/gcc/xtensa-esp-elf/14.2.0/lto-wrapper]
  ignore line: [Target: xtensa-esp-elf]
  ignore line: [Configured with: /builds/idf/crosstool-NG/.build/xtensa-esp-elf/src/gcc/configure --build=x86_64-build_pc-linux-gnu --host=x86_64-build_pc-linux-gnu --target=xtensa-esp-elf --prefix=/builds/idf/crosstool-NG/builds/xtensa-esp-elf --exec_prefix=/builds/idf/crosstool-NG/builds/xtensa-esp-elf --with-local-prefix=/builds/idf/crosstool-NG/builds/xtensa-esp-elf/xtensa-esp-elf --with-sysroot=/builds/idf/crosstool-NG/builds/xtensa-esp-elf/xtensa-esp-elf --with-native-system-header-dir=/include --with-headers=/builds/idf/crosstool-NG/builds/xtensa-esp-elf/xtensa-esp-elf/include --with-newlib --enable-threads=no --disable-shared --with-pkgversion='crosstool-NG esp-14.2.0_20260121' --disable-__cxa_atexit --enable-cxx-flags='-ffunction-sections -fdata-sections' --disable-libgomp --disable-libmudflap --disable-libmpx --disable-libssp --disable-libquadmath --disable-libquadmath-support --disable-libstdcxx-verbose --with-gmp=/builds/idf/crosstool-NG/.build/xtensa-esp-elf/buildtools --with-mpfr=/builds/idf/crosstool-NG/.build/xtensa-esp-elf/buildtools --with-mpc=/builds/idf/crosstool-NG/.build/xtensa-esp-elf/buildtools --with-isl=/builds/idf/crosstool-NG/.build/xtensa-esp-elf/buildtools --enable-lto --enable-target-optspace --without-long-double-128 --enable-plugin --disable-nls --enable-multiarch --enable-languages=c c++ --disable-libstdcxx-verbose --enable-threads=posix --enable-libstdcxx-time=yes --disable-win32-utf8-manifest]
  ignore line: [Thread model: posix]
  ignore line: [Supported LTO compression algorithms: zlib zstd]
  ignore line: [gcc version 14.2.0 (crosstool-NG esp-14.2.0_20260121) ]
  ignore line: [COMPILER_PATH=/home/vietnq/.espressif/tools/xtensa-esp-elf/esp-14.2.0_20260121/xtensa-esp-elf/bin/../libexec/gcc/xtensa-esp-elf/14.2.0/:/home/vietnq/.espressif/tools/xtensa-esp-elf/esp-14.2.0_20260121/xtensa-esp-elf/bin/../libexec/gcc/:/home/vietnq/.espressif/tools/xtensa-esp-elf/esp-14.2.0_20260121/xtensa-esp-elf/bin/../lib/gcc/xtensa-esp-elf/14.2.0/../../../../xtensa-esp-elf/bin/]
  ignore line: [LIBRARY_PATH=/home/vietnq/.espressif/tools/xtensa-esp-elf/esp-14.2.0_20260121/xtensa-esp-elf/bin/../lib/gcc/xtensa-esp-elf/14.2.0/esp32/no-rtti/:/home/vietnq/.espressif/tools/xtensa-esp-elf/esp-14.2.0_20260121/xtensa-esp-elf/bin/../lib/gcc/xtensa-esp-elf/14.2.0/../../../../xtensa-esp-elf/lib/esp32/no-rtti/:/home/vietnq/.espressif/tools/xtensa-esp-elf/esp-14.2.0_20260121/xtensa-esp-elf/bin/../xtensa-esp-elf/lib/esp32/no-rtti/:/home/vietnq/.espressif/tools/xtensa-esp-elf/esp-14.2.0_20260121/xtensa-esp-elf/bin/../lib/gcc/xtensa-esp-elf/14.2.0/:/home/vietnq/.espressif/tools/xtensa-esp-elf/esp-14.2.0_20260121/xtensa-esp-elf/bin/../lib/gcc/:/home/vietnq/.espressif/tools/xtensa-esp-elf/esp-14.2.0_20260121/xtensa-esp-elf/bin/../lib/gcc/xtensa-esp-elf/14.2.0/../../../../xtensa-esp-elf/lib/:/home/vietnq/.espressif/tools/xtensa-esp-elf/esp-14.2.0_20260121/xtensa-esp-elf/bin/../xtensa-esp-elf/lib/:/home/vietnq/.espressif/tools/xtensa-esp-elf/esp-14.2.0_20260121/xtensa-esp-elf/bin/../xtensa-esp-elf/usr/lib/]
  ignore line: [COLLECT_GCC_OPTIONS='-mdynconfig=xtensa_esp32.so' '-Wno-frame-address' '-mlongcalls' '-fno-builtin-memcpy' '-fno-builtin-memset' '-fno-builtin-bzero' '-nostartfiles' '-fno-rtti' '-v' '-o' 'cmTC_0f917' '-dumpdir' 'cmTC_0f917.']
  link line: [ /home/vietnq/.espressif/tools/xtensa-esp-elf/esp-14.2.0_20260121/xtensa-esp-elf/bin/../libexec/gcc/xtensa-esp-elf/14.2.0/collect2 -plugin /home/vietnq/.espressif/tools/xtensa-esp-elf/esp-14.2.0_20260121/xtensa-esp-elf/bin/../libexec/gcc/xtensa-esp-elf/14.2.0/liblto_plugin.so -plugin-opt=/home/vietnq/.espressif/tools/xtensa-esp-elf/esp-14.2.0_20260121/xtensa-esp-elf/bin/../libexec/gcc/xtensa-esp-elf/14.2.0/lto-wrapper -plugin-opt=-fresolution=/tmp/ccYjPqmB.res -plugin-opt=-pass-through=-lgcc -plugin-opt=-pass-through=-lc -plugin-opt=-pass-through=-lnosys -plugin-opt=-pass-through=-lc -plugin-opt=-pass-through=-lgcc --sysroot=/home/vietnq/.espressif/tools/xtensa-esp-elf/esp-14.2.0_20260121/xtensa-esp-elf/bin/../xtensa-esp-elf --dynconfig=xtensa_esp32.so -o cmTC_0f917 -L/home/vietnq/.espressif/tools/xtensa-esp-elf/esp-14.2.0_20260121/xtensa-esp-elf/bin/../lib/gcc/xtensa-esp-elf/14.2.0/esp32/no-rtti -L/home/vietnq/.espressif/tools/xtensa-esp-elf/esp-14.2.0_20260121/xtensa-esp-elf/bin/../lib/gcc/xtensa-esp-elf/14.2.0/../../../../xtensa-esp-elf/lib/esp32/no-rtti -L/home/vietnq/.espressif/tools/xtensa-esp-elf/esp-14.2.0_20260121/xtensa-esp-elf/bin/../xtensa-esp-elf/lib/esp32/no-rtti -L/home/vietnq/.espressif/tools/xtensa-esp-elf/esp-14.2.0_20260121/xtensa-esp-elf/bin/../lib/gcc/xtensa-esp-elf/14.2.0 -L/home/vietnq/.espressif/tools/xtensa-esp-elf/esp-14.2.0_20260121/xtensa-esp-elf/bin/../lib/gcc -L/home/vietnq/.espressif/tools/xtensa-esp-elf/esp-14.2.0_20260121/xtensa-esp-elf/bin/../lib/gcc/xtensa-esp-elf/14.2.0/../../../../xtensa-esp-elf/lib -L/home/vietnq/.espressif/tools/xtensa-esp-elf/esp-14.2.0_20260121/xtensa-esp-elf/bin/../xtensa-esp-elf/lib -L/home/vietnq/.espressif/tools/xtensa-esp-elf/esp-14.2.0_20260121/xtensa-esp-elf/bin/../xtensa-esp-elf/usr/lib @/tmp/ccJW43lA -lgcc -lc -lnosys -lc -lgcc]
    arg [/home/vietnq/.espressif/tools/xtensa-esp-elf/esp-14.2.0_20260121/xtensa-esp-elf/bin/../libexec/gcc/xtensa-esp-elf/14.2.0/collect2] ==> ignore
    arg [-plugin] ==> ignore
    arg [/home/vietnq/.espressif/tools/xtensa-esp-elf/esp-14.2.0_20260121/xtensa-esp-elf/bin/../libexec/gcc/xtensa-esp-elf/14.2.0/liblto_plugin.so] ==> ignore
    arg [-plugin-opt=/home/vietnq/.espressif/tools/xtensa-esp-elf/esp-14.2.0_20260121/xtensa-esp-elf/bin/../libexec/gcc/xtensa-esp-elf/14.2.0/lto-wrapper] ==> ignore
    arg [-plugin-opt=-fresolution=/tmp/ccYjPqmB.res] ==> ignore
    arg [-plugin-opt=-pass-through=-lgcc] ==> ignore
    arg [-plugin-opt=-pass-through=-lc] ==> ignore
    arg [-plugin-opt=-pass-through=-lnosys] ==> ignore
    arg [-plugin-opt=-pass-through=-lc] ==> ignore
    arg [-plugin-opt=-pass-through=-lgcc] ==> ignore
    arg [--sysroot=/home/vietnq/.espressif/tools/xtensa-esp-elf/esp-14.2.0_20260121/xtensa-esp-elf/bin/../xtensa-esp-elf] ==> ignore
    arg [--dynconfig=xtensa_esp32.so] ==> ignore
    arg [-o] ==> ignore
    arg [cmTC_0f917] ==> ignore
    arg [-L/home/vietnq/.espressif/tools/xtensa-esp-elf/esp-14.2.0_20260121/xtensa-esp-elf/bin/../lib/gcc/xtensa-esp-elf/14.2.0/esp32/no-rtti] ==> dir [/home/vietnq/.espressif/tools/xtensa-esp-elf/esp-14.2.0_20260121/xtensa-esp-elf/bin/../lib/gcc/xtensa-esp-elf/14.2.0/esp32/no-rtti]
    arg [-L/home/vietnq/.espressif/tools/xtensa-esp-elf/esp-14.2.0_20260121/xtensa-esp-elf/bin/../lib/gcc/xtensa-esp-elf/14.2.0/../../../../xtensa-esp-elf/lib/esp32/no-rtti] ==> dir [/home/vietnq/.espressif/tools/xtensa-esp-elf/esp-14.2.0_20260121/xtensa-esp-elf/bin/../lib/gcc/xtensa-esp-elf/14.2.0/../../../../xtensa-esp-elf/lib/esp32/no-rtti]
    arg [-L/home/vietnq/.espressif/tools/xtensa-esp-elf/esp-14.2.0_20260121/xtensa-esp-elf/bin/../xtensa-esp-elf/lib/esp32/no-rtti] ==> dir [/home/vietnq/.espressif/tools/xtensa-esp-elf/esp-14.2.0_20260121/xtensa-esp-elf/bin/../xtensa-esp-elf/lib/esp32/no-rtti]
    arg [-L/home/vietnq/.espressif/tools/xtensa-esp-elf/esp-14.2.0_20260121/xtensa-esp-elf/bin/../lib/gcc/xtensa-esp-elf/14.2.0] ==> dir [/home/vietnq/.espressif/tools/xtensa-esp-elf/esp-14.2.0_20260121/xtensa-esp-elf/bin/../lib/gcc/xtensa-esp-elf/14.2.0]
    arg [-L/home/vietnq/.espressif/tools/xtensa-esp-elf/esp-14.2.0_20260121/xtensa-esp-elf/bin/../lib/gcc] ==> dir [/home/vietnq/.espressif/tools/xtensa-esp-elf/esp-14.2.0_20260121/xtensa-esp-elf/bin/../lib/gcc]
    arg [-L/home/vietnq/.espressif/tools/xtensa-esp-elf/esp-14.2.0_20260121/xtensa-esp-elf/bin/../lib/gcc/xtensa-esp-elf/14.2.0/../../../../xtensa-esp-elf/lib] ==> dir [/home/vietnq/.espressif/tools/xtensa-esp-elf/esp-14.2.0_20260121/xtensa-esp-elf/bin/../lib/gcc/xtensa-esp-elf/14.2.0/../../../../xtensa-esp-elf/lib]
    arg [-L/home/vietnq/.espressif/tools/xtensa-esp-elf/esp-14.2.0_20260121/xtensa-esp-elf/bin/../xtensa-esp-elf/lib] ==> dir [/home/vietnq/.espressif/tools/xtensa-esp-elf/esp-14.2.0_20260121/xtensa-esp-elf/bin/../xtensa-esp-elf/lib]
    arg [-L/home/vietnq/.espressif/tools/xtensa-esp-elf/esp-14.2.0_20260121/xtensa-esp-elf/bin/../xtensa-esp-elf/usr/lib] ==> dir [/home/vietnq/.espressif/tools/xtensa-esp-elf/esp-14.2.0_20260121/xtensa-esp-elf/bin/../xtensa-esp-elf/usr/lib]
    arg [@/tmp/ccJW43lA] ==> ignore
    arg [-lgcc] ==> lib [gcc]
    arg [-lc] ==> lib [c]
    arg [-lnosys] ==> lib [nosys]
    arg [-lc] ==> lib [c]
    arg [-lgcc] ==> lib [gcc]
  collapse library dir [/home/vietnq/.espressif/tools/xtensa-esp-elf/esp-14.2.0_20260121/xtensa-esp-elf/bin/../lib/gcc/xtensa-esp-elf/14.2.0/esp32/no-rtti] ==> [/home/vietnq/.espressif/tools/xtensa-esp-elf/esp-14.2.0_20260121/xtensa-esp-elf/lib/gcc/xtensa-esp-elf/14.2.0/esp32/no-rtti]
  collapse library dir [/home/vietnq/.espressif/tools/xtensa-esp-elf/esp-14.2.0_20260121/xtensa-esp-elf/bin/../lib/gcc/xtensa-esp-elf/14.2.0/../../../../xtensa-esp-elf/lib/esp32/no-rtti] ==> [/home/vietnq/.espressif/tools/xtensa-esp-elf/esp-14.2.0_20260121/xtensa-esp-elf/xtensa-esp-elf/lib/esp32/no-rtti]
  collapse library dir [/home/vietnq/.espressif/tools/xtensa-esp-elf/esp-14.2.0_20260121/xtensa-esp-elf/bin/../xtensa-esp-elf/lib/esp32/no-rtti] ==> [/home/vietnq/.espressif/tools/xtensa-esp-elf/esp-14.2.0_20260121/xtensa-esp-elf/xtensa-esp-elf/lib/esp32/no-rtti]
  collapse library dir [/home/vietnq/.espressif/tools/xtensa-esp-elf/esp-14.2.0_20260121/xtensa-esp-elf/bin/../lib/gcc/xtensa-esp-elf/14.2.0] ==> [/home/vietnq/.espressif/tools/xtensa-esp-elf/esp-14.2.0_20260121/xtensa-esp-elf/lib/gcc/xtensa-esp-elf/14.2.0]
  collapse library dir [/home/vietnq/.espressif/tools/xtensa-esp-elf/esp-14.2.0_20260121/xtensa-esp-elf/bin/../lib/gcc] ==> [/home/vietnq/.espressif/tools/xtensa-esp-elf/esp-14.2.0_20260121/xtensa-esp-elf/lib/gcc]
  collapse library dir [/home/vietnq/.espressif/tools/xtensa-esp-elf/esp-14.2.0_20260121/xtensa-esp-elf/bin/../lib/gcc/xtensa-esp-elf/14.2.0/../../../../xtensa-esp-elf/lib] ==> [/home/vietnq/.espressif/tools/xtensa-esp-elf/esp-14.2.0_20260121/xtensa-esp-elf/xtensa-esp-elf/lib]
  collapse library dir [/home/vietnq/.espressif/tools/xtensa-esp-elf/esp-14.2.0_20260121/xtensa-esp-elf/bin/../xtensa-esp-elf/lib] ==> [/home/vietnq/.espressif/tools/xtensa-esp-elf/esp-14.2.0_20260121/xtensa-esp-elf/xtensa-esp-elf/lib]
  collapse library dir [/home/vietnq/.espressif/tools/xtensa-esp-elf/esp-14.2.0_20260121/xtensa-esp-elf/bin/../xtensa-esp-elf/usr/lib] ==> [/home/vietnq/.espressif/tools/xtensa-esp-elf/esp-14.2.0_20260121/xtensa-esp-elf/xtensa-esp-elf/usr/lib]
  implicit libs: [gcc;c;nosys;c;gcc]
  implicit objs: []
  implicit dirs: [/home/vietnq/.espressif/tools/xtensa-esp-elf/esp-14.2.0_20260121/xtensa-esp-elf/lib/gcc/xtensa-esp-elf/14.2.0/esp32/no-rtti;/home/vietnq/.espressif/tools/xtensa-esp-elf/esp-14.2.0_20260121/xtensa-esp-elf/xtensa-esp-elf/lib/esp32/no-rtti;/home/vietnq/.espressif/tools/xtensa-esp-elf/esp-14.2.0_20260121/xtensa-esp-elf/lib/gcc/xtensa-esp-elf/14.2.0;/home/vietnq/.espressif/tools/xtensa-esp-elf/esp-14.2.0_20260121/xtensa-esp-elf/lib/gcc;/home/vietnq/.espressif/tools/xtensa-esp-elf/esp-14.2.0_20260121/xtensa-esp-elf/xtensa-esp-elf/lib;/home/vietnq/.espressif/tools/xtensa-esp-elf/esp-14.2.0_20260121/xtensa-esp-elf/xtensa-esp-elf/usr/lib]
  implicit fwks: []


Detecting C compiler ABI info compiled with the following output:
Change Dir: /home/vietnq/esp/ota/build/bootloader/CMakeFiles/CMakeTmp

Run Build Command(s):/usr/bin/ninja cmTC_b6d93 && [1/2] Building C object CMakeFiles/cmTC_b6d93.dir/CMakeCCompilerABI.c.obj
Using built-in specs.
COLLECT_GCC=/home/vietnq/.espressif/tools/xtensa-esp-elf/esp-14.2.0_20260121/xtensa-esp-elf/bin/xtensa-esp-elf-gcc
Target: xtensa-esp-elf
Configured with: /builds/idf/crosstool-NG/.build/xtensa-esp-elf/src/gcc/configure --build=x86_64-build_pc-linux-gnu --host=x86_64-build_pc-linux-gnu --target=xtensa-esp-elf --prefix=/builds/idf/crosstool-NG/builds/xtensa-esp-elf --exec_prefix=/builds/idf/crosstool-NG/builds/xtensa-esp-elf --with-local-prefix=/builds/idf/crosstool-NG/builds/xtensa-esp-elf/xtensa-esp-elf --with-sysroot=/builds/idf/crosstool-NG/builds/xtensa-esp-elf/xtensa-esp-elf --with-native-system-header-dir=/include --with-headers=/builds/idf/crosstool-NG/builds/xtensa-esp-elf/xtensa-esp-elf/include --with-newlib --enable-threads=no --disable-shared --with-pkgversion='crosstool-NG esp-14.2.0_20260121' --disable-__cxa_atexit --enable-cxx-flags='-ffunction-sections -fdata-sections' --disable-libgomp --disable-libmudflap --disable-libmpx --disable-libssp --disable-libquadmath --disable-libquadmath-support --disable-libstdcxx-verbose --with-gmp=/builds/idf/crosstool-NG/.build/xtensa-esp-elf/buildtools --with-mpfr=/builds/idf/crosstool-NG/.build/xtensa-esp-elf/buildtools --with-mpc=/builds/idf/crosstool-NG/.build/xtensa-esp-elf/buildtools --with-isl=/builds/idf/crosstool-NG/.build/xtensa-esp-elf/buildtools --enable-lto --enable-target-optspace --without-long-double-128 --enable-plugin --disable-nls --enable-multiarch --enable-languages=c,c++ --disable-libstdcxx-verbose --enable-threads=posix --enable-libstdcxx-time=yes --disable-win32-utf8-manifest
Thread model: posix
Supported LTO compression algorithms: zlib zstd
gcc version 14.2.0 (crosstool-NG esp-14.2.0_20260121) 
COLLECT_GCC_OPTIONS='-mdynconfig=xtensa_esp32.so' '-Wno-frame-address' '-mlongcalls' '-fno-builtin-memcpy' '-fno-builtin-memset' '-fno-builtin-bzero' '-v' '-o' 'CMakeFiles/cmTC_b6d93.dir/CMakeCCompilerABI.c.obj' '-c' '-dumpdir' 'CMakeFiles/cmTC_b6d93.dir/'
 /home/vietnq/.espressif/tools/xtensa-esp-elf/esp-14.2.0_20260121/xtensa-esp-elf/bin/../libexec/gcc/xtensa-esp-elf/14.2.0/cc1 -quiet -v -imultilib esp32 -iprefix /home/vietnq/.espressif/tools/xtensa-esp-elf/esp-14.2.0_20260121/xtensa-esp-elf/bin/../lib/gcc/xtensa-esp-elf/14.2.0/ -isysroot /home/vietnq/.espressif/tools/xtensa-esp-elf/esp-14.2.0_20260121/xtensa-esp-elf/bin/../xtensa-esp-elf /usr/share/cmake-3.22/Modules/CMakeCCompilerABI.c -quiet -dumpdir CMakeFiles/cmTC_b6d93.dir/ -dumpbase CMakeCCompilerABI.c.c -dumpbase-ext .c -mdynconfig=xtensa_esp32.so -mlongcalls -Wno-frame-address -version -fno-builtin-memcpy -fno-builtin-memset -fno-builtin-bzero -o /tmp/ccjI4x99.s
GNU C17 (crosstool-NG esp-14.2.0_20260121) version 14.2.0 (xtensa-esp-elf)
	compiled by GNU C version 6.3.0, GMP version 6.3.0, MPFR version 4.2.1, MPC version 1.3.1, isl version isl-0.26-GMP

GGC heuristics: --param ggc-min-expand=100 --param ggc-min-heapsize=131072
ignoring duplicate directory "/home/vietnq/.espressif/tools/xtensa-esp-elf/esp-14.2.0_20260121/xtensa-esp-elf/bin/../lib/gcc/../../lib/gcc/xtensa-esp-elf/14.2.0/include"
ignoring nonexistent directory "/home/vietnq/.espressif/tools/xtensa-esp-elf/esp-14.2.0_20260121/xtensa-esp-elf/bin/../xtensa-esp-elf/builds/idf/crosstool-NG/builds/xtensa-esp-elf/xtensa-esp-elf/include"
ignoring duplicate directory "/home/vietnq/.espressif/tools/xtensa-esp-elf/esp-14.2.0_20260121/xtensa-esp-elf/bin/../lib/gcc/../../lib/gcc/xtensa-esp-elf/14.2.0/include-fixed"
ignoring duplicate directory "/home/vietnq/.espressif/tools/xtensa-esp-elf/esp-14.2.0_20260121/xtensa-esp-elf/bin/../lib/gcc/../../lib/gcc/xtensa-esp-elf/14.2.0/../../../../xtensa-esp-elf/include"
ignoring duplicate directory "/home/vietnq/.espressif/tools/xtensa-esp-elf/esp-14.2.0_20260121/xtensa-esp-elf/bin/../xtensa-esp-elf/include"
#include "..." search starts here:
#include <...> search starts here:
 /home/vietnq/.espressif/tools/xtensa-esp-elf/esp-14.2.0_20260121/xtensa-esp-elf/bin/../lib/gcc/xtensa-esp-elf/14.2.0/include
 /home/vietnq/.espressif/tools/xtensa-esp-elf/esp-14.2.0_20260121/xtensa-esp-elf/bin/../lib/gcc/xtensa-esp-elf/14.2.0/include-fixed
 /home/vietnq/.espressif/tools/xtensa-esp-elf/esp-14.2.0_20260121/xtensa-esp-elf/bin/../lib/gcc/xtensa-esp-elf/14.2.0/../../../../xtensa-esp-elf/include
End of search list.
Compiler executable checksum: 709abf7e99d4c633116df3b91860509f
COLLECT_GCC_OPTIONS='-mdynconfig=xtensa_esp32.so' '-Wno-frame-address' '-mlongcalls' '-fno-builtin-memcpy' '-fno-builtin-memset' '-fno-builtin-bzero' '-v' '-o' 'CMakeFiles/cmTC_b6d93.dir/CMakeCCompilerABI.c.obj' '-c' '-dumpdir' 'CMakeFiles/cmTC_b6d93.dir/'
 /home/vietnq/.espressif/tools/xtensa-esp-elf/esp-14.2.0_20260121/xtensa-esp-elf/bin/../lib/gcc/xtensa-esp-elf/14.2.0/../../../../xtensa-esp-elf/bin/as --traditional-format --longcalls --dynconfig=xtensa_esp32.so -o CMakeFiles/cmTC_b6d93.dir/CMakeCCompilerABI.c.obj /tmp/ccjI4x99.s
COMPILER_PATH=/home/vietnq/.espressif/tools/xtensa-esp-elf/esp-14.2.0_20260121/xtensa-esp-elf/bin/../libexec/gcc/xtensa-esp-elf/14.2.0/:/home/vietnq/.espressif/tools/xtensa-esp-elf/esp-14.2.0_20260121/xtensa-esp-elf/bin/../libexec/gcc/:/home/vietnq/.espressif/tools/xtensa-esp-elf/esp-14.2.0_20260121/xtensa-esp-elf/bin/../lib/gcc/xtensa-esp-elf/14.2.0/../../../../xtensa-esp-elf/bin/
LIBRARY_PATH=/home/vietnq/.espressif/tools/xtensa-esp-elf/esp-14.2.0_20260121/xtensa-esp-elf/bin/../lib/gcc/xtensa-esp-elf/14.2.0/esp32/:/home/vietnq/.espressif/tools/xtensa-esp-elf/esp-14.2.0_20260121/xtensa-esp-elf/bin/../lib/gcc/xtensa-esp-elf/14.2.0/../../../../xtensa-esp-elf/lib/esp32/:/home/vietnq/.espressif/tools/xtensa-esp-elf/esp-14.2.0_20260121/xtensa-esp-elf/bin/../xtensa-esp-elf/lib/esp32/:/home/vietnq/.espressif/tools/xtensa-esp-elf/esp-14.2.0_20260121/xtensa-esp-elf/bin/../lib/gcc/xtensa-esp-elf/14.2.0/:/home/vietnq/.espressif/tools/xtensa-esp-elf/esp-14.2.0_20260121/xtensa-esp-elf/bin/../lib/gcc/:/home/vietnq/.espressif/tools/xtensa-esp-elf/esp-14.2.0_20260121/xtensa-esp-elf/bin/../lib/gcc/xtensa-esp-elf/14.2.0/../../../../xtensa-esp-elf/lib/:/home/vietnq/.espressif/tools/xtensa-esp-elf/esp-14.2.0_20260121/xtensa-esp-elf/bin/../xtensa-esp-elf/lib/:/home/vietnq/.espressif/tools/xtensa-esp-elf/esp-14.2.0_20260121/xtensa-esp-elf/bin/../xtensa-esp-elf/usr/lib/
COLLECT_GCC_OPTIONS='-mdynconfig=xtensa_esp32.so' '-Wno-frame-address' '-mlongcalls' '-fno-builtin-memcpy' '-fno-builtin-memset' '-fno-builtin-bzero' '-v' '-o' 'CMakeFiles/cmTC_b6d93.dir/CMakeCCompilerABI.c.obj' '-c' '-dumpdir' 'CMakeFiles/cmTC_b6d93.dir/CMakeCCompilerABI.c.'
[2/2] Linking C executable cmTC_b6d93
Using built-in specs.
COLLECT_GCC=/home/vietnq/.espressif/tools/xtensa-esp-elf/esp-14.2.0_20260121/xtensa-esp-elf/bin/xtensa-esp-elf-gcc
COLLECT_LTO_WRAPPER=/home/vietnq/.espressif/tools/xtensa-esp-elf/esp-14.2.0_20260121/xtensa-esp-elf/bin/../libexec/gcc/xtensa-esp-elf/14.2.0/lto-wrapper
Target: xtensa-esp-elf
Configured with: /builds/idf/crosstool-NG/.build/xtensa-esp-elf/src/gcc/configure --build=x86_64-build_pc-linux-gnu --host=x86_64-build_pc-linux-gnu --target=xtensa-esp-elf --prefix=/builds/idf/crosstool-NG/builds/xtensa-esp-elf --exec_prefix=/builds/idf/crosstool-NG/builds/xtensa-esp-elf --with-local-prefix=/builds/idf/crosstool-NG/builds/xtensa-esp-elf/xtensa-esp-elf --with-sysroot=/builds/idf/crosstool-NG/builds/xtensa-esp-elf/xtensa-esp-elf --with-native-system-header-dir=/include --with-headers=/builds/idf/crosstool-NG/builds/xtensa-esp-elf/xtensa-esp-elf/include --with-newlib --enable-threads=no --disable-shared --with-pkgversion='crosstool-NG esp-14.2.0_20260121' --disable-__cxa_atexit --enable-cxx-flags='-ffunction-sections -fdata-sections' --disable-libgomp --disable-libmudflap --disable-libmpx --disable-libssp --disable-libquadmath --disable-libquadmath-support --disable-libstdcxx-verbose --with-gmp=/builds/idf/crosstool-NG/.build/xtensa-esp-elf/buildtools --with-mpfr=/builds/idf/crosstool-NG/.build/xtensa-esp-elf/buildtools --with-mpc=/builds/idf/crosstool-NG/.build/xtensa-esp-elf/buildtools --with-isl=/builds/idf/crosstool-NG/.build/xtensa-esp-elf/buildtools --enable-lto --enable-target-optspace --without-long-double-128 --enable-plugin --disable-nls --enable-multiarch --enable-languages=c,c++ --disable-libstdcxx-verbose --enable-threads=posix --enable-libstdcxx-time=yes --disable-win32-utf8-manifest
Thread model: posix
Supported LTO compression algorithms: zlib zstd
gcc version 14.2.0 (crosstool-NG esp-14.2.0_20260121) 
COMPILER_PATH=/home/vietnq/.espressif/tools/xtensa-esp-elf/esp-14.2.0_20260121/xtensa-esp-elf/bin/../libexec/gcc/xtensa-esp-elf/14.2.0/:/home/vietnq/.espressif/tools/xtensa-esp-elf/esp-14.2.0_20260121/xtensa-esp-elf/bin/../libexec/gcc/:/home/vietnq/.espressif/tools/xtensa-esp-elf/esp-14.2.0_20260121/xtensa-esp-elf/bin/../lib/gcc/xtensa-esp-elf/14.2.0/../../../../xtensa-esp-elf/bin/
LIBRARY_PATH=/home/vietnq/.espressif/tools/xtensa-esp-elf/esp-14.2.0_20260121/xtensa-esp-elf/bin/../lib/gcc/xtensa-esp-elf/14.2.0/esp32/no-rtti/:/home/vietnq/.espressif/tools/xtensa-esp-elf/esp-14.2.0_20260121/xtensa-esp-elf/bin/../lib/gcc/xtensa-esp-elf/14.2.0/../../../../xtensa-esp-elf/lib/esp32/no-rtti/:/home/vietnq/.espressif/tools/xtensa-esp-elf/esp-14.2.0_20260121/xtensa-esp-elf/bin/../xtensa-esp-elf/lib/esp32/no-rtti/:/home/vietnq/.espressif/tools/xtensa-esp-elf/esp-14.2.0_20260121/xtensa-esp-elf/bin/../lib/gcc/xtensa-esp-elf/14.2.0/:/home/vietnq/.espressif/tools/xtensa-esp-elf/esp-14.2.0_20260121/xtensa-esp-elf/bin/../lib/gcc/:/home/vietnq/.espressif/tools/xtensa-esp-elf/esp-14.2.0_20260121/xtensa-esp-elf/bin/../lib/gcc/xtensa-esp-elf/14.2.0/../../../../xtensa-esp-elf/lib/:/home/vietnq/.espressif/tools/xtensa-esp-elf/esp-14.2.0_20260121/xtensa-esp-elf/bin/../xtensa-esp-elf/lib/:/home/vietnq/.espressif/tools/xtensa-esp-elf/esp-14.2.0_20260121/xtensa-esp-elf/bin/../xtensa-esp-elf/usr/lib/
COLLECT_GCC_OPTIONS='-mdynconfig=xtensa_esp32.so' '-Wno-frame-address' '-mlongcalls' '-fno-builtin-memcpy' '-fno-builtin-memset' '-fno-builtin-bzero' '-nostartfiles' '-fno-rtti' '-v' '-o' 'cmTC_b6d93' '-dumpdir' 'cmTC_b6d93.'
 /home/vietnq/.espressif/tools/xtensa-esp-elf/esp-14.2.0_20260121/xtensa-esp-elf/bin/../libexec/gcc/xtensa-esp-elf/14.2.0/collect2 -plugin /home/vietnq/.espressif/tools/xtensa-esp-elf/esp-14.2.0_20260121/xtensa-esp-elf/bin/../libexec/gcc/xtensa-esp-elf/14.2.0/liblto_plugin.so -plugin-opt=/home/vietnq/.espressif/tools/xtensa-esp-elf/esp-14.2.0_20260121/xtensa-esp-elf/bin/../libexec/gcc/xtensa-esp-elf/14.2.0/lto-wrapper -plugin-opt=-fresolution=/tmp/cceBly4n.res -plugin-opt=-pass-through=-lgcc -plugin-opt=-pass-through=-lc -plugin-opt=-pass-through=-lnosys -plugin-opt=-pass-through=-lc -plugin-opt=-pass-through=-lgcc --sysroot=/home/vietnq/.espressif/tools/xtensa-esp-elf/esp-14.2.0_20260121/xtensa-esp-elf/bin/../xtensa-esp-elf --dynconfig=xtensa_esp32.so -o cmTC_b6d93 -L/home/vietnq/.espressif/tools/xtensa-esp-elf/esp-14.2.0_20260121/xtensa-esp-elf/bin/../lib/gcc/xtensa-esp-elf/14.2.0/esp32/no-rtti -L/home/vietnq/.espressif/tools/xtensa-esp-elf/esp-14.2.0_20260121/xtensa-esp-elf/bin/../lib/gcc/xtensa-esp-elf/14.2.0/../../../../xtensa-esp-elf/lib/esp32/no-rtti -L/home/vietnq/.espressif/tools/xtensa-esp-elf/esp-14.2.0_20260121/xtensa-esp-elf/bin/../xtensa-esp-elf/lib/esp32/no-rtti -L/home/vietnq/.espressif/tools/xtensa-esp-elf/esp-14.2.0_20260121/xtensa-esp-elf/bin/../lib/gcc/xtensa-esp-elf/14.2.0 -L/home/vietnq/.espressif/tools/xtensa-esp-elf/esp-14.2.0_20260121/xtensa-esp-elf/bin/../lib/gcc -L/home/vietnq/.espressif/tools/xtensa-esp-elf/esp-14.2.0_20260121/xtensa-esp-elf/bin/../lib/gcc/xtensa-esp-elf/14.2.0/../../../../xtensa-esp-elf/lib -L/home/vietnq/.espressif/tools/xtensa-esp-elf/esp-14.2.0_20260121/xtensa-esp-elf/bin/../xtensa-esp-elf/lib -L/home/vietnq/.espressif/tools/xtensa-esp-elf/esp-14.2.0_20260121/xtensa-esp-elf/bin/../xtensa-esp-elf/usr/lib @/tmp/ccmEoVoN -lgcc -lc -lnosys -lc -lgcc
/home/vietnq/.espressif/tools/xtensa-esp-elf/esp-14.2.0_20260121/xtensa-esp-elf/bin/../lib/gcc/xtensa-esp-elf/14.2.0/../../../../xtensa-esp-elf/bin/ld: warning: cannot find entry symbol _start; defaulting to 00400054
COLLECT_GCC_OPTIONS='-mdynconfig=xtensa_esp32.so' '-Wno-frame-address' '-mlongcalls' '-fno-builtin-memcpy' '-fno-builtin-memset' '-fno-builtin-bzero' '-nostartfiles' '-fno-rtti' '-v' '-o' 'cmTC_b6d93' '-dumpdir' 'cmTC_b6d93.'



Parsed C implicit include dir info from above output: rv=done
  found start of include info
  found start of implicit include info
    add: [/home/vietnq/.espressif/tools/xtensa-esp-elf/esp-14.2.0_20260121/xtensa-esp-elf/bin/../lib/gcc/xtensa-esp-elf/14.2.0/include]
    add: [/home/vietnq/.espressif/tools/xtensa-esp-elf/esp-14.2.0_20260121/xtensa-esp-elf/bin/../lib/gcc/xtensa-esp-elf/14.2.0/include-fixed]
    add: [/home/vietnq/.espressif/tools/xtensa-esp-elf/esp-14.2.0_20260121/xtensa-esp-elf/bin/../lib/gcc/xtensa-esp-elf/14.2.0/../../../../xtensa-esp-elf/include]
  end of search list found
  collapse include dir [/home/vietnq/.espressif/tools/xtensa-esp-elf/esp-14.2.0_20260121/xtensa-esp-elf/bin/../lib/gcc/xtensa-esp-elf/14.2.0/include] ==> [/home/vietnq/.espressif/tools/xtensa-esp-elf/esp-14.2.0_20260121/xtensa-esp-elf/lib/gcc/xtensa-esp-elf/14.2.0/include]
  collapse include dir [/home/vietnq/.espressif/tools/xtensa-esp-elf/esp-14.2.0_20260121/xtensa-esp-elf/bin/../lib/gcc/xtensa-esp-elf/14.2.0/include-fixed] ==> [/home/vietnq/.espressif/tools/xtensa-esp-elf/esp-14.2.0_20260121/xtensa-esp-elf/lib/gcc/xtensa-esp-elf/14.2.0/include-fixed]
  collapse include dir [/home/vietnq/.espressif/tools/xtensa-esp-elf/esp-14.2.0_20260121/xtensa-esp-elf/bin/../lib/gcc/xtensa-esp-elf/14.2.0/../../../../xtensa-esp-elf/include] ==> [/home/vietnq/.espressif/tools/xtensa-esp-elf/esp-14.2.0_20260121/xtensa-esp-elf/xtensa-esp-elf/include]
  implicit include dirs: [/home/vietnq/.espressif/tools/xtensa-esp-elf/esp-14.2.0_20260121/xtensa-esp-elf/lib/gcc/xtensa-esp-elf/14.2.0/include;/home/vietnq/.espressif/tools/xtensa-esp-elf/esp-14.2.0_20260121/xtensa-esp-elf/lib/gcc/xtensa-esp-elf/14.2.0/include-fixed;/home/vietnq/.espressif/tools/xtensa-esp-elf/esp-14.2.0_20260121/xtensa-esp-elf/xtensa-esp-elf/include]


Parsed C implicit link information from above output:
  link line regex: [^( *|.*[/\])(xtensa-esp32-elf-ld|CMAKE_LINK_STARTFILE-NOTFOUND|([^/\]+-)?ld|collect2)[^/\]*( |$)]
  ignore line: [Change Dir: /home/vietnq/esp/ota/build/bootloader/CMakeFiles/CMakeTmp]
  ignore line: []
  ignore line: [Run Build Command(s):/usr/bin/ninja cmTC_b6d93 && [1/2] Building C object CMakeFiles/cmTC_b6d93.dir/CMakeCCompilerABI.c.obj]
  ignore line: [Using built-in specs.]
  ignore line: [COLLECT_GCC=/home/vietnq/.espressif/tools/xtensa-esp-elf/esp-14.2.0_20260121/xtensa-esp-elf/bin/xtensa-esp-elf-gcc]
  ignore line: [Target: xtensa-esp-elf]
  ignore line: [Configured with: /builds/idf/crosstool-NG/.build/xtensa-esp-elf/src/gcc/configure --build=x86_64-build_pc-linux-gnu --host=x86_64-build_pc-linux-gnu --target=xtensa-esp-elf --prefix=/builds/idf/crosstool-NG/builds/xtensa-esp-elf --exec_prefix=/builds/idf/crosstool-NG/builds/xtensa-esp-elf --with-local-prefix=/builds/idf/crosstool-NG/builds/xtensa-esp-elf/xtensa-esp-elf --with-sysroot=/builds/idf/crosstool-NG/builds/xtensa-esp-elf/xtensa-esp-elf --with-native-system-header-dir=/include --with-headers=/builds/idf/crosstool-NG/builds/xtensa-esp-elf/xtensa-esp-elf/include --with-newlib --enable-threads=no --disable-shared --with-pkgversion='crosstool-NG esp-14.2.0_20260121' --disable-__cxa_atexit --enable-cxx-flags='-ffunction-sections -fdata-sections' --disable-libgomp --disable-libmudflap --disable-libmpx --disable-libssp --disable-libquadmath --disable-libquadmath-support --disable-libstdcxx-verbose --with-gmp=/builds/idf/crosstool-NG/.build/xtensa-esp-elf/buildtools --with-mpfr=/builds/idf/crosstool-NG/.build/xtensa-esp-elf/buildtools --with-mpc=/builds/idf/crosstool-NG/.build/xtensa-esp-elf/buildtools --with-isl=/builds/idf/crosstool-NG/.build/xtensa-esp-elf/buildtools --enable-lto --enable-target-optspace --without-long-double-128 --enable-plugin --disable-nls --enable-multiarch --enable-languages=c c++ --disable-libstdcxx-verbose --enable-threads=posix --enable-libstdcxx-time=yes --disable-win32-utf8-manifest]
  ignore line: [Thread model: posix]
  ignore line: [Supported LTO compression algorithms: zlib zstd]
  ignore line: [gcc version 14.2.0 (crosstool-NG esp-14.2.0_20260121) ]
  ignore line: [COLLECT_GCC_OPTIONS='-mdynconfig=xtensa_esp32.so' '-Wno-frame-address' '-mlongcalls' '-fno-builtin-memcpy' '-fno-builtin-memset' '-fno-builtin-bzero' '-v' '-o' 'CMakeFiles/cmTC_b6d93.dir/CMakeCCompilerABI.c.obj' '-c' '-dumpdir' 'CMakeFiles/cmTC_b6d93.dir/']
  ignore line: [ /home/vietnq/.espressif/tools/xtensa-esp-elf/esp-14.2.0_20260121/xtensa-esp-elf/bin/../libexec/gcc/xtensa-esp-elf/14.2.0/cc1 -quiet -v -imultilib esp32 -iprefix /home/vietnq/.espressif/tools/xtensa-esp-elf/esp-14.2.0_20260121/xtensa-esp-elf/bin/../lib/gcc/xtensa-esp-elf/14.2.0/ -isysroot /home/vietnq/.espressif/tools/xtensa-esp-elf/esp-14.2.0_20260121/xtensa-esp-elf/bin/../xtensa-esp-elf /usr/share/cmake-3.22/Modules/CMakeCCompilerABI.c -quiet -dumpdir CMakeFiles/cmTC_b6d93.dir/ -dumpbase CMakeCCompilerABI.c.c -dumpbase-ext .c -mdynconfig=xtensa_esp32.so -mlongcalls -Wno-frame-address -version -fno-builtin-memcpy -fno-builtin-memset -fno-builtin-bzero -o /tmp/ccjI4x99.s]
  ignore line: [GNU C17 (crosstool-NG esp-14.2.0_20260121) version 14.2.0 (xtensa-esp-elf)]
  ignore line: [	compiled by GNU C version 6.3.0  GMP version 6.3.0  MPFR version 4.2.1  MPC version 1.3.1  isl version isl-0.26-GMP]
  ignore line: []
  ignore line: [GGC heuristics: --param ggc-min-expand=100 --param ggc-min-heapsize=131072]
  ignore line: [ignoring duplicate directory "/home/vietnq/.espressif/tools/xtensa-esp-elf/esp-14.2.0_20260121/xtensa-esp-elf/bin/../lib/gcc/../../lib/gcc/xtensa-esp-elf/14.2.0/include"]
  ignore line: [ignoring nonexistent directory "/home/vietnq/.espressif/tools/xtensa-esp-elf/esp-14.2.0_20260121/xtensa-esp-elf/bin/../xtensa-esp-elf/builds/idf/crosstool-NG/builds/xtensa-esp-elf/xtensa-esp-elf/include"]
  ignore line: [ignoring duplicate directory "/home/vietnq/.espressif/tools/xtensa-esp-elf/esp-14.2.0_20260121/xtensa-esp-elf/bin/../lib/gcc/../../lib/gcc/xtensa-esp-elf/14.2.0/include-fixed"]
  ignore line: [ignoring duplicate directory "/home/vietnq/.espressif/tools/xtensa-esp-elf/esp-14.2.0_20260121/xtensa-esp-elf/bin/../lib/gcc/../../lib/gcc/xtensa-esp-elf/14.2.0/../../../../xtensa-esp-elf/include"]
  ignore line: [ignoring duplicate directory "/home/vietnq/.espressif/tools/xtensa-esp-elf/esp-14.2.0_20260121/xtensa-esp-elf/bin/../xtensa-esp-elf/include"]
  ignore line: [#include "..." search starts here:]
  ignore line: [#include <...> search starts here:]
  ignore line: [ /home/vietnq/.espressif/tools/xtensa-esp-elf/esp-14.2.0_20260121/xtensa-esp-elf/bin/../lib/gcc/xtensa-esp-elf/14.2.0/include]
  ignore line: [ /home/vietnq/.espressif/tools/xtensa-esp-elf/esp-14.2.0_20260121/xtensa-esp-elf/bin/../lib/gcc/xtensa-esp-elf/14.2.0/include-fixed]
  ignore line: [ /home/vietnq/.espressif/tools/xtensa-esp-elf/esp-14.2.0_20260121/xtensa-esp-elf/bin/../lib/gcc/xtensa-esp-elf/14.2.0/../../../../xtensa-esp-elf/include]
  ignore line: [End of search list.]
  ignore line: [Compiler executable checksum: 709abf7e99d4c633116df3b91860509f]
  ignore line: [COLLECT_GCC_OPTIONS='-mdynconfig=xtensa_esp32.so' '-Wno-frame-address' '-mlongcalls' '-fno-builtin-memcpy' '-fno-builtin-memset' '-fno-builtin-bzero' '-v' '-o' 'CMakeFiles/cmTC_b6d93.dir/CMakeCCompilerABI.c.obj' '-c' '-dumpdir' 'CMakeFiles/cmTC_b6d93.dir/']
  ignore line: [ /home/vietnq/.espressif/tools/xtensa-esp-elf/esp-14.2.0_20260121/xtensa-esp-elf/bin/../lib/gcc/xtensa-esp-elf/14.2.0/../../../../xtensa-esp-elf/bin/as --traditional-format --longcalls --dynconfig=xtensa_esp32.so -o CMakeFiles/cmTC_b6d93.dir/CMakeCCompilerABI.c.obj /tmp/ccjI4x99.s]
  ignore line: [COMPILER_PATH=/home/vietnq/.espressif/tools/xtensa-esp-elf/esp-14.2.0_20260121/xtensa-esp-elf/bin/../libexec/gcc/xtensa-esp-elf/14.2.0/:/home/vietnq/.espressif/tools/xtensa-esp-elf/esp-14.2.0_20260121/xtensa-esp-elf/bin/../libexec/gcc/:/home/vietnq/.espressif/tools/xtensa-esp-elf/esp-14.2.0_20260121/xtensa-esp-elf/bin/../lib/gcc/xtensa-esp-elf/14.2.0/../../../../xtensa-esp-elf/bin/]
  ignore line: [LIBRARY_PATH=/home/vietnq/.espressif/tools/xtensa-esp-elf/esp-14.2.0_20260121/xtensa-esp-elf/bin/../lib/gcc/xtensa-esp-elf/14.2.0/esp32/:/home/vietnq/.espressif/tools/xtensa-esp-elf/esp-14.2.0_20260121/xtensa-esp-elf/bin/../lib/gcc/xtensa-esp-elf/14.2.0/../../../../xtensa-esp-elf/lib/esp32/:/home/vietnq/.espressif/tools/xtensa-esp-elf/esp-14.2.0_20260121/xtensa-esp-elf/bin/../xtensa-esp-elf/lib/esp32/:/home/vietnq/.espressif/tools/xtensa-esp-elf/esp-14.2.0_20260121/xtensa-esp-elf/bin/../lib/gcc/xtensa-esp-elf/14.2.0/:/home/vietnq/.espressif/tools/xtensa-esp-elf/esp-14.2.0_20260121/xtensa-esp-elf/bin/../lib/gcc/:/home/vietnq/.espressif/tools/xtensa-esp-elf/esp-14.2.0_20260121/xtensa-esp-elf/bin/../lib/gcc/xtensa-esp-elf/14.2.0/../../../../xtensa-esp-elf/lib/:/home/vietnq/.espressif/tools/xtensa-esp-elf/esp-14.2.0_20260121/xtensa-esp-elf/bin/../xtensa-esp-elf/lib/:/home/vietnq/.espressif/tools/xtensa-esp-elf/esp-14.2.0_20260121/xtensa-esp-elf/bin/../xtensa-esp-elf/usr/lib/]
  ignore line: [COLLECT_GCC_OPTIONS='-mdynconfig=xtensa_esp32.so' '-Wno-frame-address' '-mlongcalls' '-fno-builtin-memcpy' '-fno-builtin-memset' '-fno-builtin-bzero' '-v' '-o' 'CMakeFiles/cmTC_b6d93.dir/CMakeCCompilerABI.c.obj' '-c' '-dumpdir' 'CMakeFiles/cmTC_b6d93.dir/CMakeCCompilerABI.c.']
  ignore line: [[2/2] Linking C executable cmTC_b6d93]
  ignore line: [Using built-in specs.]
  ignore line: [COLLECT_GCC=/home/vietnq/.espressif/tools/xtensa-esp-elf/esp-14.2.0_20260121/xtensa-esp-elf/bin/xtensa-esp-elf-gcc]
  ignore line: [COLLECT_LTO_WRAPPER=/home/vietnq/.espressif/tools/xtensa-esp-elf/esp-14.2.0_20260121/xtensa-esp-elf/bin/../libexec/gcc/xtensa-esp-elf/14.2.0/lto-wrapper]
  ignore line: [Target: xtensa-esp-elf]
  ignore line: [Configured with: /builds/idf/crosstool-NG/.build/xtensa-esp-elf/src/gcc/configure --build=x86_64-build_pc-linux-gnu --host=x86_64-build_pc-linux-gnu --target=xtensa-esp-elf --prefix=/builds/idf/crosstool-NG/builds/xtensa-esp-elf --exec_prefix=/builds/idf/crosstool-NG/builds/xtensa-esp-elf --with-local-prefix=/builds/idf/crosstool-NG/builds/xtensa-esp-elf/xtensa-esp-elf --with-sysroot=/builds/idf/crosstool-NG/builds/xtensa-esp-elf/xtensa-esp-elf --with-native-system-header-dir=/include --with-headers=/builds/idf/crosstool-NG/builds/xtensa-esp-elf/xtensa-esp-elf/include --with-newlib --enable-threads=no --disable-shared --with-pkgversion='crosstool-NG esp-14.2.0_20260121' --disable-__cxa_atexit --enable-cxx-flags='-ffunction-sections -fdata-sections' --disable-libgomp --disable-libmudflap --disable-libmpx --disable-libssp --disable-libquadmath --disable-libquadmath-support --disable-libstdcxx-verbose --with-gmp=/builds/idf/crosstool-NG/.build/xtensa-esp-elf/buildtools --with-mpfr=/builds/idf/crosstool-NG/.build/xtensa-esp-elf/buildtools --with-mpc=/builds/idf/crosstool-NG/.build/xtensa-esp-elf/buildtools --with-isl=/builds/idf/crosstool-NG/.build/xtensa-esp-elf/buildtools --enable-lto --enable-target-optspace --without-long-double-128 --enable-plugin --disable-nls --enable-multiarch --enable-languages=c c++ --disable-libstdcxx-verbose --enable-threads=posix --enable-libstdcxx-time=yes --disable-win32-utf8-manifest]
  ignore line: [Thread model: posix]
  ignore line: [Supported LTO compression algorithms: zlib zstd]
  ignore line: [gcc version 14.2.0 (crosstool-NG esp-14.2.0_20260121) ]
  ignore line: [COMPILER_PATH=/home/vietnq/.espressif/tools/xtensa-esp-elf/esp-14.2.0_20260121/xtensa-esp-elf/bin/../libexec/gcc/xtensa-esp-elf/14.2.0/:/home/vietnq/.espressif/tools/xtensa-esp-elf/esp-14.2.0_20260121/xtensa-esp-elf/bin/../libexec/gcc/:/home/vietnq/.espressif/tools/xtensa-esp-elf/esp-14.2.0_20260121/xtensa-esp-elf/bin/../lib/gcc/xtensa-esp-elf/14.2.0/../../../../xtensa-esp-elf/bin/]
  ignore line: [LIBRARY_PATH=/home/vietnq/.espressif/tools/xtensa-esp-elf/esp-14.2.0_20260121/xtensa-esp-elf/bin/../lib/gcc/xtensa-esp-elf/14.2.0/esp32/no-rtti/:/home/vietnq/.espressif/tools/xtensa-esp-elf/esp-14.2.0_20260121/xtensa-esp-elf/bin/../lib/gcc/xtensa-esp-elf/14.2.0/../../../../xtensa-esp-elf/lib/esp32/no-rtti/:/home/vietnq/.espressif/tools/xtensa-esp-elf/esp-14.2.0_20260121/xtensa-esp-elf/bin/../xtensa-esp-elf/lib/esp32/no-rtti/:/home/vietnq/.espressif/tools/xtensa-esp-elf/esp-14.2.0_20260121/xtensa-esp-elf/bin/../lib/gcc/xtensa-esp-elf/14.2.0/:/home/vietnq/.espressif/tools/xtensa-esp-elf/esp-14.2.0_20260121/xtensa-esp-elf/bin/../lib/gcc/:/home/vietnq/.espressif/tools/xtensa-esp-elf/esp-14.2.0_20260121/xtensa-esp-elf/bin/../lib/gcc/xtensa-esp-elf/14.2.0/../../../../xtensa-esp-elf/lib/:/home/vietnq/.espressif/tools/xtensa-esp-elf/esp-14.2.0_20260121/xtensa-esp-elf/bin/../xtensa-esp-elf/lib/:/home/vietnq/.espressif/tools/xtensa-esp-elf/esp-14.2.0_20260121/xtensa-esp-elf/bin/../xtensa-esp-elf/usr/lib/]
  ignore line: [COLLECT_GCC_OPTIONS='-mdynconfig=xtensa_esp32.so' '-Wno-frame-address' '-mlongcalls' '-fno-builtin-memcpy' '-fno-builtin-memset' '-fno-builtin-bzero' '-nostartfiles' '-fno-rtti' '-v' '-o' 'cmTC_b6d93' '-dumpdir' 'cmTC_b6d93.']
  link line: [ /home/vietnq/.espressif/tools/xtensa-esp-elf/esp-14.2.0_20260121/xtensa-esp-elf/bin/../libexec/gcc/xtensa-esp-elf/14.2.0/collect2 -plugin /home/vietnq/.espressif/tools/xtensa-esp-elf/esp-14.2.0_20260121/xtensa-esp-elf/bin/../libexec/gcc/xtensa-esp-elf/14.2.0/liblto_plugin.so -plugin-opt=/home/vietnq/.espressif/tools/xtensa-esp-elf/esp-14.2.0_20260121/xtensa-esp-elf/bin/../libexec/gcc/xtensa-esp-elf/14.2.0/lto-wrapper -plugin-opt=-fresolution=/tmp/cceBly4n.res -plugin-opt=-pass-through=-lgcc -plugin-opt=-pass-through=-lc -plugin-opt=-pass-through=-lnosys -plugin-opt=-pass-through=-lc -plugin-opt=-pass-through=-lgcc --sysroot=/home/vietnq/.espressif/tools/xtensa-esp-elf/esp-14.2.0_20260121/xtensa-esp-elf/bin/../xtensa-esp-elf --dynconfig=xtensa_esp32.so -o cmTC_b6d93 -L/home/vietnq/.espressif/tools/xtensa-esp-elf/esp-14.2.0_20260121/xtensa-esp-elf/bin/../lib/gcc/xtensa-esp-elf/14.2.0/esp32/no-rtti -L/home/vietnq/.espressif/tools/xtensa-esp-elf/esp-14.2.0_20260121/xtensa-esp-elf/bin/../lib/gcc/xtensa-esp-elf/14.2.0/../../../../xtensa-esp-elf/lib/esp32/no-rtti -L/home/vietnq/.espressif/tools/xtensa-esp-elf/esp-14.2.0_20260121/xtensa-esp-elf/bin/../xtensa-esp-elf/lib/esp32/no-rtti -L/home/vietnq/.espressif/tools/xtensa-esp-elf/esp-14.2.0_20260121/xtensa-esp-elf/bin/../lib/gcc/xtensa-esp-elf/14.2.0 -L/home/vietnq/.espressif/tools/xtensa-esp-elf/esp-14.2.0_20260121/xtensa-esp-elf/bin/../lib/gcc -L/home/vietnq/.espressif/tools/xtensa-esp-elf/esp-14.2.0_20260121/xtensa-esp-elf/bin/../lib/gcc/xtensa-esp-elf/14.2.0/../../../../xtensa-esp-elf/lib -L/home/vietnq/.espressif/tools/xtensa-esp-elf/esp-14.2.0_20260121/xtensa-esp-elf/bin/../xtensa-esp-elf/lib -L/home/vietnq/.espressif/tools/xtensa-esp-elf/esp-14.2.0_20260121/xtensa-esp-elf/bin/../xtensa-esp-elf/usr/lib @/tmp/ccmEoVoN -lgcc -lc -lnosys -lc -lgcc]
    arg [/home/vietnq/.espressif/tools/xtensa-esp-elf/esp-14.2.0_20260121/xtensa-esp-elf/bin/../libexec/gcc/xtensa-esp-elf/14.2.0/collect2] ==> ignore
    arg [-plugin] ==> ignore
    arg [/home/vietnq/.espressif/tools/xtensa-esp-elf/esp-14.2.0_20260121/xtensa-esp-elf/bin/../libexec/gcc/xtensa-esp-elf/14.2.0/liblto_plugin.so] ==> ignore
    arg [-plugin-opt=/home/vietnq/.espressif/tools/xtensa-esp-elf/esp-14.2.0_20260121/xtensa-esp-elf/bin/../libexec/gcc/xtensa-esp-elf/14.2.0/lto-wrapper] ==> ignore
    arg [-plugin-opt=-fresolution=/tmp/cceBly4n.res] ==> ignore
    arg [-plugin-opt=-pass-through=-lgcc] ==> ignore
    arg [-plugin-opt=-pass-through=-lc] ==> ignore
    arg [-plugin-opt=-pass-through=-lnosys] ==> ignore
    arg [-plugin-opt=-pass-through=-lc] ==> ignore
    arg [-plugin-opt=-pass-through=-lgcc] ==> ignore
    arg [--sysroot=/home/vietnq/.espressif/tools/xtensa-esp-elf/esp-14.2.0_20260121/xtensa-esp-elf/bin/../xtensa-esp-elf] ==> ignore
    arg [--dynconfig=xtensa_esp32.so] ==> ignore
    arg [-o] ==> ignore
    arg [cmTC_b6d93] ==> ignore
    arg [-L/home/vietnq/.espressif/tools/xtensa-esp-elf/esp-14.2.0_20260121/xtensa-esp-elf/bin/../lib/gcc/xtensa-esp-elf/14.2.0/esp32/no-rtti] ==> dir [/home/vietnq/.espressif/tools/xtensa-esp-elf/esp-14.2.0_20260121/xtensa-esp-elf/bin/../lib/gcc/xtensa-esp-elf/14.2.0/esp32/no-rtti]
    arg [-L/home/vietnq/.espressif/tools/xtensa-esp-elf/esp-14.2.0_20260121/xtensa-esp-elf/bin/../lib/gcc/xtensa-esp-elf/14.2.0/../../../../xtensa-esp-elf/lib/esp32/no-rtti] ==> dir [/home/vietnq/.espressif/tools/xtensa-esp-elf/esp-14.2.0_20260121/xtensa-esp-elf/bin/../lib/gcc/xtensa-esp-elf/14.2.0/../../../../xtensa-esp-elf/lib/esp32/no-rtti]
    arg [-L/home/vietnq/.espressif/tools/xtensa-esp-elf/esp-14.2.0_20260121/xtensa-esp-elf/bin/../xtensa-esp-elf/lib/esp32/no-rtti] ==> dir [/home/vietnq/.espressif/tools/xtensa-esp-elf/esp-14.2.0_20260121/xtensa-esp-elf/bin/../xtensa-esp-elf/lib/esp32/no-rtti]
    arg [-L/home/vietnq/.espressif/tools/xtensa-esp-elf/esp-14.2.0_20260121/xtensa-esp-elf/bin/../lib/gcc/xtensa-esp-elf/14.2.0] ==> dir [/home/vietnq/.espressif/tools/xtensa-esp-elf/esp-14.2.0_20260121/xtensa-esp-elf/bin/../lib/gcc/xtensa-esp-elf/14.2.0]
    arg [-L/home/vietnq/.espressif/tools/xtensa-esp-elf/esp-14.2.0_20260121/xtensa-esp-elf/bin/../lib/gcc] ==> dir [/home/vietnq/.espressif/tools/xtensa-esp-elf/esp-14.2.0_20260121/xtensa-esp-elf/bin/../lib/gcc]
    arg [-L/home/vietnq/.espressif/tools/xtensa-esp-elf/esp-14.2.0_20260121/xtensa-esp-elf/bin/../lib/gcc/xtensa-esp-elf/14.2.0/../../../../xtensa-esp-elf/lib] ==> dir [/home/vietnq/.espressif/tools/xtensa-esp-elf/esp-14.2.0_20260121/xtensa-esp-elf/bin/../lib/gcc/xtensa-esp-elf/14.2.0/../../../../xtensa-esp-elf/lib]
    arg [-L/home/vietnq/.espressif/tools/xtensa-esp-elf/esp-14.2.0_20260121/xtensa-esp-elf/bin/../xtensa-esp-elf/lib] ==> dir [/home/vietnq/.espressif/tools/xtensa-esp-elf/esp-14.2.0_20260121/xtensa-esp-elf/bin/../xtensa-esp-elf/lib]
    arg [-L/home/vietnq/.espressif/tools/xtensa-esp-elf/esp-14.2.0_20260121/xtensa-esp-elf/bin/../xtensa-esp-elf/usr/lib] ==> dir [/home/vietnq/.espressif/tools/xtensa-esp-elf/esp-14.2.0_20260121/xtensa-esp-elf/bin/../xtensa-esp-elf/usr/lib]
    arg [@/tmp/ccmEoVoN] ==> ignore
    arg [-lgcc] ==> lib [gcc]
    arg [-lc] ==> lib [c]
    arg [-lnosys] ==> lib [nosys]
    arg [-lc] ==> lib [c]
    arg [-lgcc] ==> lib [gcc]
  collapse library dir [/home/vietnq/.espressif/tools/xtensa-esp-elf/esp-14.2.0_20260121/xtensa-esp-elf/bin/../lib/gcc/xtensa-esp-elf/14.2.0/esp32/no-rtti] ==> [/home/vietnq/.espressif/tools/xtensa-esp-elf/esp-14.2.0_20260121/xtensa-esp-elf/lib/gcc/xtensa-esp-elf/14.2.0/esp32/no-rtti]
  collapse library dir [/home/vietnq/.espressif/tools/xtensa-esp-elf/esp-14.2.0_20260121/xtensa-esp-elf/bin/../lib/gcc/xtensa-esp-elf/14.2.0/../../../../xtensa-esp-elf/lib/esp32/no-rtti] ==> [/home/vietnq/.espressif/tools/xtensa-esp-elf/esp-14.2.0_20260121/xtensa-esp-elf/xtensa-esp-elf/lib/esp32/no-rtti]
  collapse library dir [/home/vietnq/.espressif/tools/xtensa-esp-elf/esp-14.2.0_20260121/xtensa-esp-elf/bin/../xtensa-esp-elf/lib/esp32/no-rtti] ==> [/home/vietnq/.espressif/tools/xtensa-esp-elf/esp-14.2.0_20260121/xtensa-esp-elf/xtensa-esp-elf/lib/esp32/no-rtti]
  collapse library dir [/home/vietnq/.espressif/tools/xtensa-esp-elf/esp-14.2.0_20260121/xtensa-esp-elf/bin/../lib/gcc/xtensa-esp-elf/14.2.0] ==> [/home/vietnq/.espressif/tools/xtensa-esp-elf/esp-14.2.0_20260121/xtensa-esp-elf/lib/gcc/xtensa-esp-elf/14.2.0]
  collapse library dir [/home/vietnq/.espressif/tools/xtensa-esp-elf/esp-14.2.0_20260121/xtensa-esp-elf/bin/../lib/gcc] ==> [/home/vietnq/.espressif/tools/xtensa-esp-elf/esp-14.2.0_20260121/xtensa-esp-elf/lib/gcc]
  collapse library dir [/home/vietnq/.espressif/tools/xtensa-esp-elf/esp-14.2.0_20260121/xtensa-esp-elf/bin/../lib/gcc/xtensa-esp-elf/14.2.0/../../../../xtensa-esp-elf/lib] ==> [/home/vietnq/.espressif/tools/xtensa-esp-elf/esp-14.2.0_20260121/xtensa-esp-elf/xtensa-esp-elf/lib]
  collapse library dir [/home/vietnq/.espressif/tools/xtensa-esp-elf/esp-14.2.0_20260121/xtensa-esp-elf/bin/../xtensa-esp-elf/lib] ==> [/home/vietnq/.espressif/tools/xtensa-esp-elf/esp-14.2.0_20260121/xtensa-esp-elf/xtensa-esp-elf/lib]
  collapse library dir [/home/vietnq/.espressif/tools/xtensa-esp-elf/esp-14.2.0_20260121/xtensa-esp-elf/bin/../xtensa-esp-elf/usr/lib] ==> [/home/vietnq/.espressif/tools/xtensa-esp-elf/esp-14.2.0_20260121/xtensa-esp-elf/xtensa-esp-elf/usr/lib]
  implicit libs: [gcc;c;nosys;c;gcc]
  implicit objs: []
  implicit dirs: [/home/vietnq/.espressif/tools/xtensa-esp-elf/esp-14.2.0_20260121/xtensa-esp-elf/lib/gcc/xtensa-esp-elf/14.2.0/esp32/no-rtti;/home/vietnq/.espressif/tools/xtensa-esp-elf/esp-14.2.0_20260121/xtensa-esp-elf/xtensa-esp-elf/lib/esp32/no-rtti;/home/vietnq/.espressif/tools/xtensa-esp-elf/esp-14.2.0_20260121/xtensa-esp-elf/lib/gcc/xtensa-esp-elf/14.2.0;/home/vietnq/.espressif/tools/xtensa-esp-elf/esp-14.2.0_20260121/xtensa-esp-elf/lib/gcc;/home/vietnq/.espressif/tools/xtensa-esp-elf/esp-14.2.0_20260121/xtensa-esp-elf/xtensa-esp-elf/lib;/home/vietnq/.espressif/tools/xtensa-esp-elf/esp-14.2.0_20260121/xtensa-esp-elf/xtensa-esp-elf/usr/lib]
  implicit fwks: []


Detecting CXX compiler ABI info compiled with the following output:
Change Dir: /home/vietnq/esp/ota/build/bootloader/CMakeFiles/CMakeTmp

Run Build Command(s):/usr/bin/ninja cmTC_ff6b5 && [1/2] Building CXX object CMakeFiles/cmTC_ff6b5.dir/CMakeCXXCompilerABI.cpp.obj
Using built-in specs.
COLLECT_GCC=/home/vietnq/.espressif/tools/xtensa-esp-elf/esp-14.2.0_20260121/xtensa-esp-elf/bin/xtensa-esp-elf-g++
Target: xtensa-esp-elf
Configured with: /builds/idf/crosstool-NG/.build/xtensa-esp-elf/src/gcc/configure --build=x86_64-build_pc-linux-gnu --host=x86_64-build_pc-linux-gnu --target=xtensa-esp-elf --prefix=/builds/idf/crosstool-NG/builds/xtensa-esp-elf --exec_prefix=/builds/idf/crosstool-NG/builds/xtensa-esp-elf --with-local-prefix=/builds/idf/crosstool-NG/builds/xtensa-esp-elf/xtensa-esp-elf --with-sysroot=/builds/idf/crosstool-NG/builds/xtensa-esp-elf/xtensa-esp-elf --with-native-system-header-dir=/include --with-headers=/builds/idf/crosstool-NG/builds/xtensa-esp-elf/xtensa-esp-elf/include --with-newlib --enable-threads=no --disable-shared --with-pkgversion='crosstool-NG esp-14.2.0_20260121' --disable-__cxa_atexit --enable-cxx-flags='-ffunction-sections -fdata-sections' --disable-libgomp --disable-libmudflap --disable-libmpx --disable-libssp --disable-libquadmath --disable-libquadmath-support --disable-libstdcxx-verbose --with-gmp=/builds/idf/crosstool-NG/.build/xtensa-esp-elf/buildtools --with-mpfr=/builds/idf/crosstool-NG/.build/xtensa-esp-elf/buildtools --with-mpc=/builds/idf/crosstool-NG/.build/xtensa-esp-elf/buildtools --with-isl=/builds/idf/crosstool-NG/.build/xtensa-esp-elf/buildtools --enable-lto --enable-target-optspace --without-long-double-128 --enable-plugin --disable-nls --enable-multiarch --enable-languages=c,c++ --disable-libstdcxx-verbose --enable-threads=posix --enable-libstdcxx-time=yes --disable-win32-utf8-manifest
Thread model: posix
Supported LTO compression algorithms: zlib zstd
gcc version 14.2.0 (crosstool-NG esp-14.2.0_20260121) 
COLLECT_GCC_OPTIONS='-mdynconfig=xtensa_esp32.so' '-Wno-frame-address' '-mlongcalls' '-fno-builtin-memcpy' '-fno-builtin-memset' '-fno-builtin-bzero' '-fno-rtti' '-v' '-o' 'CMakeFiles/cmTC_ff6b5.dir/CMakeCXXCompilerABI.cpp.obj' '-c' '-dumpdir' 'CMakeFiles/cmTC_ff6b5.dir/'
 /home/vietnq/.espressif/tools/xtensa-esp-elf/esp-14.2.0_20260121/xtensa-esp-elf/bin/../libexec/gcc/xtensa-esp-elf/14.2.0/cc1plus -quiet -v -imultilib esp32/no-rtti -iprefix /home/vietnq/.espressif/tools/xtensa-esp-elf/esp-14.2.0_20260121/xtensa-esp-elf/bin/../lib/gcc/xtensa-esp-elf/14.2.0/ -isysroot /home/vietnq/.espressif/tools/xtensa-esp-elf/esp-14.2.0_20260121/xtensa-esp-elf/bin/../xtensa-esp-elf /usr/share/cmake-3.22/Modules/CMakeCXXCompilerABI.cpp -quiet -dumpdir CMakeFiles/cmTC_ff6b5.dir/ -dumpbase CMakeCXXCompilerABI.cpp.cpp -dumpbase-ext .cpp -mdynconfig=xtensa_esp32.so -mlongcalls -Wno-frame-address -version -fno-builtin-memcpy -fno-builtin-memset -fno-builtin-bzero -fno-rtti -o /tmp/ccWcspoD.s
GNU C++17 (crosstool-NG esp-14.2.0_20260121) version 14.2.0 (xtensa-esp-elf)
	compiled by GNU C version 6.3.0, GMP version 6.3.0, MPFR version 4.2.1, MPC version 1.3.1, isl version isl-0.26-GMP

GGC heuristics: --param ggc-min-expand=100 --param ggc-min-heapsize=131072
ignoring duplicate directory "/home/vietnq/.espressif/tools/xtensa-esp-elf/esp-14.2.0_20260121/xtensa-esp-elf/bin/../lib/gcc/../../lib/gcc/xtensa-esp-elf/14.2.0/../../../../xtensa-esp-elf/include/c++/14.2.0"
ignoring duplicate directory "/home/vietnq/.espressif/tools/xtensa-esp-elf/esp-14.2.0_20260121/xtensa-esp-elf/bin/../lib/gcc/../../lib/gcc/xtensa-esp-elf/14.2.0/../../../../xtensa-esp-elf/include/c++/14.2.0/xtensa-esp-elf/esp32/no-rtti"
ignoring duplicate directory "/home/vietnq/.espressif/tools/xtensa-esp-elf/esp-14.2.0_20260121/xtensa-esp-elf/bin/../lib/gcc/../../lib/gcc/xtensa-esp-elf/14.2.0/../../../../xtensa-esp-elf/include/c++/14.2.0/backward"
ignoring duplicate directory "/home/vietnq/.espressif/tools/xtensa-esp-elf/esp-14.2.0_20260121/xtensa-esp-elf/bin/../lib/gcc/../../lib/gcc/xtensa-esp-elf/14.2.0/include"
ignoring nonexistent directory "/home/vietnq/.espressif/tools/xtensa-esp-elf/esp-14.2.0_20260121/xtensa-esp-elf/bin/../xtensa-esp-elf/builds/idf/crosstool-NG/builds/xtensa-esp-elf/xtensa-esp-elf/include"
ignoring duplicate directory "/home/vietnq/.espressif/tools/xtensa-esp-elf/esp-14.2.0_20260121/xtensa-esp-elf/bin/../lib/gcc/../../lib/gcc/xtensa-esp-elf/14.2.0/include-fixed"
ignoring duplicate directory "/home/vietnq/.espressif/tools/xtensa-esp-elf/esp-14.2.0_20260121/xtensa-esp-elf/bin/../lib/gcc/../../lib/gcc/xtensa-esp-elf/14.2.0/../../../../xtensa-esp-elf/include"
ignoring duplicate directory "/home/vietnq/.espressif/tools/xtensa-esp-elf/esp-14.2.0_20260121/xtensa-esp-elf/bin/../xtensa-esp-elf/include"
#include "..." search starts here:
#include <...> search starts here:
 /home/vietnq/.espressif/tools/xtensa-esp-elf/esp-14.2.0_20260121/xtensa-esp-elf/bin/../lib/gcc/xtensa-esp-elf/14.2.0/../../../../xtensa-esp-elf/include/c++/14.2.0
 /home/vietnq/.espressif/tools/xtensa-esp-elf/esp-14.2.0_20260121/xtensa-esp-elf/bin/../lib/gcc/xtensa-esp-elf/14.2.0/../../../../xtensa-esp-elf/include/c++/14.2.0/xtensa-esp-elf/esp32/no-rtti
 /home/vietnq/.espressif/tools/xtensa-esp-elf/esp-14.2.0_20260121/xtensa-esp-elf/bin/../lib/gcc/xtensa-esp-elf/14.2.0/../../../../xtensa-esp-elf/include/c++/14.2.0/backward
 /home/vietnq/.espressif/tools/xtensa-esp-elf/esp-14.2.0_20260121/xtensa-esp-elf/bin/../lib/gcc/xtensa-esp-elf/14.2.0/include
 /home/vietnq/.espressif/tools/xtensa-esp-elf/esp-14.2.0_20260121/xtensa-esp-elf/bin/../lib/gcc/xtensa-esp-elf/14.2.0/include-fixed
 /home/vietnq/.espressif/tools/xtensa-esp-elf/esp-14.2.0_20260121/xtensa-esp-elf/bin/../lib/gcc/xtensa-esp-elf/14.2.0/../../../../xtensa-esp-elf/include
End of search list.
Compiler executable checksum: a254981dd59757a59628c9ca49d36a87
COLLECT_GCC_OPTIONS='-mdynconfig=xtensa_esp32.so' '-Wno-frame-address' '-mlongcalls' '-fno-builtin-memcpy' '-fno-builtin-memset' '-fno-builtin-bzero' '-fno-rtti' '-v' '-o' 'CMakeFiles/cmTC_ff6b5.dir/CMakeCXXCompilerABI.cpp.obj' '-c' '-dumpdir' 'CMakeFiles/cmTC_ff6b5.dir/'
 /home/vietnq/.espressif/tools/xtensa-esp-elf/esp-14.2.0_20260121/xtensa-esp-elf/bin/../lib/gcc/xtensa-esp-elf/14.2.0/../../../../xtensa-esp-elf/bin/as --traditional-format --longcalls --dynconfig=xtensa_esp32.so -o CMakeFiles/cmTC_ff6b5.dir/CMakeCXXCompilerABI.cpp.obj /tmp/ccWcspoD.s
COMPILER_PATH=/home/vietnq/.espressif/tools/xtensa-esp-elf/esp-14.2.0_20260121/xtensa-esp-elf/bin/../libexec/gcc/xtensa-esp-elf/14.2.0/:/home/vietnq/.espressif/tools/xtensa-esp-elf/esp-14.2.0_20260121/xtensa-esp-elf/bin/../libexec/gcc/:/home/vietnq/.espressif/tools/xtensa-esp-elf/esp-14.2.0_20260121/xtensa-esp-elf/bin/../lib/gcc/xtensa-esp-elf/14.2.0/../../../../xtensa-esp-elf/bin/
LIBRARY_PATH=/home/vietnq/.espressif/tools/xtensa-esp-elf/esp-14.2.0_20260121/xtensa-esp-elf/bin/../lib/gcc/xtensa-esp-elf/14.2.0/esp32/no-rtti/:/home/vietnq/.espressif/tools/xtensa-esp-elf/esp-14.2.0_20260121/xtensa-esp-elf/bin/../lib/gcc/xtensa-esp-elf/14.2.0/../../../../xtensa-esp-elf/lib/esp32/no-rtti/:/home/vietnq/.espressif/tools/xtensa-esp-elf/esp-14.2.0_20260121/xtensa-esp-elf/bin/../xtensa-esp-elf/lib/esp32/no-rtti/:/home/vietnq/.espressif/tools/xtensa-esp-elf/esp-14.2.0_20260121/xtensa-esp-elf/bin/../lib/gcc/xtensa-esp-elf/14.2.0/:/home/vietnq/.espressif/tools/xtensa-esp-elf/esp-14.2.0_20260121/xtensa-esp-elf/bin/../lib/gcc/:/home/vietnq/.espressif/tools/xtensa-esp-elf/esp-14.2.0_20260121/xtensa-esp-elf/bin/../lib/gcc/xtensa-esp-elf/14.2.0/../../../../xtensa-esp-elf/lib/:/home/vietnq/.espressif/tools/xtensa-esp-elf/esp-14.2.0_20260121/xtensa-esp-elf/bin/../xtensa-esp-elf/lib/:/home/vietnq/.espressif/tools/xtensa-esp-elf/esp-14.2.0_20260121/xtensa-esp-elf/bin/../xtensa-esp-elf/usr/lib/
COLLECT_GCC_OPTIONS='-mdynconfig=xtensa_esp32.so' '-Wno-frame-address' '-mlongcalls' '-fno-builtin-memcpy' '-fno-builtin-memset' '-fno-builtin-bzero' '-fno-rtti' '-v' '-o' 'CMakeFiles/cmTC_ff6b5.dir/CMakeCXXCompilerABI.cpp.obj' '-c' '-dumpdir' 'CMakeFiles/cmTC_ff6b5.dir/CMakeCXXCompilerABI.cpp.'
[2/2] Linking CXX executable cmTC_ff6b5
Using built-in specs.
COLLECT_GCC=/home/vietnq/.espressif/tools/xtensa-esp-elf/esp-14.2.0_20260121/xtensa-esp-elf/bin/xtensa-esp-elf-g++
COLLECT_LTO_WRAPPER=/home/vietnq/.espressif/tools/xtensa-esp-elf/esp-14.2.0_20260121/xtensa-esp-elf/bin/../libexec/gcc/xtensa-esp-elf/14.2.0/lto-wrapper
Target: xtensa-esp-elf
Configured with: /builds/idf/crosstool-NG/.build/xtensa-esp-elf/src/gcc/configure --build=x86_64-build_pc-linux-gnu --host=x86_64-build_pc-linux-gnu --target=xtensa-esp-elf --prefix=/builds/idf/crosstool-NG/builds/xtensa-esp-elf --exec_prefix=/builds/idf/crosstool-NG/builds/xtensa-esp-elf --with-local-prefix=/builds/idf/crosstool-NG/builds/xtensa-esp-elf/xtensa-esp-elf --with-sysroot=/builds/idf/crosstool-NG/builds/xtensa-esp-elf/xtensa-esp-elf --with-native-system-header-dir=/include --with-headers=/builds/idf/crosstool-NG/builds/xtensa-esp-elf/xtensa-esp-elf/include --with-newlib --enable-threads=no --disable-shared --with-pkgversion='crosstool-NG esp-14.2.0_20260121' --disable-__cxa_atexit --enable-cxx-flags='-ffunction-sections -fdata-sections' --disable-libgomp --disable-libmudflap --disable-libmpx --disable-libssp --disable-libquadmath --disable-libquadmath-support --disable-libstdcxx-verbose --with-gmp=/builds/idf/crosstool-NG/.build/xtensa-esp-elf/buildtools --with-mpfr=/builds/idf/crosstool-NG/.build/xtensa-esp-elf/buildtools --with-mpc=/builds/idf/crosstool-NG/.build/xtensa-esp-elf/buildtools --with-isl=/builds/idf/crosstool-NG/.build/xtensa-esp-elf/buildtools --enable-lto --enable-target-optspace --without-long-double-128 --enable-plugin --disable-nls --enable-multiarch --enable-languages=c,c++ --disable-libstdcxx-verbose --enable-threads=posix --enable-libstdcxx-time=yes --disable-win32-utf8-manifest
Thread model: posix
Supported LTO compression algorithms: zlib zstd
gcc version 14.2.0 (crosstool-NG esp-14.2.0_20260121) 
COMPILER_PATH=/home/vietnq/.espressif/tools/xtensa-esp-elf/esp-14.2.0_20260121/xtensa-esp-elf/bin/../libexec/gcc/xtensa-esp-elf/14.2.0/:/home/vietnq/.espressif/tools/xtensa-esp-elf/esp-14.2.0_20260121/xtensa-esp-elf/bin/../libexec/gcc/:/home/vietnq/.espressif/tools/xtensa-esp-elf/esp-14.2.0_20260121/xtensa-esp-elf/bin/../lib/gcc/xtensa-esp-elf/14.2.0/../../../../xtensa-esp-elf/bin/
LIBRARY_PATH=/home/vietnq/.espressif/tools/xtensa-esp-elf/esp-14.2.0_20260121/xtensa-esp-elf/bin/../lib/gcc/xtensa-esp-elf/14.2.0/esp32/no-rtti/:/home/vietnq/.espressif/tools/xtensa-esp-elf/esp-14.2.0_20260121/xtensa-esp-elf/bin/../lib/gcc/xtensa-esp-elf/14.2.0/../../../../xtensa-esp-elf/lib/esp32/no-rtti/:/home/vietnq/.espressif/tools/xtensa-esp-elf/esp-14.2.0_20260121/xtensa-esp-elf/bin/../xtensa-esp-elf/lib/esp32/no-rtti/:/home/vietnq/.espressif/tools/xtensa-esp-elf/esp-14.2.0_20260121/xtensa-esp-elf/bin/../lib/gcc/xtensa-esp-elf/14.2.0/:/home/vietnq/.espressif/tools/xtensa-esp-elf/esp-14.2.0_20260121/xtensa-esp-elf/bin/../lib/gcc/:/home/vietnq/.espressif/tools/xtensa-esp-elf/esp-14.2.0_20260121/xtensa-esp-elf/bin/../lib/gcc/xtensa-esp-elf/14.2.0/../../../../xtensa-esp-elf/lib/:/home/vietnq/.espressif/tools/xtensa-esp-elf/esp-14.2.0_20260121/xtensa-esp-elf/bin/../xtensa-esp-elf/lib/:/home/vietnq/.espressif/tools/xtensa-esp-elf/esp-14.2.0_20260121/xtensa-esp-elf/bin/../xtensa-esp-elf/usr/lib/
COLLECT_GCC_OPTIONS='-mdynconfig=xtensa_esp32.so' '-Wno-frame-address' '-mlongcalls' '-fno-builtin-memcpy' '-fno-builtin-memset' '-fno-builtin-bzero' '-nostartfiles' '-fno-rtti' '-v' '-o' 'cmTC_ff6b5' '-dumpdir' 'cmTC_ff6b5.'
 /home/vietnq/.espressif/tools/xtensa-esp-elf/esp-14.2.0_20260121/xtensa-esp-elf/bin/../libexec/gcc/xtensa-esp-elf/14.2.0/collect2 -plugin /home/vietnq/.espressif/tools/xtensa-esp-elf/esp-14.2.0_20260121/xtensa-esp-elf/bin/../libexec/gcc/xtensa-esp-elf/14.2.0/liblto_plugin.so -plugin-opt=/home/vietnq/.espressif/tools/xtensa-esp-elf/esp-14.2.0_20260121/xtensa-esp-elf/bin/../libexec/gcc/xtensa-esp-elf/14.2.0/lto-wrapper -plugin-opt=-fresolution=/tmp/ccEkESlZ.res -plugin-opt=-pass-through=-lgcc -plugin-opt=-pass-through=-lc -plugin-opt=-pass-through=-lnosys -plugin-opt=-pass-through=-lc -plugin-opt=-pass-through=-lgcc --sysroot=/home/vietnq/.espressif/tools/xtensa-esp-elf/esp-14.2.0_20260121/xtensa-esp-elf/bin/../xtensa-esp-elf --dynconfig=xtensa_esp32.so -o cmTC_ff6b5 -L/home/vietnq/.espressif/tools/xtensa-esp-elf/esp-14.2.0_20260121/xtensa-esp-elf/bin/../lib/gcc/xtensa-esp-elf/14.2.0/esp32/no-rtti -L/home/vietnq/.espressif/tools/xtensa-esp-elf/esp-14.2.0_20260121/xtensa-esp-elf/bin/../lib/gcc/xtensa-esp-elf/14.2.0/../../../../xtensa-esp-elf/lib/esp32/no-rtti -L/home/vietnq/.espressif/tools/xtensa-esp-elf/esp-14.2.0_20260121/xtensa-esp-elf/bin/../xtensa-esp-elf/lib/esp32/no-rtti -L/home/vietnq/.espressif/tools/xtensa-esp-elf/esp-14.2.0_20260121/xtensa-esp-elf/bin/../lib/gcc/xtensa-esp-elf/14.2.0 -L/home/vietnq/.espressif/tools/xtensa-esp-elf/esp-14.2.0_20260121/xtensa-esp-elf/bin/../lib/gcc -L/home/vietnq/.espressif/tools/xtensa-esp-elf/esp-14.2.0_20260121/xtensa-esp-elf/bin/../lib/gcc/xtensa-esp-elf/14.2.0/../../../../xtensa-esp-elf/lib -L/home/vietnq/.espressif/tools/xtensa-esp-elf/esp-14.2.0_20260121/xtensa-esp-elf/bin/../xtensa-esp-elf/lib -L/home/vietnq/.espressif/tools/xtensa-esp-elf/esp-14.2.0_20260121/xtensa-esp-elf/bin/../xtensa-esp-elf/usr/lib @/tmp/cclXVM3R -lgcc -lc -lnosys -lc -lgcc
/home/vietnq/.espressif/tools/xtensa-esp-elf/esp-14.2.0_20260121/xtensa-esp-elf/bin/../lib/gcc/xtensa-esp-elf/14.2.0/../../../../xtensa-esp-elf/bin/ld: warning: cannot find entry symbol _start; defaulting to 00400054
COLLECT_GCC_OPTIONS='-mdynconfig=xtensa_esp32.so' '-Wno-frame-address' '-mlongcalls' '-fno-builtin-memcpy' '-fno-builtin-memset' '-fno-builtin-bzero' '-nostartfiles' '-fno-rtti' '-v' '-o' 'cmTC_ff6b5' '-dumpdir' 'cmTC_ff6b5.'



Parsed CXX implicit include dir info from above output: rv=done
  found start of include info
  found start of implicit include info
    add: [/home/vietnq/.espressif/tools/xtensa-esp-elf/esp-14.2.0_20260121/xtensa-esp-elf/bin/../lib/gcc/xtensa-esp-elf/14.2.0/../../../../xtensa-esp-elf/include/c++/14.2.0]
    add: [/home/vietnq/.espressif/tools/xtensa-esp-elf/esp-14.2.0_20260121/xtensa-esp-elf/bin/../lib/gcc/xtensa-esp-elf/14.2.0/../../../../xtensa-esp-elf/include/c++/14.2.0/xtensa-esp-elf/esp32/no-rtti]
    add: [/home/vietnq/.espressif/tools/xtensa-esp-elf/esp-14.2.0_20260121/xtensa-esp-elf/bin/../lib/gcc/xtensa-esp-elf/14.2.0/../../../../xtensa-esp-elf/include/c++/14.2.0/backward]
    add: [/home/vietnq/.espressif/tools/xtensa-esp-elf/esp-14.2.0_20260121/xtensa-esp-elf/bin/../lib/gcc/xtensa-esp-elf/14.2.0/include]
    add: [/home/vietnq/.espressif/tools/xtensa-esp-elf/esp-14.2.0_20260121/xtensa-esp-elf/bin/../lib/gcc/xtensa-esp-elf/14.2.0/include-fixed]
    add: [/home/vietnq/.espressif/tools/xtensa-esp-elf/esp-14.2.0_20260121/xtensa-esp-elf/bin/../lib/gcc/xtensa-esp-elf/14.2.0/../../../../xtensa-esp-elf/include]
  end of search list found
  collapse include dir [/home/vietnq/.espressif/tools/xtensa-esp-elf/esp-14.2.0_20260121/xtensa-esp-elf/bin/../lib/gcc/xtensa-esp-elf/14.2.0/../../../../xtensa-esp-elf/include/c++/14.2.0] ==> [/home/vietnq/.espressif/tools/xtensa-esp-elf/esp-14.2.0_20260121/xtensa-esp-elf/xtensa-esp-elf/include/c++/14.2.0]
  collapse include dir [/home/vietnq/.espressif/tools/xtensa-esp-elf/esp-14.2.0_20260121/xtensa-esp-elf/bin/../lib/gcc/xtensa-esp-elf/14.2.0/../../../../xtensa-esp-elf/include/c++/14.2.0/xtensa-esp-elf/esp32/no-rtti] ==> [/home/vietnq/.espressif/tools/xtensa-esp-elf/esp-14.2.0_20260121/xtensa-esp-elf/xtensa-esp-elf/include/c++/14.2.0/xtensa-esp-elf/esp32/no-rtti]
  collapse include dir [/home/vietnq/.espressif/tools/xtensa-esp-elf/esp-14.2.0_20260121/xtensa-esp-elf/bin/../lib/gcc/xtensa-esp-elf/14.2.0/../../../../xtensa-esp-elf/include/c++/14.2.0/backward] ==> [/home/vietnq/.espressif/tools/xtensa-esp-elf/esp-14.2.0_20260121/xtensa-esp-elf/xtensa-esp-elf/include/c++/14.2.0/backward]
  collapse include dir [/home/vietnq/.espressif/tools/xtensa-esp-elf/esp-14.2.0_20260121/xtensa-esp-elf/bin/../lib/gcc/xtensa-esp-elf/14.2.0/include] ==> [/home/vietnq/.espressif/tools/xtensa-esp-elf/esp-14.2.0_20260121/xtensa-esp-elf/lib/gcc/xtensa-esp-elf/14.2.0/include]
  collapse include dir [/home/vietnq/.espressif/tools/xtensa-esp-elf/esp-14.2.0_20260121/xtensa-esp-elf/bin/../lib/gcc/xtensa-esp-elf/14.2.0/include-fixed] ==> [/home/vietnq/.espressif/tools/xtensa-esp-elf/esp-14.2.0_20260121/xtensa-esp-elf/lib/gcc/xtensa-esp-elf/14.2.0/include-fixed]
  collapse include dir [/home/vietnq/.espressif/tools/xtensa-esp-elf/esp-14.2.0_20260121/xtensa-esp-elf/bin/../lib/gcc/xtensa-esp-elf/14.2.0/../../../../xtensa-esp-elf/include] ==> [/home/vietnq/.espressif/tools/xtensa-esp-elf/esp-14.2.0_20260121/xtensa-esp-elf/xtensa-esp-elf/include]
  implicit include dirs: [/home/vietnq/.espressif/tools/xtensa-esp-elf/esp-14.2.0_20260121/xtensa-esp-elf/xtensa-esp-elf/include/c++/14.2.0;/home/vietnq/.espressif/tools/xtensa-esp-elf/esp-14.2.0_20260121/xtensa-esp-elf/xtensa-esp-elf/include/c++/14.2.0/xtensa-esp-elf/esp32/no-rtti;/home/vietnq/.espressif/tools/xtensa-esp-elf/esp-14.2.0_20260121/xtensa-esp-elf/xtensa-esp-elf/include/c++/14.2.0/backward;/home/vietnq/.espressif/tools/xtensa-esp-elf/esp-14.2.0_20260121/xtensa-esp-elf/lib/gcc/xtensa-esp-elf/14.2.0/include;/home/vietnq/.espressif/tools/xtensa-esp-elf/esp-14.2.0_20260121/xtensa-esp-elf/lib/gcc/xtensa-esp-elf/14.2.0/include-fixed;/home/vietnq/.espressif/tools/xtensa-esp-elf/esp-14.2.0_20260121/xtensa-esp-elf/xtensa-esp-elf/include]


Parsed CXX implicit link information from above output:
  link line regex: [^( *|.*[/\])(xtensa-esp32-elf-ld|CMAKE_LINK_STARTFILE-NOTFOUND|([^/\]+-)?ld|collect2)[^/\]*( |$)]
  ignore line: [Change Dir: /home/vietnq/esp/ota/build/bootloader/CMakeFiles/CMakeTmp]
  ignore line: []
  ignore line: [Run Build Command(s):/usr/bin/ninja cmTC_ff6b5 && [1/2] Building CXX object CMakeFiles/cmTC_ff6b5.dir/CMakeCXXCompilerABI.cpp.obj]
  ignore line: [Using built-in specs.]
  ignore line: [COLLECT_GCC=/home/vietnq/.espressif/tools/xtensa-esp-elf/esp-14.2.0_20260121/xtensa-esp-elf/bin/xtensa-esp-elf-g++]
  ignore line: [Target: xtensa-esp-elf]
  ignore line: [Configured with: /builds/idf/crosstool-NG/.build/xtensa-esp-elf/src/gcc/configure --build=x86_64-build_pc-linux-gnu --host=x86_64-build_pc-linux-gnu --target=xtensa-esp-elf --prefix=/builds/idf/crosstool-NG/builds/xtensa-esp-elf --exec_prefix=/builds/idf/crosstool-NG/builds/xtensa-esp-elf --with-local-prefix=/builds/idf/crosstool-NG/builds/xtensa-esp-elf/xtensa-esp-elf --with-sysroot=/builds/idf/crosstool-NG/builds/xtensa-esp-elf/xtensa-esp-elf --with-native-system-header-dir=/include --with-headers=/builds/idf/crosstool-NG/builds/xtensa-esp-elf/xtensa-esp-elf/include --with-newlib --enable-threads=no --disable-shared --with-pkgversion='crosstool-NG esp-14.2.0_20260121' --disable-__cxa_atexit --enable-cxx-flags='-ffunction-sections -fdata-sections' --disable-libgomp --disable-libmudflap --disable-libmpx --disable-libssp --disable-libquadmath --disable-libquadmath-support --disable-libstdcxx-verbose --with-gmp=/builds/idf/crosstool-NG/.build/xtensa-esp-elf/buildtools --with-mpfr=/builds/idf/crosstool-NG/.build/xtensa-esp-elf/buildtools --with-mpc=/builds/idf/crosstool-NG/.build/xtensa-esp-elf/buildtools --with-isl=/builds/idf/crosstool-NG/.build/xtensa-esp-elf/buildtools --enable-lto --enable-target-optspace --without-long-double-128 --enable-plugin --disable-nls --enable-multiarch --enable-languages=c c++ --disable-libstdcxx-verbose --enable-threads=posix --enable-libstdcxx-time=yes --disable-win32-utf8-manifest]
  ignore line: [Thread model: posix]
  ignore line: [Supported LTO compression algorithms: zlib zstd]
  ignore line: [gcc version 14.2.0 (crosstool-NG esp-14.2.0_20260121) ]
  ignore line: [COLLECT_GCC_OPTIONS='-mdynconfig=xtensa_esp32.so' '-Wno-frame-address' '-mlongcalls' '-fno-builtin-memcpy' '-fno-builtin-memset' '-fno-builtin-bzero' '-fno-rtti' '-v' '-o' 'CMakeFiles/cmTC_ff6b5.dir/CMakeCXXCompilerABI.cpp.obj' '-c' '-dumpdir' 'CMakeFiles/cmTC_ff6b5.dir/']
  ignore line: [ /home/vietnq/.espressif/tools/xtensa-esp-elf/esp-14.2.0_20260121/xtensa-esp-elf/bin/../libexec/gcc/xtensa-esp-elf/14.2.0/cc1plus -quiet -v -imultilib esp32/no-rtti -iprefix /home/vietnq/.espressif/tools/xtensa-esp-elf/esp-14.2.0_20260121/xtensa-esp-elf/bin/../lib/gcc/xtensa-esp-elf/14.2.0/ -isysroot /home/vietnq/.espressif/tools/xtensa-esp-elf/esp-14.2.0_20260121/xtensa-esp-elf/bin/../xtensa-esp-elf /usr/share/cmake-3.22/Modules/CMakeCXXCompilerABI.cpp -quiet -dumpdir CMakeFiles/cmTC_ff6b5.dir/ -dumpbase CMakeCXXCompilerABI.cpp.cpp -dumpbase-ext .cpp -mdynconfig=xtensa_esp32.so -mlongcalls -Wno-frame-address -version -fno-builtin-memcpy -fno-builtin-memset -fno-builtin-bzero -fno-rtti -o /tmp/ccWcspoD.s]
  ignore line: [GNU C++17 (crosstool-NG esp-14.2.0_20260121) version 14.2.0 (xtensa-esp-elf)]
  ignore line: [	compiled by GNU C version 6.3.0  GMP version 6.3.0  MPFR version 4.2.1  MPC version 1.3.1  isl version isl-0.26-GMP]
  ignore line: []
  ignore line: [GGC heuristics: --param ggc-min-expand=100 --param ggc-min-heapsize=131072]
  ignore line: [ignoring duplicate directory "/home/vietnq/.espressif/tools/xtensa-esp-elf/esp-14.2.0_20260121/xtensa-esp-elf/bin/../lib/gcc/../../lib/gcc/xtensa-esp-elf/14.2.0/../../../../xtensa-esp-elf/include/c++/14.2.0"]
  ignore line: [ignoring duplicate directory "/home/vietnq/.espressif/tools/xtensa-esp-elf/esp-14.2.0_20260121/xtensa-esp-elf/bin/../lib/gcc/../../lib/gcc/xtensa-esp-elf/14.2.0/../../../../xtensa-esp-elf/include/c++/14.2.0/xtensa-esp-elf/esp32/no-rtti"]
  ignore line: [ignoring duplicate directory "/home/vietnq/.espressif/tools/xtensa-esp-elf/esp-14.2.0_20260121/xtensa-esp-elf/bin/../lib/gcc/../../lib/gcc/xtensa-esp-elf/14.2.0/../../../../xtensa-esp-elf/include/c++/14.2.0/backward"]
  ignore line: [ignoring duplicate directory "/home/vietnq/.espressif/tools/xtensa-esp-elf/esp-14.2.0_20260121/xtensa-esp-elf/bin/../lib/gcc/../../lib/gcc/xtensa-esp-elf/14.2.0/include"]
  ignore line: [ignoring nonexistent directory "/home/vietnq/.espressif/tools/xtensa-esp-elf/esp-14.2.0_20260121/xtensa-esp-elf/bin/../xtensa-esp-elf/builds/idf/crosstool-NG/builds/xtensa-esp-elf/xtensa-esp-elf/include"]
  ignore line: [ignoring duplicate directory "/home/vietnq/.espressif/tools/xtensa-esp-elf/esp-14.2.0_20260121/xtensa-esp-elf/bin/../lib/gcc/../../lib/gcc/xtensa-esp-elf/14.2.0/include-fixed"]
  ignore line: [ignoring duplicate directory "/home/vietnq/.espressif/tools/xtensa-esp-elf/esp-14.2.0_20260121/xtensa-esp-elf/bin/../lib/gcc/../../lib/gcc/xtensa-esp-elf/14.2.0/../../../../xtensa-esp-elf/include"]
  ignore line: [ignoring duplicate directory "/home/vietnq/.espressif/tools/xtensa-esp-elf/esp-14.2.0_20260121/xtensa-esp-elf/bin/../xtensa-esp-elf/include"]
  ignore line: [#include "..." search starts here:]
  ignore line: [#include <...> search starts here:]
  ignore line: [ /home/vietnq/.espressif/tools/xtensa-esp-elf/esp-14.2.0_20260121/xtensa-esp-elf/bin/../lib/gcc/xtensa-esp-elf/14.2.0/../../../../xtensa-esp-elf/include/c++/14.2.0]
  ignore line: [ /home/vietnq/.espressif/tools/xtensa-esp-elf/esp-14.2.0_20260121/xtensa-esp-elf/bin/../lib/gcc/xtensa-esp-elf/14.2.0/../../../../xtensa-esp-elf/include/c++/14.2.0/xtensa-esp-elf/esp32/no-rtti]
  ignore line: [ /home/vietnq/.espressif/tools/xtensa-esp-elf/esp-14.2.0_20260121/xtensa-esp-elf/bin/../lib/gcc/xtensa-esp-elf/14.2.0/../../../../xtensa-esp-elf/include/c++/14.2.0/backward]
  ignore line: [ /home/vietnq/.espressif/tools/xtensa-esp-elf/esp-14.2.0_20260121/xtensa-esp-elf/bin/../lib/gcc/xtensa-esp-elf/14.2.0/include]
  ignore line: [ /home/vietnq/.espressif/tools/xtensa-esp-elf/esp-14.2.0_20260121/xtensa-esp-elf/bin/../lib/gcc/xtensa-esp-elf/14.2.0/include-fixed]
  ignore line: [ /home/vietnq/.espressif/tools/xtensa-esp-elf/esp-14.2.0_20260121/xtensa-esp-elf/bin/../lib/gcc/xtensa-esp-elf/14.2.0/../../../../xtensa-esp-elf/include]
  ignore line: [End of search list.]
  ignore line: [Compiler executable checksum: a254981dd59757a59628c9ca49d36a87]
  ignore line: [COLLECT_GCC_OPTIONS='-mdynconfig=xtensa_esp32.so' '-Wno-frame-address' '-mlongcalls' '-fno-builtin-memcpy' '-fno-builtin-memset' '-fno-builtin-bzero' '-fno-rtti' '-v' '-o' 'CMakeFiles/cmTC_ff6b5.dir/CMakeCXXCompilerABI.cpp.obj' '-c' '-dumpdir' 'CMakeFiles/cmTC_ff6b5.dir/']
  ignore line: [ /home/vietnq/.espressif/tools/xtensa-esp-elf/esp-14.2.0_20260121/xtensa-esp-elf/bin/../lib/gcc/xtensa-esp-elf/14.2.0/../../../../xtensa-esp-elf/bin/as --traditional-format --longcalls --dynconfig=xtensa_esp32.so -o CMakeFiles/cmTC_ff6b5.dir/CMakeCXXCompilerABI.cpp.obj /tmp/ccWcspoD.s]
  ignore line: [COMPILER_PATH=/home/vietnq/.espressif/tools/xtensa-esp-elf/esp-14.2.0_20260121/xtensa-esp-elf/bin/../libexec/gcc/xtensa-esp-elf/14.2.0/:/home/vietnq/.espressif/tools/xtensa-esp-elf/esp-14.2.0_20260121/xtensa-esp-elf/bin/../libexec/gcc/:/home/vietnq/.espressif/tools/xtensa-esp-elf/esp-14.2.0_20260121/xtensa-esp-elf/bin/../lib/gcc/xtensa-esp-elf/14.2.0/../../../../xtensa-esp-elf/bin/]
  ignore line: [LIBRARY_PATH=/home/vietnq/.espressif/tools/xtensa-esp-elf/esp-14.2.0_20260121/xtensa-esp-elf/bin/../lib/gcc/xtensa-esp-elf/14.2.0/esp32/no-rtti/:/home/vietnq/.espressif/tools/xtensa-esp-elf/esp-14.2.0_20260121/xtensa-esp-elf/bin/../lib/gcc/xtensa-esp-elf/14.2.0/../../../../xtensa-esp-elf/lib/esp32/no-rtti/:/home/vietnq/.espressif/tools/xtensa-esp-elf/esp-14.2.0_20260121/xtensa-esp-elf/bin/../xtensa-esp-elf/lib/esp32/no-rtti/:/home/vietnq/.espressif/tools/xtensa-esp-elf/esp-14.2.0_20260121/xtensa-esp-elf/bin/../lib/gcc/xtensa-esp-elf/14.2.0/:/home/vietnq/.espressif/tools/xtensa-esp-elf/esp-14.2.0_20260121/xtensa-esp-elf/bin/../lib/gcc/:/home/vietnq/.espressif/tools/xtensa-esp-elf/esp-14.2.0_20260121/xtensa-esp-elf/bin/../lib/gcc/xtensa-esp-elf/14.2.0/../../../../xtensa-esp-elf/lib/:/home/vietnq/.espressif/tools/xtensa-esp-elf/esp-14.2.0_20260121/xtensa-esp-elf/bin/../xtensa-esp-elf/lib/:/home/vietnq/.espressif/tools/xtensa-esp-elf/esp-14.2.0_20260121/xtensa-esp-elf/bin/../xtensa-esp-elf/usr/lib/]
  ignore line: [COLLECT_GCC_OPTIONS='-mdynconfig=xtensa_esp32.so' '-Wno-frame-address' '-mlongcalls' '-fno-builtin-memcpy' '-fno-builtin-memset' '-fno-builtin-bzero' '-fno-rtti' '-v' '-o' 'CMakeFiles/cmTC_ff6b5.dir/CMakeCXXCompilerABI.cpp.obj' '-c' '-dumpdir' 'CMakeFiles/cmTC_ff6b5.dir/CMakeCXXCompilerABI.cpp.']
  ignore line: [[2/2] Linking CXX executable cmTC_ff6b5]
  ignore line: [Using built-in specs.]
  ignore line: [COLLECT_GCC=/home/vietnq/.espressif/tools/xtensa-esp-elf/esp-14.2.0_20260121/xtensa-esp-elf/bin/xtensa-esp-elf-g++]
  ignore line: [COLLECT_LTO_WRAPPER=/home/vietnq/.espressif/tools/xtensa-esp-elf/esp-14.2.0_20260121/xtensa-esp-elf/bin/../libexec/gcc/xtensa-esp-elf/14.2.0/lto-wrapper]
  ignore line: [Target: xtensa-esp-elf]
  ignore line: [Configured with: /builds/idf/crosstool-NG/.build/xtensa-esp-elf/src/gcc/configure --build=x86_64-build_pc-linux-gnu --host=x86_64-build_pc-linux-gnu --target=xtensa-esp-elf --prefix=/builds/idf/crosstool-NG/builds/xtensa-esp-elf --exec_prefix=/builds/idf/crosstool-NG/builds/xtensa-esp-elf --with-local-prefix=/builds/idf/crosstool-NG/builds/xtensa-esp-elf/xtensa-esp-elf --with-sysroot=/builds/idf/crosstool-NG/builds/xtensa-esp-elf/xtensa-esp-elf --with-native-system-header-dir=/include --with-headers=/builds/idf/crosstool-NG/builds/xtensa-esp-elf/xtensa-esp-elf/include --with-newlib --enable-threads=no --disable-shared --with-pkgversion='crosstool-NG esp-14.2.0_20260121' --disable-__cxa_atexit --enable-cxx-flags='-ffunction-sections -fdata-sections' --disable-libgomp --disable-libmudflap --disable-libmpx --disable-libssp --disable-libquadmath --disable-libquadmath-support --disable-libstdcxx-verbose --with-gmp=/builds/idf/crosstool-NG/.build/xtensa-esp-elf/buildtools --with-mpfr=/builds/idf/crosstool-NG/.build/xtensa-esp-elf/buildtools --with-mpc=/builds/idf/crosstool-NG/.build/xtensa-esp-elf/buildtools --with-isl=/builds/idf/crosstool-NG/.build/xtensa-esp-elf/buildtools --enable-lto --enable-target-optspace --without-long-double-128 --enable-plugin --disable-nls --enable-multiarch --enable-languages=c c++ --disable-libstdcxx-verbose --enable-threads=posix --enable-libstdcxx-time=yes --disable-win32-utf8-manifest]
  ignore line: [Thread model: posix]
  ignore line: [Supported LTO compression algorithms: zlib zstd]
  ignore line: [gcc version 14.2.0 (crosstool-NG esp-14.2.0_20260121) ]
  ignore line: [COMPILER_PATH=/home/vietnq/.espressif/tools/xtensa-esp-elf/esp-14.2.0_20260121/xtensa-esp-elf/bin/../libexec/gcc/xtensa-esp-elf/14.2.0/:/home/vietnq/.espressif/tools/xtensa-esp-elf/esp-14.2.0_20260121/xtensa-esp-elf/bin/../libexec/gcc/:/home/vietnq/.espressif/tools/xtensa-esp-elf/esp-14.2.0_20260121/xtensa-esp-elf/bin/../lib/gcc/xtensa-esp-elf/14.2.0/../../../../xtensa-esp-elf/bin/]
  ignore line: [LIBRARY_PATH=/home/vietnq/.espressif/tools/xtensa-esp-elf/esp-14.2.0_20260121/xtensa-esp-elf/bin/../lib/gcc/xtensa-esp-elf/14.2.0/esp32/no-rtti/:/home/vietnq/.espressif/tools/xtensa-esp-elf/esp-14.2.0_20260121/xtensa-esp-elf/bin/../lib/gcc/xtensa-esp-elf/14.2.0/../../../../xtensa-esp-elf/lib/esp32/no-rtti/:/home/vietnq/.espressif/tools/xtensa-esp-elf/esp-14.2.0_20260121/xtensa-esp-elf/bin/../xtensa-esp-elf/lib/esp32/no-rtti/:/home/vietnq/.espressif/tools/xtensa-esp-elf/esp-14.2.0_20260121/xtensa-esp-elf/bin/../lib/gcc/xtensa-esp-elf/14.2.0/:/home/vietnq/.espressif/tools/xtensa-esp-elf/esp-14.2.0_20260121/xtensa-esp-elf/bin/../lib/gcc/:/home/vietnq/.espressif/tools/xtensa-esp-elf/esp-14.2.0_20260121/xtensa-esp-elf/bin/../lib/gcc/xtensa-esp-elf/14.2.0/../../../../xtensa-esp-elf/lib/:/home/vietnq/.espressif/tools/xtensa-esp-elf/esp-14.2.0_20260121/xtensa-esp-elf/bin/../xtensa-esp-elf/lib/:/home/vietnq/.espressif/tools/xtensa-esp-elf/esp-14.2.0_20260121/xtensa-esp-elf/bin/../xtensa-esp-elf/usr/lib/]
  ignore line: [COLLECT_GCC_OPTIONS='-mdynconfig=xtensa_esp32.so' '-Wno-frame-address' '-mlongcalls' '-fno-builtin-memcpy' '-fno-builtin-memset' '-fno-builtin-bzero' '-nostartfiles' '-fno-rtti' '-v' '-o' 'cmTC_ff6b5' '-dumpdir' 'cmTC_ff6b5.']
  link line: [ /home/vietnq/.espressif/tools/xtensa-esp-elf/esp-14.2.0_20260121/xtensa-esp-elf/bin/../libexec/gcc/xtensa-esp-elf/14.2.0/collect2 -plugin /home/vietnq/.espressif/tools/xtensa-esp-elf/esp-14.2.0_20260121/xtensa-esp-elf/bin/../libexec/gcc/xtensa-esp-elf/14.2.0/liblto_plugin.so -plugin-opt=/home/vietnq/.espressif/tools/xtensa-esp-elf/esp-14.2.0_20260121/xtensa-esp-elf/bin/../libexec/gcc/xtensa-esp-elf/14.2.0/lto-wrapper -plugin-opt=-fresolution=/tmp/ccEkESlZ.res -plugin-opt=-pass-through=-lgcc -plugin-opt=-pass-through=-lc -plugin-opt=-pass-through=-lnosys -plugin-opt=-pass-through=-lc -plugin-opt=-pass-through=-lgcc --sysroot=/home/vietnq/.espressif/tools/xtensa-esp-elf/esp-14.2.0_20260121/xtensa-esp-elf/bin/../xtensa-esp-elf --dynconfig=xtensa_esp32.so -o cmTC_ff6b5 -L/home/vietnq/.espressif/tools/xtensa-esp-elf/esp-14.2.0_20260121/xtensa-esp-elf/bin/../lib/gcc/xtensa-esp-elf/14.2.0/esp32/no-rtti -L/home/vietnq/.espressif/tools/xtensa-esp-elf/esp-14.2.0_20260121/xtensa-esp-elf/bin/../lib/gcc/xtensa-esp-elf/14.2.0/../../../../xtensa-esp-elf/lib/esp32/no-rtti -L/home/vietnq/.espressif/tools/xtensa-esp-elf/esp-14.2.0_20260121/xtensa-esp-elf/bin/../xtensa-esp-elf/lib/esp32/no-rtti -L/home/vietnq/.espressif/tools/xtensa-esp-elf/esp-14.2.0_20260121/xtensa-esp-elf/bin/../lib/gcc/xtensa-esp-elf/14.2.0 -L/home/vietnq/.espressif/tools/xtensa-esp-elf/esp-14.2.0_20260121/xtensa-esp-elf/bin/../lib/gcc -L/home/vietnq/.espressif/tools/xtensa-esp-elf/esp-14.2.0_20260121/xtensa-esp-elf/bin/../lib/gcc/xtensa-esp-elf/14.2.0/../../../../xtensa-esp-elf/lib -L/home/vietnq/.espressif/tools/xtensa-esp-elf/esp-14.2.0_20260121/xtensa-esp-elf/bin/../xtensa-esp-elf/lib -L/home/vietnq/.espressif/tools/xtensa-esp-elf/esp-14.2.0_20260121/xtensa-esp-elf/bin/../xtensa-esp-elf/usr/lib @/tmp/cclXVM3R -lgcc -lc -lnosys -lc -lgcc]
    arg [/home/vietnq/.espressif/tools/xtensa-esp-elf/esp-14.2.0_20260121/xtensa-esp-elf/bin/../libexec/gcc/xtensa-esp-elf/14.2.0/collect2] ==> ignore
    arg [-plugin] ==> ignore
    arg [/home/vietnq/.espressif/tools/xtensa-esp-elf/esp-14.2.0_20260121/xtensa-esp-elf/bin/../libexec/gcc/xtensa-esp-elf/14.2.0/liblto_plugin.so] ==> ignore
    arg [-plugin-opt=/home/vietnq/.espressif/tools/xtensa-esp-elf/esp-14.2.0_20260121/xtensa-esp-elf/bin/../libexec/gcc/xtensa-esp-elf/14.2.0/lto-wrapper] ==> ignore
    arg [-plugin-opt=-fresolution=/tmp/ccEkESlZ.res] ==> ignore
    arg [-plugin-opt=-pass-through=-lgcc] ==> ignore
    arg [-plugin-opt=-pass-through=-lc] ==> ignore
    arg [-plugin-opt=-pass-through=-lnosys] ==> ignore
    arg [-plugin-opt=-pass-through=-lc] ==> ignore
    arg [-plugin-opt=-pass-through=-lgcc] ==> ignore
    arg [--sysroot=/home/vietnq/.espressif/tools/xtensa-esp-elf/esp-14.2.0_20260121/xtensa-esp-elf/bin/../xtensa-esp-elf] ==> ignore
    arg [--dynconfig=xtensa_esp32.so] ==> ignore
    arg [-o] ==> ignore
    arg [cmTC_ff6b5] ==> ignore
    arg [-L/home/vietnq/.espressif/tools/xtensa-esp-elf/esp-14.2.0_20260121/xtensa-esp-elf/bin/../lib/gcc/xtensa-esp-elf/14.2.0/esp32/no-rtti] ==> dir [/home/vietnq/.espressif/tools/xtensa-esp-elf/esp-14.2.0_20260121/xtensa-esp-elf/bin/../lib/gcc/xtensa-esp-elf/14.2.0/esp32/no-rtti]
    arg [-L/home/vietnq/.espressif/tools/xtensa-esp-elf/esp-14.2.0_20260121/xtensa-esp-elf/bin/../lib/gcc/xtensa-esp-elf/14.2.0/../../../../xtensa-esp-elf/lib/esp32/no-rtti] ==> dir [/home/vietnq/.espressif/tools/xtensa-esp-elf/esp-14.2.0_20260121/xtensa-esp-elf/bin/../lib/gcc/xtensa-esp-elf/14.2.0/../../../../xtensa-esp-elf/lib/esp32/no-rtti]
    arg [-L/home/vietnq/.espressif/tools/xtensa-esp-elf/esp-14.2.0_20260121/xtensa-esp-elf/bin/../xtensa-esp-elf/lib/esp32/no-rtti] ==> dir [/home/vietnq/.espressif/tools/xtensa-esp-elf/esp-14.2.0_20260121/xtensa-esp-elf/bin/../xtensa-esp-elf/lib/esp32/no-rtti]
    arg [-L/home/vietnq/.espressif/tools/xtensa-esp-elf/esp-14.2.0_20260121/xtensa-esp-elf/bin/../lib/gcc/xtensa-esp-elf/14.2.0] ==> dir [/home/vietnq/.espressif/tools/xtensa-esp-elf/esp-14.2.0_20260121/xtensa-esp-elf/bin/../lib/gcc/xtensa-esp-elf/14.2.0]
    arg [-L/home/vietnq/.espressif/tools/xtensa-esp-elf/esp-14.2.0_20260121/xtensa-esp-elf/bin/../lib/gcc] ==> dir [/home/vietnq/.espressif/tools/xtensa-esp-elf/esp-14.2.0_20260121/xtensa-esp-elf/bin/../lib/gcc]
    arg [-L/home/vietnq/.espressif/tools/xtensa-esp-elf/esp-14.2.0_20260121/xtensa-esp-elf/bin/../lib/gcc/xtensa-esp-elf/14.2.0/../../../../xtensa-esp-elf/lib] ==> dir [/home/vietnq/.espressif/tools/xtensa-esp-elf/esp-14.2.0_20260121/xtensa-esp-elf/bin/../lib/gcc/xtensa-esp-elf/14.2.0/../../../../xtensa-esp-elf/lib]
    arg [-L/home/vietnq/.espressif/tools/xtensa-esp-elf/esp-14.2.0_20260121/xtensa-esp-elf/bin/../xtensa-esp-elf/lib] ==> dir [/home/vietnq/.espressif/tools/xtensa-esp-elf/esp-14.2.0_20260121/xtensa-esp-elf/bin/../xtensa-esp-elf/lib]
    arg [-L/home/vietnq/.espressif/tools/xtensa-esp-elf/esp-14.2.0_20260121/xtensa-esp-elf/bin/../xtensa-esp-elf/usr/lib] ==> dir [/home/vietnq/.espressif/tools/xtensa-esp-elf/esp-14.2.0_20260121/xtensa-esp-elf/bin/../xtensa-esp-elf/usr/lib]
    arg [@/tmp/cclXVM3R] ==> ignore
    arg [-lgcc] ==> lib [gcc]
    arg [-lc] ==> lib [c]
    arg [-lnosys] ==> lib [nosys]
    arg [-lc] ==> lib [c]
    arg [-lgcc] ==> lib [gcc]
  collapse library dir [/home/vietnq/.espressif/tools/xtensa-esp-elf/esp-14.2.0_20260121/xtensa-esp-elf/bin/../lib/gcc/xtensa-esp-elf/14.2.0/esp32/no-rtti] ==> [/home/vietnq/.espressif/tools/xtensa-esp-elf/esp-14.2.0_20260121/xtensa-esp-elf/lib/gcc/xtensa-esp-elf/14.2.0/esp32/no-rtti]
  collapse library dir [/home/vietnq/.espressif/tools/xtensa-esp-elf/esp-14.2.0_20260121/xtensa-esp-elf/bin/../lib/gcc/xtensa-esp-elf/14.2.0/../../../../xtensa-esp-elf/lib/esp32/no-rtti] ==> [/home/vietnq/.espressif/tools/xtensa-esp-elf/esp-14.2.0_20260121/xtensa-esp-elf/xtensa-esp-elf/lib/esp32/no-rtti]
  collapse library dir [/home/vietnq/.espressif/tools/xtensa-esp-elf/esp-14.2.0_20260121/xtensa-esp-elf/bin/../xtensa-esp-elf/lib/esp32/no-rtti] ==> [/home/vietnq/.espressif/tools/xtensa-esp-elf/esp-14.2.0_20260121/xtensa-esp-elf/xtensa-esp-elf/lib/esp32/no-rtti]
  collapse library dir [/home/vietnq/.espressif/tools/xtensa-esp-elf/esp-14.2.0_20260121/xtensa-esp-elf/bin/../lib/gcc/xtensa-esp-elf/14.2.0] ==> [/home/vietnq/.espressif/tools/xtensa-esp-elf/esp-14.2.0_20260121/xtensa-esp-elf/lib/gcc/xtensa-esp-elf/14.2.0]
  collapse library dir [/home/vietnq/.espressif/tools/xtensa-esp-elf/esp-14.2.0_20260121/xtensa-esp-elf/bin/../lib/gcc] ==> [/home/vietnq/.espressif/tools/xtensa-esp-elf/esp-14.2.0_20260121/xtensa-esp-elf/lib/gcc]
  collapse library dir [/home/vietnq/.espressif/tools/xtensa-esp-elf/esp-14.2.0_20260121/xtensa-esp-elf/bin/../lib/gcc/xtensa-esp-elf/14.2.0/../../../../xtensa-esp-elf/lib] ==> [/home/vietnq/.espressif/tools/xtensa-esp-elf/esp-14.2.0_20260121/xtensa-esp-elf/xtensa-esp-elf/lib]
  collapse library dir [/home/vietnq/.espressif/tools/xtensa-esp-elf/esp-14.2.0_20260121/xtensa-esp-elf/bin/../xtensa-esp-elf/lib] ==> [/home/vietnq/.espressif/tools/xtensa-esp-elf/esp-14.2.0_20260121/xtensa-esp-elf/xtensa-esp-elf/lib]
  collapse library dir [/home/vietnq/.espressif/tools/xtensa-esp-elf/esp-14.2.0_20260121/xtensa-esp-elf/bin/../xtensa-esp-elf/usr/lib] ==> [/home/vietnq/.espressif/tools/xtensa-esp-elf/esp-14.2.0_20260121/xtensa-esp-elf/xtensa-esp-elf/usr/lib]
  implicit libs: [gcc;c;nosys;c;gcc]
  implicit objs: []
  implicit dirs: [/home/vietnq/.espressif/tools/xtensa-esp-elf/esp-14.2.0_20260121/xtensa-esp-elf/lib/gcc/xtensa-esp-elf/14.2.0/esp32/no-rtti;/home/vietnq/.espressif/tools/xtensa-esp-elf/esp-14.2.0_20260121/xtensa-esp-elf/xtensa-esp-elf/lib/esp32/no-rtti;/home/vietnq/.espressif/tools/xtensa-esp-elf/esp-14.2.0_20260121/xtensa-esp-elf/lib/gcc/xtensa-esp-elf/14.2.0;/home/vietnq/.espressif/tools/xtensa-esp-elf/esp-14.2.0_20260121/xtensa-esp-elf/lib/gcc;/home/vietnq/.espressif/tools/xtensa-esp-elf/esp-14.2.0_20260121/xtensa-esp-elf/xtensa-esp-elf/lib;/home/vietnq/.espressif/tools/xtensa-esp-elf/esp-14.2.0_20260121/xtensa-esp-elf/xtensa-esp-elf/usr/lib]
  implicit fwks: []


Detecting C compiler ABI info compiled with the following output:
Change Dir: /home/vietnq/esp/ota/build/bootloader/CMakeFiles/CMakeTmp

Run Build Command(s):/usr/bin/ninja cmTC_88da7 && [1/2] Building C object CMakeFiles/cmTC_88da7.dir/CMakeCCompilerABI.c.obj
Using built-in specs.
COLLECT_GCC=/home/vietnq/.espressif/tools/xtensa-esp-elf/esp-14.2.0_20260121/xtensa-esp-elf/bin/xtensa-esp-elf-gcc
Target: xtensa-esp-elf
Configured with: /builds/idf/crosstool-NG/.build/xtensa-esp-elf/src/gcc/configure --build=x86_64-build_pc-linux-gnu --host=x86_64-build_pc-linux-gnu --target=xtensa-esp-elf --prefix=/builds/idf/crosstool-NG/builds/xtensa-esp-elf --exec_prefix=/builds/idf/crosstool-NG/builds/xtensa-esp-elf --with-local-prefix=/builds/idf/crosstool-NG/builds/xtensa-esp-elf/xtensa-esp-elf --with-sysroot=/builds/idf/crosstool-NG/builds/xtensa-esp-elf/xtensa-esp-elf --with-native-system-header-dir=/include --with-headers=/builds/idf/crosstool-NG/builds/xtensa-esp-elf/xtensa-esp-elf/include --with-newlib --enable-threads=no --disable-shared --with-pkgversion='crosstool-NG esp-14.2.0_20260121' --disable-__cxa_atexit --enable-cxx-flags='-ffunction-sections -fdata-sections' --disable-libgomp --disable-libmudflap --disable-libmpx --disable-libssp --disable-libquadmath --disable-libquadmath-support --disable-libstdcxx-verbose --with-gmp=/builds/idf/crosstool-NG/.build/xtensa-esp-elf/buildtools --with-mpfr=/builds/idf/crosstool-NG/.build/xtensa-esp-elf/buildtools --with-mpc=/builds/idf/crosstool-NG/.build/xtensa-esp-elf/buildtools --with-isl=/builds/idf/crosstool-NG/.build/xtensa-esp-elf/buildtools --enable-lto --enable-target-optspace --without-long-double-128 --enable-plugin --disable-nls --enable-multiarch --enable-languages=c,c++ --disable-libstdcxx-verbose --enable-threads=posix --enable-libstdcxx-time=yes --disable-win32-utf8-manifest
Thread model: posix
Supported LTO compression algorithms: zlib zstd
gcc version 14.2.0 (crosstool-NG esp-14.2.0_20260121) 
COLLECT_GCC_OPTIONS='-mdynconfig=xtensa_esp32.so' '-Wno-frame-address' '-mlongcalls' '-fno-builtin-memcpy' '-fno-builtin-memset' '-fno-builtin-bzero' '-v' '-o' 'CMakeFiles/cmTC_88da7.dir/CMakeCCompilerABI.c.obj' '-c' '-dumpdir' 'CMakeFiles/cmTC_88da7.dir/'
 /home/vietnq/.espressif/tools/xtensa-esp-elf/esp-14.2.0_20260121/xtensa-esp-elf/bin/../libexec/gcc/xtensa-esp-elf/14.2.0/cc1 -quiet -v -imultilib esp32 -iprefix /home/vietnq/.espressif/tools/xtensa-esp-elf/esp-14.2.0_20260121/xtensa-esp-elf/bin/../lib/gcc/xtensa-esp-elf/14.2.0/ -isysroot /home/vietnq/.espressif/tools/xtensa-esp-elf/esp-14.2.0_20260121/xtensa-esp-elf/bin/../xtensa-esp-elf /usr/share/cmake-3.22/Modules/CMakeCCompilerABI.c -quiet -dumpdir CMakeFiles/cmTC_88da7.dir/ -dumpbase CMakeCCompilerABI.c.c -dumpbase-ext .c -mdynconfig=xtensa_esp32.so -mlongcalls -Wno-frame-address -version -fno-builtin-memcpy -fno-builtin-memset -fno-builtin-bzero -o /tmp/ccgC0DaD.s
GNU C17 (crosstool-NG esp-14.2.0_20260121) version 14.2.0 (xtensa-esp-elf)
	compiled by GNU C version 6.3.0, GMP version 6.3.0, MPFR version 4.2.1, MPC version 1.3.1, isl version isl-0.26-GMP

GGC heuristics: --param ggc-min-expand=100 --param ggc-min-heapsize=131072
ignoring duplicate directory "/home/vietnq/.espressif/tools/xtensa-esp-elf/esp-14.2.0_20260121/xtensa-esp-elf/bin/../lib/gcc/../../lib/gcc/xtensa-esp-elf/14.2.0/include"
ignoring nonexistent directory "/home/vietnq/.espressif/tools/xtensa-esp-elf/esp-14.2.0_20260121/xtensa-esp-elf/bin/../xtensa-esp-elf/builds/idf/crosstool-NG/builds/xtensa-esp-elf/xtensa-esp-elf/include"
ignoring duplicate directory "/home/vietnq/.espressif/tools/xtensa-esp-elf/esp-14.2.0_20260121/xtensa-esp-elf/bin/../lib/gcc/../../lib/gcc/xtensa-esp-elf/14.2.0/include-fixed"
ignoring duplicate directory "/home/vietnq/.espressif/tools/xtensa-esp-elf/esp-14.2.0_20260121/xtensa-esp-elf/bin/../lib/gcc/../../lib/gcc/xtensa-esp-elf/14.2.0/../../../../xtensa-esp-elf/include"
ignoring duplicate directory "/home/vietnq/.espressif/tools/xtensa-esp-elf/esp-14.2.0_20260121/xtensa-esp-elf/bin/../xtensa-esp-elf/include"
#include "..." search starts here:
#include <...> search starts here:
 /home/vietnq/.espressif/tools/xtensa-esp-elf/esp-14.2.0_20260121/xtensa-esp-elf/bin/../lib/gcc/xtensa-esp-elf/14.2.0/include
 /home/vietnq/.espressif/tools/xtensa-esp-elf/esp-14.2.0_20260121/xtensa-esp-elf/bin/../lib/gcc/xtensa-esp-elf/14.2.0/include-fixed
 /home/vietnq/.espressif/tools/xtensa-esp-elf/esp-14.2.0_20260121/xtensa-esp-elf/bin/../lib/gcc/xtensa-esp-elf/14.2.0/../../../../xtensa-esp-elf/include
End of search list.
Compiler executable checksum: 709abf7e99d4c633116df3b91860509f
COLLECT_GCC_OPTIONS='-mdynconfig=xtensa_esp32.so' '-Wno-frame-address' '-mlongcalls' '-fno-builtin-memcpy' '-fno-builtin-memset' '-fno-builtin-bzero' '-v' '-o' 'CMakeFiles/cmTC_88da7.dir/CMakeCCompilerABI.c.obj' '-c' '-dumpdir' 'CMakeFiles/cmTC_88da7.dir/'
 /home/vietnq/.espressif/tools/xtensa-esp-elf/esp-14.2.0_20260121/xtensa-esp-elf/bin/../lib/gcc/xtensa-esp-elf/14.2.0/../../../../xtensa-esp-elf/bin/as --traditional-format --longcalls --dynconfig=xtensa_esp32.so -o CMakeFiles/cmTC_88da7.dir/CMakeCCompilerABI.c.obj /tmp/ccgC0DaD.s
COMPILER_PATH=/home/vietnq/.espressif/tools/xtensa-esp-elf/esp-14.2.0_20260121/xtensa-esp-elf/bin/../libexec/gcc/xtensa-esp-elf/14.2.0/:/home/vietnq/.espressif/tools/xtensa-esp-elf/esp-14.2.0_20260121/xtensa-esp-elf/bin/../libexec/gcc/:/home/vietnq/.espressif/tools/xtensa-esp-elf/esp-14.2.0_20260121/xtensa-esp-elf/bin/../lib/gcc/xtensa-esp-elf/14.2.0/../../../../xtensa-esp-elf/bin/
LIBRARY_PATH=/home/vietnq/.espressif/tools/xtensa-esp-elf/esp-14.2.0_20260121/xtensa-esp-elf/bin/../lib/gcc/xtensa-esp-elf/14.2.0/esp32/:/home/vietnq/.espressif/tools/xtensa-esp-elf/esp-14.2.0_20260121/xtensa-esp-elf/bin/../lib/gcc/xtensa-esp-elf/14.2.0/../../../../xtensa-esp-elf/lib/esp32/:/home/vietnq/.espressif/tools/xtensa-esp-elf/esp-14.2.0_20260121/xtensa-esp-elf/bin/../xtensa-esp-elf/lib/esp32/:/home/vietnq/.espressif/tools/xtensa-esp-elf/esp-14.2.0_20260121/xtensa-esp-elf/bin/../lib/gcc/xtensa-esp-elf/14.2.0/:/home/vietnq/.espressif/tools/xtensa-esp-elf/esp-14.2.0_20260121/xtensa-esp-elf/bin/../lib/gcc/:/home/vietnq/.espressif/tools/xtensa-esp-elf/esp-14.2.0_20260121/xtensa-esp-elf/bin/../lib/gcc/xtensa-esp-elf/14.2.0/../../../../xtensa-esp-elf/lib/:/home/vietnq/.espressif/tools/xtensa-esp-elf/esp-14.2.0_20260121/xtensa-esp-elf/bin/../xtensa-esp-elf/lib/:/home/vietnq/.espressif/tools/xtensa-esp-elf/esp-14.2.0_20260121/xtensa-esp-elf/bin/../xtensa-esp-elf/usr/lib/
COLLECT_GCC_OPTIONS='-mdynconfig=xtensa_esp32.so' '-Wno-frame-address' '-mlongcalls' '-fno-builtin-memcpy' '-fno-builtin-memset' '-fno-builtin-bzero' '-v' '-o' 'CMakeFiles/cmTC_88da7.dir/CMakeCCompilerABI.c.obj' '-c' '-dumpdir' 'CMakeFiles/cmTC_88da7.dir/CMakeCCompilerABI.c.'
[2/2] Linking C executable cmTC_88da7
Using built-in specs.
COLLECT_GCC=/home/vietnq/.espressif/tools/xtensa-esp-elf/esp-14.2.0_20260121/xtensa-esp-elf/bin/xtensa-esp-elf-gcc
COLLECT_LTO_WRAPPER=/home/vietnq/.espressif/tools/xtensa-esp-elf/esp-14.2.0_20260121/xtensa-esp-elf/bin/../libexec/gcc/xtensa-esp-elf/14.2.0/lto-wrapper
Target: xtensa-esp-elf
Configured with: /builds/idf/crosstool-NG/.build/xtensa-esp-elf/src/gcc/configure --build=x86_64-build_pc-linux-gnu --host=x86_64-build_pc-linux-gnu --target=xtensa-esp-elf --prefix=/builds/idf/crosstool-NG/builds/xtensa-esp-elf --exec_prefix=/builds/idf/crosstool-NG/builds/xtensa-esp-elf --with-local-prefix=/builds/idf/crosstool-NG/builds/xtensa-esp-elf/xtensa-esp-elf --with-sysroot=/builds/idf/crosstool-NG/builds/xtensa-esp-elf/xtensa-esp-elf --with-native-system-header-dir=/include --with-headers=/builds/idf/crosstool-NG/builds/xtensa-esp-elf/xtensa-esp-elf/include --with-newlib --enable-threads=no --disable-shared --with-pkgversion='crosstool-NG esp-14.2.0_20260121' --disable-__cxa_atexit --enable-cxx-flags='-ffunction-sections -fdata-sections' --disable-libgomp --disable-libmudflap --disable-libmpx --disable-libssp --disable-libquadmath --disable-libquadmath-support --disable-libstdcxx-verbose --with-gmp=/builds/idf/crosstool-NG/.build/xtensa-esp-elf/buildtools --with-mpfr=/builds/idf/crosstool-NG/.build/xtensa-esp-elf/buildtools --with-mpc=/builds/idf/crosstool-NG/.build/xtensa-esp-elf/buildtools --with-isl=/builds/idf/crosstool-NG/.build/xtensa-esp-elf/buildtools --enable-lto --enable-target-optspace --without-long-double-128 --enable-plugin --disable-nls --enable-multiarch --enable-languages=c,c++ --disable-libstdcxx-verbose --enable-threads=posix --enable-libstdcxx-time=yes --disable-win32-utf8-manifest
Thread model: posix
Supported LTO compression algorithms: zlib zstd
gcc version 14.2.0 (crosstool-NG esp-14.2.0_20260121) 
COMPILER_PATH=/home/vietnq/.espressif/tools/xtensa-esp-elf/esp-14.2.0_20260121/xtensa-esp-elf/bin/../libexec/gcc/xtensa-esp-elf/14.2.0/:/home/vietnq/.espressif/tools/xtensa-esp-elf/esp-14.2.0_20260121/xtensa-esp-elf/bin/../libexec/gcc/:/home/vietnq/.espressif/tools/xtensa-esp-elf/esp-14.2.0_20260121/xtensa-esp-elf/bin/../lib/gcc/xtensa-esp-elf/14.2.0/../../../../xtensa-esp-elf/bin/
LIBRARY_PATH=/home/vietnq/.espressif/tools/xtensa-esp-elf/esp-14.2.0_20260121/xtensa-esp-elf/bin/../lib/gcc/xtensa-esp-elf/14.2.0/esp32/no-rtti/:/home/vietnq/.espressif/tools/xtensa-esp-elf/esp-14.2.0_20260121/xtensa-esp-elf/bin/../lib/gcc/xtensa-esp-elf/14.2.0/../../../../xtensa-esp-elf/lib/esp32/no-rtti/:/home/vietnq/.espressif/tools/xtensa-esp-elf/esp-14.2.0_20260121/xtensa-esp-elf/bin/../xtensa-esp-elf/lib/esp32/no-rtti/:/home/vietnq/.espressif/tools/xtensa-esp-elf/esp-14.2.0_20260121/xtensa-esp-elf/bin/../lib/gcc/xtensa-esp-elf/14.2.0/:/home/vietnq/.espressif/tools/xtensa-esp-elf/esp-14.2.0_20260121/xtensa-esp-elf/bin/../lib/gcc/:/home/vietnq/.espressif/tools/xtensa-esp-elf/esp-14.2.0_20260121/xtensa-esp-elf/bin/../lib/gcc/xtensa-esp-elf/14.2.0/../../../../xtensa-esp-elf/lib/:/home/vietnq/.espressif/tools/xtensa-esp-elf/esp-14.2.0_20260121/xtensa-esp-elf/bin/../xtensa-esp-elf/lib/:/home/vietnq/.espressif/tools/xtensa-esp-elf/esp-14.2.0_20260121/xtensa-esp-elf/bin/../xtensa-esp-elf/usr/lib/
COLLECT_GCC_OPTIONS='-mdynconfig=xtensa_esp32.so' '-Wno-frame-address' '-mlongcalls' '-fno-builtin-memcpy' '-fno-builtin-memset' '-fno-builtin-bzero' '-nostartfiles' '-fno-rtti' '-v' '-o' 'cmTC_88da7' '-dumpdir' 'cmTC_88da7.'
 /home/vietnq/.espressif/tools/xtensa-esp-elf/esp-14.2.0_20260121/xtensa-esp-elf/bin/../libexec/gcc/xtensa-esp-elf/14.2.0/collect2 -plugin /home/vietnq/.espressif/tools/xtensa-esp-elf/esp-14.2.0_20260121/xtensa-esp-elf/bin/../libexec/gcc/xtensa-esp-elf/14.2.0/liblto_plugin.so -plugin-opt=/home/vietnq/.espressif/tools/xtensa-esp-elf/esp-14.2.0_20260121/xtensa-esp-elf/bin/../libexec/gcc/xtensa-esp-elf/14.2.0/lto-wrapper -plugin-opt=-fresolution=/tmp/ccvec4Lt.res -plugin-opt=-pass-through=-lgcc -plugin-opt=-pass-through=-lc -plugin-opt=-pass-through=-lnosys -plugin-opt=-pass-through=-lc -plugin-opt=-pass-through=-lgcc --sysroot=/home/vietnq/.espressif/tools/xtensa-esp-elf/esp-14.2.0_20260121/xtensa-esp-elf/bin/../xtensa-esp-elf --dynconfig=xtensa_esp32.so -o cmTC_88da7 -L/home/vietnq/.espressif/tools/xtensa-esp-elf/esp-14.2.0_20260121/xtensa-esp-elf/bin/../lib/gcc/xtensa-esp-elf/14.2.0/esp32/no-rtti -L/home/vietnq/.espressif/tools/xtensa-esp-elf/esp-14.2.0_20260121/xtensa-esp-elf/bin/../lib/gcc/xtensa-esp-elf/14.2.0/../../../../xtensa-esp-elf/lib/esp32/no-rtti -L/home/vietnq/.espressif/tools/xtensa-esp-elf/esp-14.2.0_20260121/xtensa-esp-elf/bin/../xtensa-esp-elf/lib/esp32/no-rtti -L/home/vietnq/.espressif/tools/xtensa-esp-elf/esp-14.2.0_20260121/xtensa-esp-elf/bin/../lib/gcc/xtensa-esp-elf/14.2.0 -L/home/vietnq/.espressif/tools/xtensa-esp-elf/esp-14.2.0_20260121/xtensa-esp-elf/bin/../lib/gcc -L/home/vietnq/.espressif/tools/xtensa-esp-elf/esp-14.2.0_20260121/xtensa-esp-elf/bin/../lib/gcc/xtensa-esp-elf/14.2.0/../../../../xtensa-esp-elf/lib -L/home/vietnq/.espressif/tools/xtensa-esp-elf/esp-14.2.0_20260121/xtensa-esp-elf/bin/../xtensa-esp-elf/lib -L/home/vietnq/.espressif/tools/xtensa-esp-elf/esp-14.2.0_20260121/xtensa-esp-elf/bin/../xtensa-esp-elf/usr/lib @/tmp/ccNgjkdb -lgcc -lc -lnosys -lc -lgcc
/home/vietnq/.espressif/tools/xtensa-esp-elf/esp-14.2.0_20260121/xtensa-esp-elf/bin/../lib/gcc/xtensa-esp-elf/14.2.0/../../../../xtensa-esp-elf/bin/ld: warning: cannot find entry symbol _start; defaulting to 00400054
COLLECT_GCC_OPTIONS='-mdynconfig=xtensa_esp32.so' '-Wno-frame-address' '-mlongcalls' '-fno-builtin-memcpy' '-fno-builtin-memset' '-fno-builtin-bzero' '-nostartfiles' '-fno-rtti' '-v' '-o' 'cmTC_88da7' '-dumpdir' 'cmTC_88da7.'



Parsed C implicit include dir info from above output: rv=done
  found start of include info
  found start of implicit include info
    add: [/home/vietnq/.espressif/tools/xtensa-esp-elf/esp-14.2.0_20260121/xtensa-esp-elf/bin/../lib/gcc/xtensa-esp-elf/14.2.0/include]
    add: [/home/vietnq/.espressif/tools/xtensa-esp-elf/esp-14.2.0_20260121/xtensa-esp-elf/bin/../lib/gcc/xtensa-esp-elf/14.2.0/include-fixed]
    add: [/home/vietnq/.espressif/tools/xtensa-esp-elf/esp-14.2.0_20260121/xtensa-esp-elf/bin/../lib/gcc/xtensa-esp-elf/14.2.0/../../../../xtensa-esp-elf/include]
  end of search list found
  collapse include dir [/home/vietnq/.espressif/tools/xtensa-esp-elf/esp-14.2.0_20260121/xtensa-esp-elf/bin/../lib/gcc/xtensa-esp-elf/14.2.0/include] ==> [/home/vietnq/.espressif/tools/xtensa-esp-elf/esp-14.2.0_20260121/xtensa-esp-elf/lib/gcc/xtensa-esp-elf/14.2.0/include]
  collapse include dir [/home/vietnq/.espressif/tools/xtensa-esp-elf/esp-14.2.0_20260121/xtensa-esp-elf/bin/../lib/gcc/xtensa-esp-elf/14.2.0/include-fixed] ==> [/home/vietnq/.espressif/tools/xtensa-esp-elf/esp-14.2.0_20260121/xtensa-esp-elf/lib/gcc/xtensa-esp-elf/14.2.0/include-fixed]
  collapse include dir [/home/vietnq/.espressif/tools/xtensa-esp-elf/esp-14.2.0_20260121/xtensa-esp-elf/bin/../lib/gcc/xtensa-esp-elf/14.2.0/../../../../xtensa-esp-elf/include] ==> [/home/vietnq/.espressif/tools/xtensa-esp-elf/esp-14.2.0_20260121/xtensa-esp-elf/xtensa-esp-elf/include]
  implicit include dirs: [/home/vietnq/.espressif/tools/xtensa-esp-elf/esp-14.2.0_20260121/xtensa-esp-elf/lib/gcc/xtensa-esp-elf/14.2.0/include;/home/vietnq/.espressif/tools/xtensa-esp-elf/esp-14.2.0_20260121/xtensa-esp-elf/lib/gcc/xtensa-esp-elf/14.2.0/include-fixed;/home/vietnq/.espressif/tools/xtensa-esp-elf/esp-14.2.0_20260121/xtensa-esp-elf/xtensa-esp-elf/include]


Parsed C implicit link information from above output:
  link line regex: [^( *|.*[/\])(xtensa-esp32-elf-ld|CMAKE_LINK_STARTFILE-NOTFOUND|([^/\]+-)?ld|collect2)[^/\]*( |$)]
  ignore line: [Change Dir: /home/vietnq/esp/ota/build/bootloader/CMakeFiles/CMakeTmp]
  ignore line: []
  ignore line: [Run Build Command(s):/usr/bin/ninja cmTC_88da7 && [1/2] Building C object CMakeFiles/cmTC_88da7.dir/CMakeCCompilerABI.c.obj]
  ignore line: [Using built-in specs.]
  ignore line: [COLLECT_GCC=/home/vietnq/.espressif/tools/xtensa-esp-elf/esp-14.2.0_20260121/xtensa-esp-elf/bin/xtensa-esp-elf-gcc]
  ignore line: [Target: xtensa-esp-elf]
  ignore line: [Configured with: /builds/idf/crosstool-NG/.build/xtensa-esp-elf/src/gcc/configure --build=x86_64-build_pc-linux-gnu --host=x86_64-build_pc-linux-gnu --target=xtensa-esp-elf --prefix=/builds/idf/crosstool-NG/builds/xtensa-esp-elf --exec_prefix=/builds/idf/crosstool-NG/builds/xtensa-esp-elf --with-local-prefix=/builds/idf/crosstool-NG/builds/xtensa-esp-elf/xtensa-esp-elf --with-sysroot=/builds/idf/crosstool-NG/builds/xtensa-esp-elf/xtensa-esp-elf --with-native-system-header-dir=/include --with-headers=/builds/idf/crosstool-NG/builds/xtensa-esp-elf/xtensa-esp-elf/include --with-newlib --enable-threads=no --disable-shared --with-pkgversion='crosstool-NG esp-14.2.0_20260121' --disable-__cxa_atexit --enable-cxx-flags='-ffunction-sections -fdata-sections' --disable-libgomp --disable-libmudflap --disable-libmpx --disable-libssp --disable-libquadmath --disable-libquadmath-support --disable-libstdcxx-verbose --with-gmp=/builds/idf/crosstool-NG/.build/xtensa-esp-elf/buildtools --with-mpfr=/builds/idf/crosstool-NG/.build/xtensa-esp-elf/buildtools --with-mpc=/builds/idf/crosstool-NG/.build/xtensa-esp-elf/buildtools --with-isl=/builds/idf/crosstool-NG/.build/xtensa-esp-elf/buildtools --enable-lto --enable-target-optspace --without-long-double-128 --enable-plugin --disable-nls --enable-multiarch --enable-languages=c c++ --disable-libstdcxx-verbose --enable-threads=posix --enable-libstdcxx-time=yes --disable-win32-utf8-manifest]
  ignore line: [Thread model: posix]
  ignore line: [Supported LTO compression algorithms: zlib zstd]
  ignore line: [gcc version 14.2.0 (crosstool-NG esp-14.2.0_20260121) ]
  ignore line: [COLLECT_GCC_OPTIONS='-mdynconfig=xtensa_esp32.so' '-Wno-frame-address' '-mlongcalls' '-fno-builtin-memcpy' '-fno-builtin-memset' '-fno-builtin-bzero' '-v' '-o' 'CMakeFiles/cmTC_88da7.dir/CMakeCCompilerABI.c.obj' '-c' '-dumpdir' 'CMakeFiles/cmTC_88da7.dir/']
  ignore line: [ /home/vietnq/.espressif/tools/xtensa-esp-elf/esp-14.2.0_20260121/xtensa-esp-elf/bin/../libexec/gcc/xtensa-esp-elf/14.2.0/cc1 -quiet -v -imultilib esp32 -iprefix /home/vietnq/.espressif/tools/xtensa-esp-elf/esp-14.2.0_20260121/xtensa-esp-elf/bin/../lib/gcc/xtensa-esp-elf/14.2.0/ -isysroot /home/vietnq/.espressif/tools/xtensa-esp-elf/esp-14.2.0_20260121/xtensa-esp-elf/bin/../xtensa-esp-elf /usr/share/cmake-3.22/Modules/CMakeCCompilerABI.c -quiet -dumpdir CMakeFiles/cmTC_88da7.dir/ -dumpbase CMakeCCompilerABI.c.c -dumpbase-ext .c -mdynconfig=xtensa_esp32.so -mlongcalls -Wno-frame-address -version -fno-builtin-memcpy -fno-builtin-memset -fno-builtin-bzero -o /tmp/ccgC0DaD.s]
  ignore line: [GNU C17 (crosstool-NG esp-14.2.0_20260121) version 14.2.0 (xtensa-esp-elf)]
  ignore line: [	compiled by GNU C version 6.3.0  GMP version 6.3.0  MPFR version 4.2.1  MPC version 1.3.1  isl version isl-0.26-GMP]
  ignore line: []
  ignore line: [GGC heuristics: --param ggc-min-expand=100 --param ggc-min-heapsize=131072]
  ignore line: [ignoring duplicate directory "/home/vietnq/.espressif/tools/xtensa-esp-elf/esp-14.2.0_20260121/xtensa-esp-elf/bin/../lib/gcc/../../lib/gcc/xtensa-esp-elf/14.2.0/include"]
  ignore line: [ignoring nonexistent directory "/home/vietnq/.espressif/tools/xtensa-esp-elf/esp-14.2.0_20260121/xtensa-esp-elf/bin/../xtensa-esp-elf/builds/idf/crosstool-NG/builds/xtensa-esp-elf/xtensa-esp-elf/include"]
  ignore line: [ignoring duplicate directory "/home/vietnq/.espressif/tools/xtensa-esp-elf/esp-14.2.0_20260121/xtensa-esp-elf/bin/../lib/gcc/../../lib/gcc/xtensa-esp-elf/14.2.0/include-fixed"]
  ignore line: [ignoring duplicate directory "/home/vietnq/.espressif/tools/xtensa-esp-elf/esp-14.2.0_20260121/xtensa-esp-elf/bin/../lib/gcc/../../lib/gcc/xtensa-esp-elf/14.2.0/../../../../xtensa-esp-elf/include"]
  ignore line: [ignoring duplicate directory "/home/vietnq/.espressif/tools/xtensa-esp-elf/esp-14.2.0_20260121/xtensa-esp-elf/bin/../xtensa-esp-elf/include"]
  ignore line: [#include "..." search starts here:]
  ignore line: [#include <...> search starts here:]
  ignore line: [ /home/vietnq/.espressif/tools/xtensa-esp-elf/esp-14.2.0_20260121/xtensa-esp-elf/bin/../lib/gcc/xtensa-esp-elf/14.2.0/include]
  ignore line: [ /home/vietnq/.espressif/tools/xtensa-esp-elf/esp-14.2.0_20260121/xtensa-esp-elf/bin/../lib/gcc/xtensa-esp-elf/14.2.0/include-fixed]
  ignore line: [ /home/vietnq/.espressif/tools/xtensa-esp-elf/esp-14.2.0_20260121/xtensa-esp-elf/bin/../lib/gcc/xtensa-esp-elf/14.2.0/../../../../xtensa-esp-elf/include]
  ignore line: [End of search list.]
  ignore line: [Compiler executable checksum: 709abf7e99d4c633116df3b91860509f]
  ignore line: [COLLECT_GCC_OPTIONS='-mdynconfig=xtensa_esp32.so' '-Wno-frame-address' '-mlongcalls' '-fno-builtin-memcpy' '-fno-builtin-memset' '-fno-builtin-bzero' '-v' '-o' 'CMakeFiles/cmTC_88da7.dir/CMakeCCompilerABI.c.obj' '-c' '-dumpdir' 'CMakeFiles/cmTC_88da7.dir/']
  ignore line: [ /home/vietnq/.espressif/tools/xtensa-esp-elf/esp-14.2.0_20260121/xtensa-esp-elf/bin/../lib/gcc/xtensa-esp-elf/14.2.0/../../../../xtensa-esp-elf/bin/as --traditional-format --longcalls --dynconfig=xtensa_esp32.so -o CMakeFiles/cmTC_88da7.dir/CMakeCCompilerABI.c.obj /tmp/ccgC0DaD.s]
  ignore line: [COMPILER_PATH=/home/vietnq/.espressif/tools/xtensa-esp-elf/esp-14.2.0_20260121/xtensa-esp-elf/bin/../libexec/gcc/xtensa-esp-elf/14.2.0/:/home/vietnq/.espressif/tools/xtensa-esp-elf/esp-14.2.0_20260121/xtensa-esp-elf/bin/../libexec/gcc/:/home/vietnq/.espressif/tools/xtensa-esp-elf/esp-14.2.0_20260121/xtensa-esp-elf/bin/../lib/gcc/xtensa-esp-elf/14.2.0/../../../../xtensa-esp-elf/bin/]
  ignore line: [LIBRARY_PATH=/home/vietnq/.espressif/tools/xtensa-esp-elf/esp-14.2.0_20260121/xtensa-esp-elf/bin/../lib/gcc/xtensa-esp-elf/14.2.0/esp32/:/home/vietnq/.espressif/tools/xtensa-esp-elf/esp-14.2.0_20260121/xtensa-esp-elf/bin/../lib/gcc/xtensa-esp-elf/14.2.0/../../../../xtensa-esp-elf/lib/esp32/:/home/vietnq/.espressif/tools/xtensa-esp-elf/esp-14.2.0_20260121/xtensa-esp-elf/bin/../xtensa-esp-elf/lib/esp32/:/home/vietnq/.espressif/tools/xtensa-esp-elf/esp-14.2.0_20260121/xtensa-esp-elf/bin/../lib/gcc/xtensa-esp-elf/14.2.0/:/home/vietnq/.espressif/tools/xtensa-esp-elf/esp-14.2.0_20260121/xtensa-esp-elf/bin/../lib/gcc/:/home/vietnq/.espressif/tools/xtensa-esp-elf/esp-14.2.0_20260121/xtensa-esp-elf/bin/../lib/gcc/xtensa-esp-elf/14.2.0/../../../../xtensa-esp-elf/lib/:/home/vietnq/.espressif/tools/xtensa-esp-elf/esp-14.2.0_20260121/xtensa-esp-elf/bin/../xtensa-esp-elf/lib/:/home/vietnq/.espressif/tools/xtensa-esp-elf/esp-14.2.0_20260121/xtensa-esp-elf/bin/../xtensa-esp-elf/usr/lib/]
  ignore line: [COLLECT_GCC_OPTIONS='-mdynconfig=xtensa_esp32.so' '-Wno-frame-address' '-mlongcalls' '-fno-builtin-memcpy' '-fno-builtin-memset' '-fno-builtin-bzero' '-v' '-o' 'CMakeFiles/cmTC_88da7.dir/CMakeCCompilerABI.c.obj' '-c' '-dumpdir' 'CMakeFiles/cmTC_88da7.dir/CMakeCCompilerABI.c.']
  ignore line: [[2/2] Linking C executable cmTC_88da7]
  ignore line: [Using built-in specs.]
  ignore line: [COLLECT_GCC=/home/vietnq/.espressif/tools/xtensa-esp-elf/esp-14.2.0_20260121/xtensa-esp-elf/bin/xtensa-esp-elf-gcc]
  ignore line: [COLLECT_LTO_WRAPPER=/home/vietnq/.espressif/tools/xtensa-esp-elf/esp-14.2.0_20260121/xtensa-esp-elf/bin/../libexec/gcc/xtensa-esp-elf/14.2.0/lto-wrapper]
  ignore line: [Target: xtensa-esp-elf]
  ignore line: [Configured with: /builds/idf/crosstool-NG/.build/xtensa-esp-elf/src/gcc/configure --build=x86_64-build_pc-linux-gnu --host=x86_64-build_pc-linux-gnu --target=xtensa-esp-elf --prefix=/builds/idf/crosstool-NG/builds/xtensa-esp-elf --exec_prefix=/builds/idf/crosstool-NG/builds/xtensa-esp-elf --with-local-prefix=/builds/idf/crosstool-NG/builds/xtensa-esp-elf/xtensa-esp-elf --with-sysroot=/builds/idf/crosstool-NG/builds/xtensa-esp-elf/xtensa-esp-elf --with-native-system-header-dir=/include --with-headers=/builds/idf/crosstool-NG/builds/xtensa-esp-elf/xtensa-esp-elf/include --with-newlib --enable-threads=no --disable-shared --with-pkgversion='crosstool-NG esp-14.2.0_20260121' --disable-__cxa_atexit --enable-cxx-flags='-ffunction-sections -fdata-sections' --disable-libgomp --disable-libmudflap --disable-libmpx --disable-libssp --disable-libquadmath --disable-libquadmath-support --disable-libstdcxx-verbose --with-gmp=/builds/idf/crosstool-NG/.build/xtensa-esp-elf/buildtools --with-mpfr=/builds/idf/crosstool-NG/.build/xtensa-esp-elf/buildtools --with-mpc=/builds/idf/crosstool-NG/.build/xtensa-esp-elf/buildtools --with-isl=/builds/idf/crosstool-NG/.build/xtensa-esp-elf/buildtools --enable-lto --enable-target-optspace --without-long-double-128 --enable-plugin --disable-nls --enable-multiarch --enable-languages=c c++ --disable-libstdcxx-verbose --enable-threads=posix --enable-libstdcxx-time=yes --disable-win32-utf8-manifest]
  ignore line: [Thread model: posix]
  ignore line: [Supported LTO compression algorithms: zlib zstd]
  ignore line: [gcc version 14.2.0 (crosstool-NG esp-14.2.0_20260121) ]
  ignore line: [COMPILER_PATH=/home/vietnq/.espressif/tools/xtensa-esp-elf/esp-14.2.0_20260121/xtensa-esp-elf/bin/../libexec/gcc/xtensa-esp-elf/14.2.0/:/home/vietnq/.espressif/tools/xtensa-esp-elf/esp-14.2.0_20260121/xtensa-esp-elf/bin/../libexec/gcc/:/home/vietnq/.espressif/tools/xtensa-esp-elf/esp-14.2.0_20260121/xtensa-esp-elf/bin/../lib/gcc/xtensa-esp-elf/14.2.0/../../../../xtensa-esp-elf/bin/]
  ignore line: [LIBRARY_PATH=/home/vietnq/.espressif/tools/xtensa-esp-elf/esp-14.2.0_20260121/xtensa-esp-elf/bin/../lib/gcc/xtensa-esp-elf/14.2.0/esp32/no-rtti/:/home/vietnq/.espressif/tools/xtensa-esp-elf/esp-14.2.0_20260121/xtensa-esp-elf/bin/../lib/gcc/xtensa-esp-elf/14.2.0/../../../../xtensa-esp-elf/lib/esp32/no-rtti/:/home/vietnq/.espressif/tools/xtensa-esp-elf/esp-14.2.0_20260121/xtensa-esp-elf/bin/../xtensa-esp-elf/lib/esp32/no-rtti/:/home/vietnq/.espressif/tools/xtensa-esp-elf/esp-14.2.0_20260121/xtensa-esp-elf/bin/../lib/gcc/xtensa-esp-elf/14.2.0/:/home/vietnq/.espressif/tools/xtensa-esp-elf/esp-14.2.0_20260121/xtensa-esp-elf/bin/../lib/gcc/:/home/vietnq/.espressif/tools/xtensa-esp-elf/esp-14.2.0_20260121/xtensa-esp-elf/bin/../lib/gcc/xtensa-esp-elf/14.2.0/../../../../xtensa-esp-elf/lib/:/home/vietnq/.espressif/tools/xtensa-esp-elf/esp-14.2.0_20260121/xtensa-esp-elf/bin/../xtensa-esp-elf/lib/:/home/vietnq/.espressif/tools/xtensa-esp-elf/esp-14.2.0_20260121/xtensa-esp-elf/bin/../xtensa-esp-elf/usr/lib/]
  ignore line: [COLLECT_GCC_OPTIONS='-mdynconfig=xtensa_esp32.so' '-Wno-frame-address' '-mlongcalls' '-fno-builtin-memcpy' '-fno-builtin-memset' '-fno-builtin-bzero' '-nostartfiles' '-fno-rtti' '-v' '-o' 'cmTC_88da7' '-dumpdir' 'cmTC_88da7.']
  link line: [ /home/vietnq/.espressif/tools/xtensa-esp-elf/esp-14.2.0_20260121/xtensa-esp-elf/bin/../libexec/gcc/xtensa-esp-elf/14.2.0/collect2 -plugin /home/vietnq/.espressif/tools/xtensa-esp-elf/esp-14.2.0_20260121/xtensa-esp-elf/bin/../libexec/gcc/xtensa-esp-elf/14.2.0/liblto_plugin.so -plugin-opt=/home/vietnq/.espressif/tools/xtensa-esp-elf/esp-14.2.0_20260121/xtensa-esp-elf/bin/../libexec/gcc/xtensa-esp-elf/14.2.0/lto-wrapper -plugin-opt=-fresolution=/tmp/ccvec4Lt.res -plugin-opt=-pass-through=-lgcc -plugin-opt=-pass-through=-lc -plugin-opt=-pass-through=-lnosys -plugin-opt=-pass-through=-lc -plugin-opt=-pass-through=-lgcc --sysroot=/home/vietnq/.espressif/tools/xtensa-esp-elf/esp-14.2.0_20260121/xtensa-esp-elf/bin/../xtensa-esp-elf --dynconfig=xtensa_esp32.so -o cmTC_88da7 -L/home/vietnq/.espressif/tools/xtensa-esp-elf/esp-14.2.0_20260121/xtensa-esp-elf/bin/../lib/gcc/xtensa-esp-elf/14.2.0/esp32/no-rtti -L/home/vietnq/.espressif/tools/xtensa-esp-elf/esp-14.2.0_20260121/xtensa-esp-elf/bin/../lib/gcc/xtensa-esp-elf/14.2.0/../../../../xtensa-esp-elf/lib/esp32/no-rtti -L/home/vietnq/.espressif/tools/xtensa-esp-elf/esp-14.2.0_20260121/xtensa-esp-elf/bin/../xtensa-esp-elf/lib/esp32/no-rtti -L/home/vietnq/.espressif/tools/xtensa-esp-elf/esp-14.2.0_20260121/xtensa-esp-elf/bin/../lib/gcc/xtensa-esp-elf/14.2.0 -L/home/vietnq/.espressif/tools/xtensa-esp-elf/esp-14.2.0_20260121/xtensa-esp-elf/bin/../lib/gcc -L/home/vietnq/.espressif/tools/xtensa-esp-elf/esp-14.2.0_20260121/xtensa-esp-elf/bin/../lib/gcc/xtensa-esp-elf/14.2.0/../../../../xtensa-esp-elf/lib -L/home/vietnq/.espressif/tools/xtensa-esp-elf/esp-14.2.0_20260121/xtensa-esp-elf/bin/../xtensa-esp-elf/lib -L/home/vietnq/.espressif/tools/xtensa-esp-elf/esp-14.2.0_20260121/xtensa-esp-elf/bin/../xtensa-esp-elf/usr/lib @/tmp/ccNgjkdb -lgcc -lc -lnosys -lc -lgcc]
    arg [/home/vietnq/.espressif/tools/xtensa-esp-elf/esp-14.2.0_20260121/xtensa-esp-elf/bin/../libexec/gcc/xtensa-esp-elf/14.2.0/collect2] ==> ignore
    arg [-plugin] ==> ignore
    arg [/home/vietnq/.espressif/tools/xtensa-esp-elf/esp-14.2.0_20260121/xtensa-esp-elf/bin/../libexec/gcc/xtensa-esp-elf/14.2.0/liblto_plugin.so] ==> ignore
    arg [-plugin-opt=/home/vietnq/.espressif/tools/xtensa-esp-elf/esp-14.2.0_20260121/xtensa-esp-elf/bin/../libexec/gcc/xtensa-esp-elf/14.2.0/lto-wrapper] ==> ignore
    arg [-plugin-opt=-fresolution=/tmp/ccvec4Lt.res] ==> ignore
    arg [-plugin-opt=-pass-through=-lgcc] ==> ignore
    arg [-plugin-opt=-pass-through=-lc] ==> ignore
    arg [-plugin-opt=-pass-through=-lnosys] ==> ignore
    arg [-plugin-opt=-pass-through=-lc] ==> ignore
    arg [-plugin-opt=-pass-through=-lgcc] ==> ignore
    arg [--sysroot=/home/vietnq/.espressif/tools/xtensa-esp-elf/esp-14.2.0_20260121/xtensa-esp-elf/bin/../xtensa-esp-elf] ==> ignore
    arg [--dynconfig=xtensa_esp32.so] ==> ignore
    arg [-o] ==> ignore
    arg [cmTC_88da7] ==> ignore
    arg [-L/home/vietnq/.espressif/tools/xtensa-esp-elf/esp-14.2.0_20260121/xtensa-esp-elf/bin/../lib/gcc/xtensa-esp-elf/14.2.0/esp32/no-rtti] ==> dir [/home/vietnq/.espressif/tools/xtensa-esp-elf/esp-14.2.0_20260121/xtensa-esp-elf/bin/../lib/gcc/xtensa-esp-elf/14.2.0/esp32/no-rtti]
    arg [-L/home/vietnq/.espressif/tools/xtensa-esp-elf/esp-14.2.0_20260121/xtensa-esp-elf/bin/../lib/gcc/xtensa-esp-elf/14.2.0/../../../../xtensa-esp-elf/lib/esp32/no-rtti] ==> dir [/home/vietnq/.espressif/tools/xtensa-esp-elf/esp-14.2.0_20260121/xtensa-esp-elf/bin/../lib/gcc/xtensa-esp-elf/14.2.0/../../../../xtensa-esp-elf/lib/esp32/no-rtti]
    arg [-L/home/vietnq/.espressif/tools/xtensa-esp-elf/esp-14.2.0_20260121/xtensa-esp-elf/bin/../xtensa-esp-elf/lib/esp32/no-rtti] ==> dir [/home/vietnq/.espressif/tools/xtensa-esp-elf/esp-14.2.0_20260121/xtensa-esp-elf/bin/../xtensa-esp-elf/lib/esp32/no-rtti]
    arg [-L/home/vietnq/.espressif/tools/xtensa-esp-elf/esp-14.2.0_20260121/xtensa-esp-elf/bin/../lib/gcc/xtensa-esp-elf/14.2.0] ==> dir [/home/vietnq/.espressif/tools/xtensa-esp-elf/esp-14.2.0_20260121/xtensa-esp-elf/bin/../lib/gcc/xtensa-esp-elf/14.2.0]
    arg [-L/home/vietnq/.espressif/tools/xtensa-esp-elf/esp-14.2.0_20260121/xtensa-esp-elf/bin/../lib/gcc] ==> dir [/home/vietnq/.espressif/tools/xtensa-esp-elf/esp-14.2.0_20260121/xtensa-esp-elf/bin/../lib/gcc]
    arg [-L/home/vietnq/.espressif/tools/xtensa-esp-elf/esp-14.2.0_20260121/xtensa-esp-elf/bin/../lib/gcc/xtensa-esp-elf/14.2.0/../../../../xtensa-esp-elf/lib] ==> dir [/home/vietnq/.espressif/tools/xtensa-esp-elf/esp-14.2.0_20260121/xtensa-esp-elf/bin/../lib/gcc/xtensa-esp-elf/14.2.0/../../../../xtensa-esp-elf/lib]
    arg [-L/home/vietnq/.espressif/tools/xtensa-esp-elf/esp-14.2.0_20260121/xtensa-esp-elf/bin/../xtensa-esp-elf/lib] ==> dir [/home/vietnq/.espressif/tools/xtensa-esp-elf/esp-14.2.0_20260121/xtensa-esp-elf/bin/../xtensa-esp-elf/lib]
    arg [-L/home/vietnq/.espressif/tools/xtensa-esp-elf/esp-14.2.0_20260121/xtensa-esp-elf/bin/../xtensa-esp-elf/usr/lib] ==> dir [/home/vietnq/.espressif/tools/xtensa-esp-elf/esp-14.2.0_20260121/xtensa-esp-elf/bin/../xtensa-esp-elf/usr/lib]
    arg [@/tmp/ccNgjkdb] ==> ignore
    arg [-lgcc] ==> lib [gcc]
    arg [-lc] ==> lib [c]
    arg [-lnosys] ==> lib [nosys]
    arg [-lc] ==> lib [c]
    arg [-lgcc] ==> lib [gcc]
  collapse library dir [/home/vietnq/.espressif/tools/xtensa-esp-elf/esp-14.2.0_20260121/xtensa-esp-elf/bin/../lib/gcc/xtensa-esp-elf/14.2.0/esp32/no-rtti] ==> [/home/vietnq/.espressif/tools/xtensa-esp-elf/esp-14.2.0_20260121/xtensa-esp-elf/lib/gcc/xtensa-esp-elf/14.2.0/esp32/no-rtti]
  collapse library dir [/home/vietnq/.espressif/tools/xtensa-esp-elf/esp-14.2.0_20260121/xtensa-esp-elf/bin/../lib/gcc/xtensa-esp-elf/14.2.0/../../../../xtensa-esp-elf/lib/esp32/no-rtti] ==> [/home/vietnq/.espressif/tools/xtensa-esp-elf/esp-14.2.0_20260121/xtensa-esp-elf/xtensa-esp-elf/lib/esp32/no-rtti]
  collapse library dir [/home/vietnq/.espressif/tools/xtensa-esp-elf/esp-14.2.0_20260121/xtensa-esp-elf/bin/../xtensa-esp-elf/lib/esp32/no-rtti] ==> [/home/vietnq/.espressif/tools/xtensa-esp-elf/esp-14.2.0_20260121/xtensa-esp-elf/xtensa-esp-elf/lib/esp32/no-rtti]
  collapse library dir [/home/vietnq/.espressif/tools/xtensa-esp-elf/esp-14.2.0_20260121/xtensa-esp-elf/bin/../lib/gcc/xtensa-esp-elf/14.2.0] ==> [/home/vietnq/.espressif/tools/xtensa-esp-elf/esp-14.2.0_20260121/xtensa-esp-elf/lib/gcc/xtensa-esp-elf/14.2.0]
  collapse library dir [/home/vietnq/.espressif/tools/xtensa-esp-elf/esp-14.2.0_20260121/xtensa-esp-elf/bin/../lib/gcc] ==> [/home/vietnq/.espressif/tools/xtensa-esp-elf/esp-14.2.0_20260121/xtensa-esp-elf/lib/gcc]
  collapse library dir [/home/vietnq/.espressif/tools/xtensa-esp-elf/esp-14.2.0_20260121/xtensa-esp-elf/bin/../lib/gcc/xtensa-esp-elf/14.2.0/../../../../xtensa-esp-elf/lib] ==> [/home/vietnq/.espressif/tools/xtensa-esp-elf/esp-14.2.0_20260121/xtensa-esp-elf/xtensa-esp-elf/lib]
  collapse library dir [/home/vietnq/.espressif/tools/xtensa-esp-elf/esp-14.2.0_20260121/xtensa-esp-elf/bin/../xtensa-esp-elf/lib] ==> [/home/vietnq/.espressif/tools/xtensa-esp-elf/esp-14.2.0_20260121/xtensa-esp-elf/xtensa-esp-elf/lib]
  collapse library dir [/home/vietnq/.espressif/tools/xtensa-esp-elf/esp-14.2.0_20260121/xtensa-esp-elf/bin/../xtensa-esp-elf/usr/lib] ==> [/home/vietnq/.espressif/tools/xtensa-esp-elf/esp-14.2.0_20260121/xtensa-esp-elf/xtensa-esp-elf/usr/lib]
  implicit libs: [gcc;c;nosys;c;gcc]
  implicit objs: []
  implicit dirs: [/home/vietnq/.espressif/tools/xtensa-esp-elf/esp-14.2.0_20260121/xtensa-esp-elf/lib/gcc/xtensa-esp-elf/14.2.0/esp32/no-rtti;/home/vietnq/.espressif/tools/xtensa-esp-elf/esp-14.2.0_20260121/xtensa-esp-elf/xtensa-esp-elf/lib/esp32/no-rtti;/home/vietnq/.espressif/tools/xtensa-esp-elf/esp-14.2.0_20260121/xtensa-esp-elf/lib/gcc/xtensa-esp-elf/14.2.0;/home/vietnq/.espressif/tools/xtensa-esp-elf/esp-14.2.0_20260121/xtensa-esp-elf/lib/gcc;/home/vietnq/.espressif/tools/xtensa-esp-elf/esp-14.2.0_20260121/xtensa-esp-elf/xtensa-esp-elf/lib;/home/vietnq/.espressif/tools/xtensa-esp-elf/esp-14.2.0_20260121/xtensa-esp-elf/xtensa-esp-elf/usr/lib]
  implicit fwks: []


Detecting CXX compiler ABI info compiled with the following output:
Change Dir: /home/vietnq/esp/ota/build/bootloader/CMakeFiles/CMakeTmp

Run Build Command(s):/usr/bin/ninja cmTC_ad428 && [1/2] Building CXX object CMakeFiles/cmTC_ad428.dir/CMakeCXXCompilerABI.cpp.obj
Using built-in specs.
COLLECT_GCC=/home/vietnq/.espressif/tools/xtensa-esp-elf/esp-14.2.0_20260121/xtensa-esp-elf/bin/xtensa-esp-elf-g++
Target: xtensa-esp-elf
Configured with: /builds/idf/crosstool-NG/.build/xtensa-esp-elf/src/gcc/configure --build=x86_64-build_pc-linux-gnu --host=x86_64-build_pc-linux-gnu --target=xtensa-esp-elf --prefix=/builds/idf/crosstool-NG/builds/xtensa-esp-elf --exec_prefix=/builds/idf/crosstool-NG/builds/xtensa-esp-elf --with-local-prefix=/builds/idf/crosstool-NG/builds/xtensa-esp-elf/xtensa-esp-elf --with-sysroot=/builds/idf/crosstool-NG/builds/xtensa-esp-elf/xtensa-esp-elf --with-native-system-header-dir=/include --with-headers=/builds/idf/crosstool-NG/builds/xtensa-esp-elf/xtensa-esp-elf/include --with-newlib --enable-threads=no --disable-shared --with-pkgversion='crosstool-NG esp-14.2.0_20260121' --disable-__cxa_atexit --enable-cxx-flags='-ffunction-sections -fdata-sections' --disable-libgomp --disable-libmudflap --disable-libmpx --disable-libssp --disable-libquadmath --disable-libquadmath-support --disable-libstdcxx-verbose --with-gmp=/builds/idf/crosstool-NG/.build/xtensa-esp-elf/buildtools --with-mpfr=/builds/idf/crosstool-NG/.build/xtensa-esp-elf/buildtools --with-mpc=/builds/idf/crosstool-NG/.build/xtensa-esp-elf/buildtools --with-isl=/builds/idf/crosstool-NG/.build/xtensa-esp-elf/buildtools --enable-lto --enable-target-optspace --without-long-double-128 --enable-plugin --disable-nls --enable-multiarch --enable-languages=c,c++ --disable-libstdcxx-verbose --enable-threads=posix --enable-libstdcxx-time=yes --disable-win32-utf8-manifest
Thread model: posix
Supported LTO compression algorithms: zlib zstd
gcc version 14.2.0 (crosstool-NG esp-14.2.0_20260121) 
COLLECT_GCC_OPTIONS='-mdynconfig=xtensa_esp32.so' '-Wno-frame-address' '-mlongcalls' '-fno-builtin-memcpy' '-fno-builtin-memset' '-fno-builtin-bzero' '-fno-rtti' '-v' '-o' 'CMakeFiles/cmTC_ad428.dir/CMakeCXXCompilerABI.cpp.obj' '-c' '-dumpdir' 'CMakeFiles/cmTC_ad428.dir/'
 /home/vietnq/.espressif/tools/xtensa-esp-elf/esp-14.2.0_20260121/xtensa-esp-elf/bin/../libexec/gcc/xtensa-esp-elf/14.2.0/cc1plus -quiet -v -imultilib esp32/no-rtti -iprefix /home/vietnq/.espressif/tools/xtensa-esp-elf/esp-14.2.0_20260121/xtensa-esp-elf/bin/../lib/gcc/xtensa-esp-elf/14.2.0/ -isysroot /home/vietnq/.espressif/tools/xtensa-esp-elf/esp-14.2.0_20260121/xtensa-esp-elf/bin/../xtensa-esp-elf /usr/share/cmake-3.22/Modules/CMakeCXXCompilerABI.cpp -quiet -dumpdir CMakeFiles/cmTC_ad428.dir/ -dumpbase CMakeCXXCompilerABI.cpp.cpp -dumpbase-ext .cpp -mdynconfig=xtensa_esp32.so -mlongcalls -Wno-frame-address -version -fno-builtin-memcpy -fno-builtin-memset -fno-builtin-bzero -fno-rtti -o /tmp/ccjYUSTW.s
GNU C++17 (crosstool-NG esp-14.2.0_20260121) version 14.2.0 (xtensa-esp-elf)
	compiled by GNU C version 6.3.0, GMP version 6.3.0, MPFR version 4.2.1, MPC version 1.3.1, isl version isl-0.26-GMP

GGC heuristics: --param ggc-min-expand=100 --param ggc-min-heapsize=131072
ignoring duplicate directory "/home/vietnq/.espressif/tools/xtensa-esp-elf/esp-14.2.0_20260121/xtensa-esp-elf/bin/../lib/gcc/../../lib/gcc/xtensa-esp-elf/14.2.0/../../../../xtensa-esp-elf/include/c++/14.2.0"
ignoring duplicate directory "/home/vietnq/.espressif/tools/xtensa-esp-elf/esp-14.2.0_20260121/xtensa-esp-elf/bin/../lib/gcc/../../lib/gcc/xtensa-esp-elf/14.2.0/../../../../xtensa-esp-elf/include/c++/14.2.0/xtensa-esp-elf/esp32/no-rtti"
ignoring duplicate directory "/home/vietnq/.espressif/tools/xtensa-esp-elf/esp-14.2.0_20260121/xtensa-esp-elf/bin/../lib/gcc/../../lib/gcc/xtensa-esp-elf/14.2.0/../../../../xtensa-esp-elf/include/c++/14.2.0/backward"
ignoring duplicate directory "/home/vietnq/.espressif/tools/xtensa-esp-elf/esp-14.2.0_20260121/xtensa-esp-elf/bin/../lib/gcc/../../lib/gcc/xtensa-esp-elf/14.2.0/include"
ignoring nonexistent directory "/home/vietnq/.espressif/tools/xtensa-esp-elf/esp-14.2.0_20260121/xtensa-esp-elf/bin/../xtensa-esp-elf/builds/idf/crosstool-NG/builds/xtensa-esp-elf/xtensa-esp-elf/include"
ignoring duplicate directory "/home/vietnq/.espressif/tools/xtensa-esp-elf/esp-14.2.0_20260121/xtensa-esp-elf/bin/../lib/gcc/../../lib/gcc/xtensa-esp-elf/14.2.0/include-fixed"
ignoring duplicate directory "/home/vietnq/.espressif/tools/xtensa-esp-elf/esp-14.2.0_20260121/xtensa-esp-elf/bin/../lib/gcc/../../lib/gcc/xtensa-esp-elf/14.2.0/../../../../xtensa-esp-elf/include"
ignoring duplicate directory "/home/vietnq/.espressif/tools/xtensa-esp-elf/esp-14.2.0_20260121/xtensa-esp-elf/bin/../xtensa-esp-elf/include"
#include "..." search starts here:
#include <...> search starts here:
 /home/vietnq/.espressif/tools/xtensa-esp-elf/esp-14.2.0_20260121/xtensa-esp-elf/bin/../lib/gcc/xtensa-esp-elf/14.2.0/../../../../xtensa-esp-elf/include/c++/14.2.0
 /home/vietnq/.espressif/tools/xtensa-esp-elf/esp-14.2.0_20260121/xtensa-esp-elf/bin/../lib/gcc/xtensa-esp-elf/14.2.0/../../../../xtensa-esp-elf/include/c++/14.2.0/xtensa-esp-elf/esp32/no-rtti
 /home/vietnq/.espressif/tools/xtensa-esp-elf/esp-14.2.0_20260121/xtensa-esp-elf/bin/../lib/gcc/xtensa-esp-elf/14.2.0/../../../../xtensa-esp-elf/include/c++/14.2.0/backward
 /home/vietnq/.espressif/tools/xtensa-esp-elf/esp-14.2.0_20260121/xtensa-esp-elf/bin/../lib/gcc/xtensa-esp-elf/14.2.0/include
 /home/vietnq/.espressif/tools/xtensa-esp-elf/esp-14.2.0_20260121/xtensa-esp-elf/bin/../lib/gcc/xtensa-esp-elf/14.2.0/include-fixed
 /home/vietnq/.espressif/tools/xtensa-esp-elf/esp-14.2.0_20260121/xtensa-esp-elf/bin/../lib/gcc/xtensa-esp-elf/14.2.0/../../../../xtensa-esp-elf/include
End of search list.
Compiler executable checksum: a254981dd59757a59628c9ca49d36a87
COLLECT_GCC_OPTIONS='-mdynconfig=xtensa_esp32.so' '-Wno-frame-address' '-mlongcalls' '-fno-builtin-memcpy' '-fno-builtin-memset' '-fno-builtin-bzero' '-fno-rtti' '-v' '-o' 'CMakeFiles/cmTC_ad428.dir/CMakeCXXCompilerABI.cpp.obj' '-c' '-dumpdir' 'CMakeFiles/cmTC_ad428.dir/'
 /home/vietnq/.espressif/tools/xtensa-esp-elf/esp-14.2.0_20260121/xtensa-esp-elf/bin/../lib/gcc/xtensa-esp-elf/14.2.0/../../../../xtensa-esp-elf/bin/as --traditional-format --longcalls --dynconfig=xtensa_esp32.so -o CMakeFiles/cmTC_ad428.dir/CMakeCXXCompilerABI.cpp.obj /tmp/ccjYUSTW.s
COMPILER_PATH=/home/vietnq/.espressif/tools/xtensa-esp-elf/esp-14.2.0_20260121/xtensa-esp-elf/bin/../libexec/gcc/xtensa-esp-elf/14.2.0/:/home/vietnq/.espressif/tools/xtensa-esp-elf/esp-14.2.0_20260121/xtensa-esp-elf/bin/../libexec/gcc/:/home/vietnq/.espressif/tools/xtensa-esp-elf/esp-14.2.0_20260121/xtensa-esp-elf/bin/../lib/gcc/xtensa-esp-elf/14.2.0/../../../../xtensa-esp-elf/bin/
LIBRARY_PATH=/home/vietnq/.espressif/tools/xtensa-esp-elf/esp-14.2.0_20260121/xtensa-esp-elf/bin/../lib/gcc/xtensa-esp-elf/14.2.0/esp32/no-rtti/:/home/vietnq/.espressif/tools/xtensa-esp-elf/esp-14.2.0_20260121/xtensa-esp-elf/bin/../lib/gcc/xtensa-esp-elf/14.2.0/../../../../xtensa-esp-elf/lib/esp32/no-rtti/:/home/vietnq/.espressif/tools/xtensa-esp-elf/esp-14.2.0_20260121/xtensa-esp-elf/bin/../xtensa-esp-elf/lib/esp32/no-rtti/:/home/vietnq/.espressif/tools/xtensa-esp-elf/esp-14.2.0_20260121/xtensa-esp-elf/bin/../lib/gcc/xtensa-esp-elf/14.2.0/:/home/vietnq/.espressif/tools/xtensa-esp-elf/esp-14.2.0_20260121/xtensa-esp-elf/bin/../lib/gcc/:/home/vietnq/.espressif/tools/xtensa-esp-elf/esp-14.2.0_20260121/xtensa-esp-elf/bin/../lib/gcc/xtensa-esp-elf/14.2.0/../../../../xtensa-esp-elf/lib/:/home/vietnq/.espressif/tools/xtensa-esp-elf/esp-14.2.0_20260121/xtensa-esp-elf/bin/../xtensa-esp-elf/lib/:/home/vietnq/.espressif/tools/xtensa-esp-elf/esp-14.2.0_20260121/xtensa-esp-elf/bin/../xtensa-esp-elf/usr/lib/
COLLECT_GCC_OPTIONS='-mdynconfig=xtensa_esp32.so' '-Wno-frame-address' '-mlongcalls' '-fno-builtin-memcpy' '-fno-builtin-memset' '-fno-builtin-bzero' '-fno-rtti' '-v' '-o' 'CMakeFiles/cmTC_ad428.dir/CMakeCXXCompilerABI.cpp.obj' '-c' '-dumpdir' 'CMakeFiles/cmTC_ad428.dir/CMakeCXXCompilerABI.cpp.'
[2/2] Linking CXX executable cmTC_ad428
Using built-in specs.
COLLECT_GCC=/home/vietnq/.espressif/tools/xtensa-esp-elf/esp-14.2.0_20260121/xtensa-esp-elf/bin/xtensa-esp-elf-g++
COLLECT_LTO_WRAPPER=/home/vietnq/.espressif/tools/xtensa-esp-elf/esp-14.2.0_20260121/xtensa-esp-elf/bin/../libexec/gcc/xtensa-esp-elf/14.2.0/lto-wrapper
Target: xtensa-esp-elf
Configured with: /builds/idf/crosstool-NG/.build/xtensa-esp-elf/src/gcc/configure --build=x86_64-build_pc-linux-gnu --host=x86_64-build_pc-linux-gnu --target=xtensa-esp-elf --prefix=/builds/idf/crosstool-NG/builds/xtensa-esp-elf --exec_prefix=/builds/idf/crosstool-NG/builds/xtensa-esp-elf --with-local-prefix=/builds/idf/crosstool-NG/builds/xtensa-esp-elf/xtensa-esp-elf --with-sysroot=/builds/idf/crosstool-NG/builds/xtensa-esp-elf/xtensa-esp-elf --with-native-system-header-dir=/include --with-headers=/builds/idf/crosstool-NG/builds/xtensa-esp-elf/xtensa-esp-elf/include --with-newlib --enable-threads=no --disable-shared --with-pkgversion='crosstool-NG esp-14.2.0_20260121' --disable-__cxa_atexit --enable-cxx-flags='-ffunction-sections -fdata-sections' --disable-libgomp --disable-libmudflap --disable-libmpx --disable-libssp --disable-libquadmath --disable-libquadmath-support --disable-libstdcxx-verbose --with-gmp=/builds/idf/crosstool-NG/.build/xtensa-esp-elf/buildtools --with-mpfr=/builds/idf/crosstool-NG/.build/xtensa-esp-elf/buildtools --with-mpc=/builds/idf/crosstool-NG/.build/xtensa-esp-elf/buildtools --with-isl=/builds/idf/crosstool-NG/.build/xtensa-esp-elf/buildtools --enable-lto --enable-target-optspace --without-long-double-128 --enable-plugin --disable-nls --enable-multiarch --enable-languages=c,c++ --disable-libstdcxx-verbose --enable-threads=posix --enable-libstdcxx-time=yes --disable-win32-utf8-manifest
Thread model: posix
Supported LTO compression algorithms: zlib zstd
gcc version 14.2.0 (crosstool-NG esp-14.2.0_20260121) 
COMPILER_PATH=/home/vietnq/.espressif/tools/xtensa-esp-elf/esp-14.2.0_20260121/xtensa-esp-elf/bin/../libexec/gcc/xtensa-esp-elf/14.2.0/:/home/vietnq/.espressif/tools/xtensa-esp-elf/esp-14.2.0_20260121/xtensa-esp-elf/bin/../libexec/gcc/:/home/vietnq/.espressif/tools/xtensa-esp-elf/esp-14.2.0_20260121/xtensa-esp-elf/bin/../lib/gcc/xtensa-esp-elf/14.2.0/../../../../xtensa-esp-elf/bin/
LIBRARY_PATH=/home/vietnq/.espressif/tools/xtensa-esp-elf/esp-14.2.0_20260121/xtensa-esp-elf/bin/../lib/gcc/xtensa-esp-elf/14.2.0/esp32/no-rtti/:/home/vietnq/.espressif/tools/xtensa-esp-elf/esp-14.2.0_20260121/xtensa-esp-elf/bin/../lib/gcc/xtensa-esp-elf/14.2.0/../../../../xtensa-esp-elf/lib/esp32/no-rtti/:/home/vietnq/.espressif/tools/xtensa-esp-elf/esp-14.2.0_20260121/xtensa-esp-elf/bin/../xtensa-esp-elf/lib/esp32/no-rtti/:/home/vietnq/.espressif/tools/xtensa-esp-elf/esp-14.2.0_20260121/xtensa-esp-elf/bin/../lib/gcc/xtensa-esp-elf/14.2.0/:/home/vietnq/.espressif/tools/xtensa-esp-elf/esp-14.2.0_20260121/xtensa-esp-elf/bin/../lib/gcc/:/home/vietnq/.espressif/tools/xtensa-esp-elf/esp-14.2.0_20260121/xtensa-esp-elf/bin/../lib/gcc/xtensa-esp-elf/14.2.0/../../../../xtensa-esp-elf/lib/:/home/vietnq/.espressif/tools/xtensa-esp-elf/esp-14.2.0_20260121/xtensa-esp-elf/bin/../xtensa-esp-elf/lib/:/home/vietnq/.espressif/tools/xtensa-esp-elf/esp-14.2.0_20260121/xtensa-esp-elf/bin/../xtensa-esp-elf/usr/lib/
COLLECT_GCC_OPTIONS='-mdynconfig=xtensa_esp32.so' '-Wno-frame-address' '-mlongcalls' '-fno-builtin-memcpy' '-fno-builtin-memset' '-fno-builtin-bzero' '-nostartfiles' '-fno-rtti' '-v' '-o' 'cmTC_ad428' '-dumpdir' 'cmTC_ad428.'
 /home/vietnq/.espressif/tools/xtensa-esp-elf/esp-14.2.0_20260121/xtensa-esp-elf/bin/../libexec/gcc/xtensa-esp-elf/14.2.0/collect2 -plugin /home/vietnq/.espressif/tools/xtensa-esp-elf/esp-14.2.0_20260121/xtensa-esp-elf/bin/../libexec/gcc/xtensa-esp-elf/14.2.0/liblto_plugin.so -plugin-opt=/home/vietnq/.espressif/tools/xtensa-esp-elf/esp-14.2.0_20260121/xtensa-esp-elf/bin/../libexec/gcc/xtensa-esp-elf/14.2.0/lto-wrapper -plugin-opt=-fresolution=/tmp/ccnYFbGu.res -plugin-opt=-pass-through=-lgcc -plugin-opt=-pass-through=-lc -plugin-opt=-pass-through=-lnosys -plugin-opt=-pass-through=-lc -plugin-opt=-pass-through=-lgcc --sysroot=/home/vietnq/.espressif/tools/xtensa-esp-elf/esp-14.2.0_20260121/xtensa-esp-elf/bin/../xtensa-esp-elf --dynconfig=xtensa_esp32.so -o cmTC_ad428 -L/home/vietnq/.espressif/tools/xtensa-esp-elf/esp-14.2.0_20260121/xtensa-esp-elf/bin/../lib/gcc/xtensa-esp-elf/14.2.0/esp32/no-rtti -L/home/vietnq/.espressif/tools/xtensa-esp-elf/esp-14.2.0_20260121/xtensa-esp-elf/bin/../lib/gcc/xtensa-esp-elf/14.2.0/../../../../xtensa-esp-elf/lib/esp32/no-rtti -L/home/vietnq/.espressif/tools/xtensa-esp-elf/esp-14.2.0_20260121/xtensa-esp-elf/bin/../xtensa-esp-elf/lib/esp32/no-rtti -L/home/vietnq/.espressif/tools/xtensa-esp-elf/esp-14.2.0_20260121/xtensa-esp-elf/bin/../lib/gcc/xtensa-esp-elf/14.2.0 -L/home/vietnq/.espressif/tools/xtensa-esp-elf/esp-14.2.0_20260121/xtensa-esp-elf/bin/../lib/gcc -L/home/vietnq/.espressif/tools/xtensa-esp-elf/esp-14.2.0_20260121/xtensa-esp-elf/bin/../lib/gcc/xtensa-esp-elf/14.2.0/../../../../xtensa-esp-elf/lib -L/home/vietnq/.espressif/tools/xtensa-esp-elf/esp-14.2.0_20260121/xtensa-esp-elf/bin/../xtensa-esp-elf/lib -L/home/vietnq/.espressif/tools/xtensa-esp-elf/esp-14.2.0_20260121/xtensa-esp-elf/bin/../xtensa-esp-elf/usr/lib @/tmp/ccsUWdSp -lgcc -lc -lnosys -lc -lgcc
/home/vietnq/.espressif/tools/xtensa-esp-elf/esp-14.2.0_20260121/xtensa-esp-elf/bin/../lib/gcc/xtensa-esp-elf/14.2.0/../../../../xtensa-esp-elf/bin/ld: warning: cannot find entry symbol _start; defaulting to 00400054
COLLECT_GCC_OPTIONS='-mdynconfig=xtensa_esp32.so' '-Wno-frame-address' '-mlongcalls' '-fno-builtin-memcpy' '-fno-builtin-memset' '-fno-builtin-bzero' '-nostartfiles' '-fno-rtti' '-v' '-o' 'cmTC_ad428' '-dumpdir' 'cmTC_ad428.'



Parsed CXX implicit include dir info from above output: rv=done
  found start of include info
  found start of implicit include info
    add: [/home/vietnq/.espressif/tools/xtensa-esp-elf/esp-14.2.0_20260121/xtensa-esp-elf/bin/../lib/gcc/xtensa-esp-elf/14.2.0/../../../../xtensa-esp-elf/include/c++/14.2.0]
    add: [/home/vietnq/.espressif/tools/xtensa-esp-elf/esp-14.2.0_20260121/xtensa-esp-elf/bin/../lib/gcc/xtensa-esp-elf/14.2.0/../../../../xtensa-esp-elf/include/c++/14.2.0/xtensa-esp-elf/esp32/no-rtti]
    add: [/home/vietnq/.espressif/tools/xtensa-esp-elf/esp-14.2.0_20260121/xtensa-esp-elf/bin/../lib/gcc/xtensa-esp-elf/14.2.0/../../../../xtensa-esp-elf/include/c++/14.2.0/backward]
    add: [/home/vietnq/.espressif/tools/xtensa-esp-elf/esp-14.2.0_20260121/xtensa-esp-elf/bin/../lib/gcc/xtensa-esp-elf/14.2.0/include]
    add: [/home/vietnq/.espressif/tools/xtensa-esp-elf/esp-14.2.0_20260121/xtensa-esp-elf/bin/../lib/gcc/xtensa-esp-elf/14.2.0/include-fixed]
    add: [/home/vietnq/.espressif/tools/xtensa-esp-elf/esp-14.2.0_20260121/xtensa-esp-elf/bin/../lib/gcc/xtensa-esp-elf/14.2.0/../../../../xtensa-esp-elf/include]
  end of search list found
  collapse include dir [/home/vietnq/.espressif/tools/xtensa-esp-elf/esp-14.2.0_20260121/xtensa-esp-elf/bin/../lib/gcc/xtensa-esp-elf/14.2.0/../../../../xtensa-esp-elf/include/c++/14.2.0] ==> [/home/vietnq/.espressif/tools/xtensa-esp-elf/esp-14.2.0_20260121/xtensa-esp-elf/xtensa-esp-elf/include/c++/14.2.0]
  collapse include dir [/home/vietnq/.espressif/tools/xtensa-esp-elf/esp-14.2.0_20260121/xtensa-esp-elf/bin/../lib/gcc/xtensa-esp-elf/14.2.0/../../../../xtensa-esp-elf/include/c++/14.2.0/xtensa-esp-elf/esp32/no-rtti] ==> [/home/vietnq/.espressif/tools/xtensa-esp-elf/esp-14.2.0_20260121/xtensa-esp-elf/xtensa-esp-elf/include/c++/14.2.0/xtensa-esp-elf/esp32/no-rtti]
  collapse include dir [/home/vietnq/.espressif/tools/xtensa-esp-elf/esp-14.2.0_20260121/xtensa-esp-elf/bin/../lib/gcc/xtensa-esp-elf/14.2.0/../../../../xtensa-esp-elf/include/c++/14.2.0/backward] ==> [/home/vietnq/.espressif/tools/xtensa-esp-elf/esp-14.2.0_20260121/xtensa-esp-elf/xtensa-esp-elf/include/c++/14.2.0/backward]
  collapse include dir [/home/vietnq/.espressif/tools/xtensa-esp-elf/esp-14.2.0_20260121/xtensa-esp-elf/bin/../lib/gcc/xtensa-esp-elf/14.2.0/include] ==> [/home/vietnq/.espressif/tools/xtensa-esp-elf/esp-14.2.0_20260121/xtensa-esp-elf/lib/gcc/xtensa-esp-elf/14.2.0/include]
  collapse include dir [/home/vietnq/.espressif/tools/xtensa-esp-elf/esp-14.2.0_20260121/xtensa-esp-elf/bin/../lib/gcc/xtensa-esp-elf/14.2.0/include-fixed] ==> [/home/vietnq/.espressif/tools/xtensa-esp-elf/esp-14.2.0_20260121/xtensa-esp-elf/lib/gcc/xtensa-esp-elf/14.2.0/include-fixed]
  collapse include dir [/home/vietnq/.espressif/tools/xtensa-esp-elf/esp-14.2.0_20260121/xtensa-esp-elf/bin/../lib/gcc/xtensa-esp-elf/14.2.0/../../../../xtensa-esp-elf/include] ==> [/home/vietnq/.espressif/tools/xtensa-esp-elf/esp-14.2.0_20260121/xtensa-esp-elf/xtensa-esp-elf/include]
  implicit include dirs: [/home/vietnq/.espressif/tools/xtensa-esp-elf/esp-14.2.0_20260121/xtensa-esp-elf/xtensa-esp-elf/include/c++/14.2.0;/home/vietnq/.espressif/tools/xtensa-esp-elf/esp-14.2.0_20260121/xtensa-esp-elf/xtensa-esp-elf/include/c++/14.2.0/xtensa-esp-elf/esp32/no-rtti;/home/vietnq/.espressif/tools/xtensa-esp-elf/esp-14.2.0_20260121/xtensa-esp-elf/xtensa-esp-elf/include/c++/14.2.0/backward;/home/vietnq/.espressif/tools/xtensa-esp-elf/esp-14.2.0_20260121/xtensa-esp-elf/lib/gcc/xtensa-esp-elf/14.2.0/include;/home/vietnq/.espressif/tools/xtensa-esp-elf/esp-14.2.0_20260121/xtensa-esp-elf/lib/gcc/xtensa-esp-elf/14.2.0/include-fixed;/home/vietnq/.espressif/tools/xtensa-esp-elf/esp-14.2.0_20260121/xtensa-esp-elf/xtensa-esp-elf/include]


Parsed CXX implicit link information from above output:
  link line regex: [^( *|.*[/\])(xtensa-esp32-elf-ld|CMAKE_LINK_STARTFILE-NOTFOUND|([^/\]+-)?ld|collect2)[^/\]*( |$)]
  ignore line: [Change Dir: /home/vietnq/esp/ota/build/bootloader/CMakeFiles/CMakeTmp]
  ignore line: []
  ignore line: [Run Build Command(s):/usr/bin/ninja cmTC_ad428 && [1/2] Building CXX object CMakeFiles/cmTC_ad428.dir/CMakeCXXCompilerABI.cpp.obj]
  ignore line: [Using built-in specs.]
  ignore line: [COLLECT_GCC=/home/vietnq/.espressif/tools/xtensa-esp-elf/esp-14.2.0_20260121/xtensa-esp-elf/bin/xtensa-esp-elf-g++]
  ignore line: [Target: xtensa-esp-elf]
  ignore line: [Configured with: /builds/idf/crosstool-NG/.build/xtensa-esp-elf/src/gcc/configure --build=x86_64-build_pc-linux-gnu --host=x86_64-build_pc-linux-gnu --target=xtensa-esp-elf --prefix=/builds/idf/crosstool-NG/builds/xtensa-esp-elf --exec_prefix=/builds/idf/crosstool-NG/builds/xtensa-esp-elf --with-local-prefix=/builds/idf/crosstool-NG/builds/xtensa-esp-elf/xtensa-esp-elf --with-sysroot=/builds/idf/crosstool-NG/builds/xtensa-esp-elf/xtensa-esp-elf --with-native-system-header-dir=/include --with-headers=/builds/idf/crosstool-NG/builds/xtensa-esp-elf/xtensa-esp-elf/include --with-newlib --enable-threads=no --disable-shared --with-pkgversion='crosstool-NG esp-14.2.0_20260121' --disable-__cxa_atexit --enable-cxx-flags='-ffunction-sections -fdata-sections' --disable-libgomp --disable-libmudflap --disable-libmpx --disable-libssp --disable-libquadmath --disable-libquadmath-support --disable-libstdcxx-verbose --with-gmp=/builds/idf/crosstool-NG/.build/xtensa-esp-elf/buildtools --with-mpfr=/builds/idf/crosstool-NG/.build/xtensa-esp-elf/buildtools --with-mpc=/builds/idf/crosstool-NG/.build/xtensa-esp-elf/buildtools --with-isl=/builds/idf/crosstool-NG/.build/xtensa-esp-elf/buildtools --enable-lto --enable-target-optspace --without-long-double-128 --enable-plugin --disable-nls --enable-multiarch --enable-languages=c c++ --disable-libstdcxx-verbose --enable-threads=posix --enable-libstdcxx-time=yes --disable-win32-utf8-manifest]
  ignore line: [Thread model: posix]
  ignore line: [Supported LTO compression algorithms: zlib zstd]
  ignore line: [gcc version 14.2.0 (crosstool-NG esp-14.2.0_20260121) ]
  ignore line: [COLLECT_GCC_OPTIONS='-mdynconfig=xtensa_esp32.so' '-Wno-frame-address' '-mlongcalls' '-fno-builtin-memcpy' '-fno-builtin-memset' '-fno-builtin-bzero' '-fno-rtti' '-v' '-o' 'CMakeFiles/cmTC_ad428.dir/CMakeCXXCompilerABI.cpp.obj' '-c' '-dumpdir' 'CMakeFiles/cmTC_ad428.dir/']
  ignore line: [ /home/vietnq/.espressif/tools/xtensa-esp-elf/esp-14.2.0_20260121/xtensa-esp-elf/bin/../libexec/gcc/xtensa-esp-elf/14.2.0/cc1plus -quiet -v -imultilib esp32/no-rtti -iprefix /home/vietnq/.espressif/tools/xtensa-esp-elf/esp-14.2.0_20260121/xtensa-esp-elf/bin/../lib/gcc/xtensa-esp-elf/14.2.0/ -isysroot /home/vietnq/.espressif/tools/xtensa-esp-elf/esp-14.2.0_20260121/xtensa-esp-elf/bin/../xtensa-esp-elf /usr/share/cmake-3.22/Modules/CMakeCXXCompilerABI.cpp -quiet -dumpdir CMakeFiles/cmTC_ad428.dir/ -dumpbase CMakeCXXCompilerABI.cpp.cpp -dumpbase-ext .cpp -mdynconfig=xtensa_esp32.so -mlongcalls -Wno-frame-address -version -fno-builtin-memcpy -fno-builtin-memset -fno-builtin-bzero -fno-rtti -o /tmp/ccjYUSTW.s]
  ignore line: [GNU C++17 (crosstool-NG esp-14.2.0_20260121) version 14.2.0 (xtensa-esp-elf)]
  ignore line: [	compiled by GNU C version 6.3.0  GMP version 6.3.0  MPFR version 4.2.1  MPC version 1.3.1  isl version isl-0.26-GMP]
  ignore line: []
  ignore line: [GGC heuristics: --param ggc-min-expand=100 --param ggc-min-heapsize=131072]
  ignore line: [ignoring duplicate directory "/home/vietnq/.espressif/tools/xtensa-esp-elf/esp-14.2.0_20260121/xtensa-esp-elf/bin/../lib/gcc/../../lib/gcc/xtensa-esp-elf/14.2.0/../../../../xtensa-esp-elf/include/c++/14.2.0"]
  ignore line: [ignoring duplicate directory "/home/vietnq/.espressif/tools/xtensa-esp-elf/esp-14.2.0_20260121/xtensa-esp-elf/bin/../lib/gcc/../../lib/gcc/xtensa-esp-elf/14.2.0/../../../../xtensa-esp-elf/include/c++/14.2.0/xtensa-esp-elf/esp32/no-rtti"]
  ignore line: [ignoring duplicate directory "/home/vietnq/.espressif/tools/xtensa-esp-elf/esp-14.2.0_20260121/xtensa-esp-elf/bin/../lib/gcc/../../lib/gcc/xtensa-esp-elf/14.2.0/../../../../xtensa-esp-elf/include/c++/14.2.0/backward"]
  ignore line: [ignoring duplicate directory "/home/vietnq/.espressif/tools/xtensa-esp-elf/esp-14.2.0_20260121/xtensa-esp-elf/bin/../lib/gcc/../../lib/gcc/xtensa-esp-elf/14.2.0/include"]
  ignore line: [ignoring nonexistent directory "/home/vietnq/.espressif/tools/xtensa-esp-elf/esp-14.2.0_20260121/xtensa-esp-elf/bin/../xtensa-esp-elf/builds/idf/crosstool-NG/builds/xtensa-esp-elf/xtensa-esp-elf/include"]
  ignore line: [ignoring duplicate directory "/home/vietnq/.espressif/tools/xtensa-esp-elf/esp-14.2.0_20260121/xtensa-esp-elf/bin/../lib/gcc/../../lib/gcc/xtensa-esp-elf/14.2.0/include-fixed"]
  ignore line: [ignoring duplicate directory "/home/vietnq/.espressif/tools/xtensa-esp-elf/esp-14.2.0_20260121/xtensa-esp-elf/bin/../lib/gcc/../../lib/gcc/xtensa-esp-elf/14.2.0/../../../../xtensa-esp-elf/include"]
  ignore line: [ignoring duplicate directory "/home/vietnq/.espressif/tools/xtensa-esp-elf/esp-14.2.0_20260121/xtensa-esp-elf/bin/../xtensa-esp-elf/include"]
  ignore line: [#include "..." search starts here:]
  ignore line: [#include <...> search starts here:]
  ignore line: [ /home/vietnq/.espressif/tools/xtensa-esp-elf/esp-14.2.0_20260121/xtensa-esp-elf/bin/../lib/gcc/xtensa-esp-elf/14.2.0/../../../../xtensa-esp-elf/include/c++/14.2.0]
  ignore line: [ /home/vietnq/.espressif/tools/xtensa-esp-elf/esp-14.2.0_20260121/xtensa-esp-elf/bin/../lib/gcc/xtensa-esp-elf/14.2.0/../../../../xtensa-esp-elf/include/c++/14.2.0/xtensa-esp-elf/esp32/no-rtti]
  ignore line: [ /home/vietnq/.espressif/tools/xtensa-esp-elf/esp-14.2.0_20260121/xtensa-esp-elf/bin/../lib/gcc/xtensa-esp-elf/14.2.0/../../../../xtensa-esp-elf/include/c++/14.2.0/backward]
  ignore line: [ /home/vietnq/.espressif/tools/xtensa-esp-elf/esp-14.2.0_20260121/xtensa-esp-elf/bin/../lib/gcc/xtensa-esp-elf/14.2.0/include]
  ignore line: [ /home/vietnq/.espressif/tools/xtensa-esp-elf/esp-14.2.0_20260121/xtensa-esp-elf/bin/../lib/gcc/xtensa-esp-elf/14.2.0/include-fixed]
  ignore line: [ /home/vietnq/.espressif/tools/xtensa-esp-elf/esp-14.2.0_20260121/xtensa-esp-elf/bin/../lib/gcc/xtensa-esp-elf/14.2.0/../../../../xtensa-esp-elf/include]
  ignore line: [End of search list.]
  ignore line: [Compiler executable checksum: a254981dd59757a59628c9ca49d36a87]
  ignore line: [COLLECT_GCC_OPTIONS='-mdynconfig=xtensa_esp32.so' '-Wno-frame-address' '-mlongcalls' '-fno-builtin-memcpy' '-fno-builtin-memset' '-fno-builtin-bzero' '-fno-rtti' '-v' '-o' 'CMakeFiles/cmTC_ad428.dir/CMakeCXXCompilerABI.cpp.obj' '-c' '-dumpdir' 'CMakeFiles/cmTC_ad428.dir/']
  ignore line: [ /home/vietnq/.espressif/tools/xtensa-esp-elf/esp-14.2.0_20260121/xtensa-esp-elf/bin/../lib/gcc/xtensa-esp-elf/14.2.0/../../../../xtensa-esp-elf/bin/as --traditional-format --longcalls --dynconfig=xtensa_esp32.so -o CMakeFiles/cmTC_ad428.dir/CMakeCXXCompilerABI.cpp.obj /tmp/ccjYUSTW.s]
  ignore line: [COMPILER_PATH=/home/vietnq/.espressif/tools/xtensa-esp-elf/esp-14.2.0_20260121/xtensa-esp-elf/bin/../libexec/gcc/xtensa-esp-elf/14.2.0/:/home/vietnq/.espressif/tools/xtensa-esp-elf/esp-14.2.0_20260121/xtensa-esp-elf/bin/../libexec/gcc/:/home/vietnq/.espressif/tools/xtensa-esp-elf/esp-14.2.0_20260121/xtensa-esp-elf/bin/../lib/gcc/xtensa-esp-elf/14.2.0/../../../../xtensa-esp-elf/bin/]
  ignore line: [LIBRARY_PATH=/home/vietnq/.espressif/tools/xtensa-esp-elf/esp-14.2.0_20260121/xtensa-esp-elf/bin/../lib/gcc/xtensa-esp-elf/14.2.0/esp32/no-rtti/:/home/vietnq/.espressif/tools/xtensa-esp-elf/esp-14.2.0_20260121/xtensa-esp-elf/bin/../lib/gcc/xtensa-esp-elf/14.2.0/../../../../xtensa-esp-elf/lib/esp32/no-rtti/:/home/vietnq/.espressif/tools/xtensa-esp-elf/esp-14.2.0_20260121/xtensa-esp-elf/bin/../xtensa-esp-elf/lib/esp32/no-rtti/:/home/vietnq/.espressif/tools/xtensa-esp-elf/esp-14.2.0_20260121/xtensa-esp-elf/bin/../lib/gcc/xtensa-esp-elf/14.2.0/:/home/vietnq/.espressif/tools/xtensa-esp-elf/esp-14.2.0_20260121/xtensa-esp-elf/bin/../lib/gcc/:/home/vietnq/.espressif/tools/xtensa-esp-elf/esp-14.2.0_20260121/xtensa-esp-elf/bin/../lib/gcc/xtensa-esp-elf/14.2.0/../../../../xtensa-esp-elf/lib/:/home/vietnq/.espressif/tools/xtensa-esp-elf/esp-14.2.0_20260121/xtensa-esp-elf/bin/../xtensa-esp-elf/lib/:/home/vietnq/.espressif/tools/xtensa-esp-elf/esp-14.2.0_20260121/xtensa-esp-elf/bin/../xtensa-esp-elf/usr/lib/]
  ignore line: [COLLECT_GCC_OPTIONS='-mdynconfig=xtensa_esp32.so' '-Wno-frame-address' '-mlongcalls' '-fno-builtin-memcpy' '-fno-builtin-memset' '-fno-builtin-bzero' '-fno-rtti' '-v' '-o' 'CMakeFiles/cmTC_ad428.dir/CMakeCXXCompilerABI.cpp.obj' '-c' '-dumpdir' 'CMakeFiles/cmTC_ad428.dir/CMakeCXXCompilerABI.cpp.']
  ignore line: [[2/2] Linking CXX executable cmTC_ad428]
  ignore line: [Using built-in specs.]
  ignore line: [COLLECT_GCC=/home/vietnq/.espressif/tools/xtensa-esp-elf/esp-14.2.0_20260121/xtensa-esp-elf/bin/xtensa-esp-elf-g++]
  ignore line: [COLLECT_LTO_WRAPPER=/home/vietnq/.espressif/tools/xtensa-esp-elf/esp-14.2.0_20260121/xtensa-esp-elf/bin/../libexec/gcc/xtensa-esp-elf/14.2.0/lto-wrapper]
  ignore line: [Target: xtensa-esp-elf]
  ignore line: [Configured with: /builds/idf/crosstool-NG/.build/xtensa-esp-elf/src/gcc/configure --build=x86_64-build_pc-linux-gnu --host=x86_64-build_pc-linux-gnu --target=xtensa-esp-elf --prefix=/builds/idf/crosstool-NG/builds/xtensa-esp-elf --exec_prefix=/builds/idf/crosstool-NG/builds/xtensa-esp-elf --with-local-prefix=/builds/idf/crosstool-NG/builds/xtensa-esp-elf/xtensa-esp-elf --with-sysroot=/builds/idf/crosstool-NG/builds/xtensa-esp-elf/xtensa-esp-elf --with-native-system-header-dir=/include --with-headers=/builds/idf/crosstool-NG/builds/xtensa-esp-elf/xtensa-esp-elf/include --with-newlib --enable-threads=no --disable-shared --with-pkgversion='crosstool-NG esp-14.2.0_20260121' --disable-__cxa_atexit --enable-cxx-flags='-ffunction-sections -fdata-sections' --disable-libgomp --disable-libmudflap --disable-libmpx --disable-libssp --disable-libquadmath --disable-libquadmath-support --disable-libstdcxx-verbose --with-gmp=/builds/idf/crosstool-NG/.build/xtensa-esp-elf/buildtools --with-mpfr=/builds/idf/crosstool-NG/.build/xtensa-esp-elf/buildtools --with-mpc=/builds/idf/crosstool-NG/.build/xtensa-esp-elf/buildtools --with-isl=/builds/idf/crosstool-NG/.build/xtensa-esp-elf/buildtools --enable-lto --enable-target-optspace --without-long-double-128 --enable-plugin --disable-nls --enable-multiarch --enable-languages=c c++ --disable-libstdcxx-verbose --enable-threads=posix --enable-libstdcxx-time=yes --disable-win32-utf8-manifest]
  ignore line: [Thread model: posix]
  ignore line: [Supported LTO compression algorithms: zlib zstd]
  ignore line: [gcc version 14.2.0 (crosstool-NG esp-14.2.0_20260121) ]
  ignore line: [COMPILER_PATH=/home/vietnq/.espressif/tools/xtensa-esp-elf/esp-14.2.0_20260121/xtensa-esp-elf/bin/../libexec/gcc/xtensa-esp-elf/14.2.0/:/home/vietnq/.espressif/tools/xtensa-esp-elf/esp-14.2.0_20260121/xtensa-esp-elf/bin/../libexec/gcc/:/home/vietnq/.espressif/tools/xtensa-esp-elf/esp-14.2.0_20260121/xtensa-esp-elf/bin/../lib/gcc/xtensa-esp-elf/14.2.0/../../../../xtensa-esp-elf/bin/]
  ignore line: [LIBRARY_PATH=/home/vietnq/.espressif/tools/xtensa-esp-elf/esp-14.2.0_20260121/xtensa-esp-elf/bin/../lib/gcc/xtensa-esp-elf/14.2.0/esp32/no-rtti/:/home/vietnq/.espressif/tools/xtensa-esp-elf/esp-14.2.0_20260121/xtensa-esp-elf/bin/../lib/gcc/xtensa-esp-elf/14.2.0/../../../../xtensa-esp-elf/lib/esp32/no-rtti/:/home/vietnq/.espressif/tools/xtensa-esp-elf/esp-14.2.0_20260121/xtensa-esp-elf/bin/../xtensa-esp-elf/lib/esp32/no-rtti/:/home/vietnq/.espressif/tools/xtensa-esp-elf/esp-14.2.0_20260121/xtensa-esp-elf/bin/../lib/gcc/xtensa-esp-elf/14.2.0/:/home/vietnq/.espressif/tools/xtensa-esp-elf/esp-14.2.0_20260121/xtensa-esp-elf/bin/../lib/gcc/:/home/vietnq/.espressif/tools/xtensa-esp-elf/esp-14.2.0_20260121/xtensa-esp-elf/bin/../lib/gcc/xtensa-esp-elf/14.2.0/../../../../xtensa-esp-elf/lib/:/home/vietnq/.espressif/tools/xtensa-esp-elf/esp-14.2.0_20260121/xtensa-esp-elf/bin/../xtensa-esp-elf/lib/:/home/vietnq/.espressif/tools/xtensa-esp-elf/esp-14.2.0_20260121/xtensa-esp-elf/bin/../xtensa-esp-elf/usr/lib/]
  ignore line: [COLLECT_GCC_OPTIONS='-mdynconfig=xtensa_esp32.so' '-Wno-frame-address' '-mlongcalls' '-fno-builtin-memcpy' '-fno-builtin-memset' '-fno-builtin-bzero' '-nostartfiles' '-fno-rtti' '-v' '-o' 'cmTC_ad428' '-dumpdir' 'cmTC_ad428.']
  link line: [ /home/vietnq/.espressif/tools/xtensa-esp-elf/esp-14.2.0_20260121/xtensa-esp-elf/bin/../libexec/gcc/xtensa-esp-elf/14.2.0/collect2 -plugin /home/vietnq/.espressif/tools/xtensa-esp-elf/esp-14.2.0_20260121/xtensa-esp-elf/bin/../libexec/gcc/xtensa-esp-elf/14.2.0/liblto_plugin.so -plugin-opt=/home/vietnq/.espressif/tools/xtensa-esp-elf/esp-14.2.0_20260121/xtensa-esp-elf/bin/../libexec/gcc/xtensa-esp-elf/14.2.0/lto-wrapper -plugin-opt=-fresolution=/tmp/ccnYFbGu.res -plugin-opt=-pass-through=-lgcc -plugin-opt=-pass-through=-lc -plugin-opt=-pass-through=-lnosys -plugin-opt=-pass-through=-lc -plugin-opt=-pass-through=-lgcc --sysroot=/home/vietnq/.espressif/tools/xtensa-esp-elf/esp-14.2.0_20260121/xtensa-esp-elf/bin/../xtensa-esp-elf --dynconfig=xtensa_esp32.so -o cmTC_ad428 -L/home/vietnq/.espressif/tools/xtensa-esp-elf/esp-14.2.0_20260121/xtensa-esp-elf/bin/../lib/gcc/xtensa-esp-elf/14.2.0/esp32/no-rtti -L/home/vietnq/.espressif/tools/xtensa-esp-elf/esp-14.2.0_20260121/xtensa-esp-elf/bin/../lib/gcc/xtensa-esp-elf/14.2.0/../../../../xtensa-esp-elf/lib/esp32/no-rtti -L/home/vietnq/.espressif/tools/xtensa-esp-elf/esp-14.2.0_20260121/xtensa-esp-elf/bin/../xtensa-esp-elf/lib/esp32/no-rtti -L/home/vietnq/.espressif/tools/xtensa-esp-elf/esp-14.2.0_20260121/xtensa-esp-elf/bin/../lib/gcc/xtensa-esp-elf/14.2.0 -L/home/vietnq/.espressif/tools/xtensa-esp-elf/esp-14.2.0_20260121/xtensa-esp-elf/bin/../lib/gcc -L/home/vietnq/.espressif/tools/xtensa-esp-elf/esp-14.2.0_20260121/xtensa-esp-elf/bin/../lib/gcc/xtensa-esp-elf/14.2.0/../../../../xtensa-esp-elf/lib -L/home/vietnq/.espressif/tools/xtensa-esp-elf/esp-14.2.0_20260121/xtensa-esp-elf/bin/../xtensa-esp-elf/lib -L/home/vietnq/.espressif/tools/xtensa-esp-elf/esp-14.2.0_20260121/xtensa-esp-elf/bin/../xtensa-esp-elf/usr/lib @/tmp/ccsUWdSp -lgcc -lc -lnosys -lc -lgcc]
    arg [/home/vietnq/.espressif/tools/xtensa-esp-elf/esp-14.2.0_20260121/xtensa-esp-elf/bin/../libexec/gcc/xtensa-esp-elf/14.2.0/collect2] ==> ignore
    arg [-plugin] ==> ignore
    arg [/home/vietnq/.espressif/tools/xtensa-esp-elf/esp-14.2.0_20260121/xtensa-esp-elf/bin/../libexec/gcc/xtensa-esp-elf/14.2.0/liblto_plugin.so] ==> ignore
    arg [-plugin-opt=/home/vietnq/.espressif/tools/xtensa-esp-elf/esp-14.2.0_20260121/xtensa-esp-elf/bin/../libexec/gcc/xtensa-esp-elf/14.2.0/lto-wrapper] ==> ignore
    arg [-plugin-opt=-fresolution=/tmp/ccnYFbGu.res] ==> ignore
    arg [-plugin-opt=-pass-through=-lgcc] ==> ignore
    arg [-plugin-opt=-pass-through=-lc] ==> ignore
    arg [-plugin-opt=-pass-through=-lnosys] ==> ignore
    arg [-plugin-opt=-pass-through=-lc] ==> ignore
    arg [-plugin-opt=-pass-through=-lgcc] ==> ignore
    arg [--sysroot=/home/vietnq/.espressif/tools/xtensa-esp-elf/esp-14.2.0_20260121/xtensa-esp-elf/bin/../xtensa-esp-elf] ==> ignore
    arg [--dynconfig=xtensa_esp32.so] ==> ignore
    arg [-o] ==> ignore
    arg [cmTC_ad428] ==> ignore
    arg [-L/home/vietnq/.espressif/tools/xtensa-esp-elf/esp-14.2.0_20260121/xtensa-esp-elf/bin/../lib/gcc/xtensa-esp-elf/14.2.0/esp32/no-rtti] ==> dir [/home/vietnq/.espressif/tools/xtensa-esp-elf/esp-14.2.0_20260121/xtensa-esp-elf/bin/../lib/gcc/xtensa-esp-elf/14.2.0/esp32/no-rtti]
    arg [-L/home/vietnq/.espressif/tools/xtensa-esp-elf/esp-14.2.0_20260121/xtensa-esp-elf/bin/../lib/gcc/xtensa-esp-elf/14.2.0/../../../../xtensa-esp-elf/lib/esp32/no-rtti] ==> dir [/home/vietnq/.espressif/tools/xtensa-esp-elf/esp-14.2.0_20260121/xtensa-esp-elf/bin/../lib/gcc/xtensa-esp-elf/14.2.0/../../../../xtensa-esp-elf/lib/esp32/no-rtti]
    arg [-L/home/vietnq/.espressif/tools/xtensa-esp-elf/esp-14.2.0_20260121/xtensa-esp-elf/bin/../xtensa-esp-elf/lib/esp32/no-rtti] ==> dir [/home/vietnq/.espressif/tools/xtensa-esp-elf/esp-14.2.0_20260121/xtensa-esp-elf/bin/../xtensa-esp-elf/lib/esp32/no-rtti]
    arg [-L/home/vietnq/.espressif/tools/xtensa-esp-elf/esp-14.2.0_20260121/xtensa-esp-elf/bin/../lib/gcc/xtensa-esp-elf/14.2.0] ==> dir [/home/vietnq/.espressif/tools/xtensa-esp-elf/esp-14.2.0_20260121/xtensa-esp-elf/bin/../lib/gcc/xtensa-esp-elf/14.2.0]
    arg [-L/home/vietnq/.espressif/tools/xtensa-esp-elf/esp-14.2.0_20260121/xtensa-esp-elf/bin/../lib/gcc] ==> dir [/home/vietnq/.espressif/tools/xtensa-esp-elf/esp-14.2.0_20260121/xtensa-esp-elf/bin/../lib/gcc]
    arg [-L/home/vietnq/.espressif/tools/xtensa-esp-elf/esp-14.2.0_20260121/xtensa-esp-elf/bin/../lib/gcc/xtensa-esp-elf/14.2.0/../../../../xtensa-esp-elf/lib] ==> dir [/home/vietnq/.espressif/tools/xtensa-esp-elf/esp-14.2.0_20260121/xtensa-esp-elf/bin/../lib/gcc/xtensa-esp-elf/14.2.0/../../../../xtensa-esp-elf/lib]
    arg [-L/home/vietnq/.espressif/tools/xtensa-esp-elf/esp-14.2.0_20260121/xtensa-esp-elf/bin/../xtensa-esp-elf/lib] ==> dir [/home/vietnq/.espressif/tools/xtensa-esp-elf/esp-14.2.0_20260121/xtensa-esp-elf/bin/../xtensa-esp-elf/lib]
    arg [-L/home/vietnq/.espressif/tools/xtensa-esp-elf/esp-14.2.0_20260121/xtensa-esp-elf/bin/../xtensa-esp-elf/usr/lib] ==> dir [/home/vietnq/.espressif/tools/xtensa-esp-elf/esp-14.2.0_20260121/xtensa-esp-elf/bin/../xtensa-esp-elf/usr/lib]
    arg [@/tmp/ccsUWdSp] ==> ignore
    arg [-lgcc] ==> lib [gcc]
    arg [-lc] ==> lib [c]
    arg [-lnosys] ==> lib [nosys]
    arg [-lc] ==> lib [c]
    arg [-lgcc] ==> lib [gcc]
  collapse library dir [/home/vietnq/.espressif/tools/xtensa-esp-elf/esp-14.2.0_20260121/xtensa-esp-elf/bin/../lib/gcc/xtensa-esp-elf/14.2.0/esp32/no-rtti] ==> [/home/vietnq/.espressif/tools/xtensa-esp-elf/esp-14.2.0_20260121/xtensa-esp-elf/lib/gcc/xtensa-esp-elf/14.2.0/esp32/no-rtti]
  collapse library dir [/home/vietnq/.espressif/tools/xtensa-esp-elf/esp-14.2.0_20260121/xtensa-esp-elf/bin/../lib/gcc/xtensa-esp-elf/14.2.0/../../../../xtensa-esp-elf/lib/esp32/no-rtti] ==> [/home/vietnq/.espressif/tools/xtensa-esp-elf/esp-14.2.0_20260121/xtensa-esp-elf/xtensa-esp-elf/lib/esp32/no-rtti]
  collapse library dir [/home/vietnq/.espressif/tools/xtensa-esp-elf/esp-14.2.0_20260121/xtensa-esp-elf/bin/../xtensa-esp-elf/lib/esp32/no-rtti] ==> [/home/vietnq/.espressif/tools/xtensa-esp-elf/esp-14.2.0_20260121/xtensa-esp-elf/xtensa-esp-elf/lib/esp32/no-rtti]
  collapse library dir [/home/vietnq/.espressif/tools/xtensa-esp-elf/esp-14.2.0_20260121/xtensa-esp-elf/bin/../lib/gcc/xtensa-esp-elf/14.2.0] ==> [/home/vietnq/.espressif/tools/xtensa-esp-elf/esp-14.2.0_20260121/xtensa-esp-elf/lib/gcc/xtensa-esp-elf/14.2.0]
  collapse library dir [/home/vietnq/.espressif/tools/xtensa-esp-elf/esp-14.2.0_20260121/xtensa-esp-elf/bin/../lib/gcc] ==> [/home/vietnq/.espressif/tools/xtensa-esp-elf/esp-14.2.0_20260121/xtensa-esp-elf/lib/gcc]
  collapse library dir [/home/vietnq/.espressif/tools/xtensa-esp-elf/esp-14.2.0_20260121/xtensa-esp-elf/bin/../lib/gcc/xtensa-esp-elf/14.2.0/../../../../xtensa-esp-elf/lib] ==> [/home/vietnq/.espressif/tools/xtensa-esp-elf/esp-14.2.0_20260121/xtensa-esp-elf/xtensa-esp-elf/lib]
  collapse library dir [/home/vietnq/.espressif/tools/xtensa-esp-elf/esp-14.2.0_20260121/xtensa-esp-elf/bin/../xtensa-esp-elf/lib] ==> [/home/vietnq/.espressif/tools/xtensa-esp-elf/esp-14.2.0_20260121/xtensa-esp-elf/xtensa-esp-elf/lib]
  collapse library dir [/home/vietnq/.espressif/tools/xtensa-esp-elf/esp-14.2.0_20260121/xtensa-esp-elf/bin/../xtensa-esp-elf/usr/lib] ==> [/home/vietnq/.espressif/tools/xtensa-esp-elf/esp-14.2.0_20260121/xtensa-esp-elf/xtensa-esp-elf/usr/lib]
  implicit libs: [gcc;c;nosys;c;gcc]
  implicit objs: []
  implicit dirs: [/home/vietnq/.espressif/tools/xtensa-esp-elf/esp-14.2.0_20260121/xtensa-esp-elf/lib/gcc/xtensa-esp-elf/14.2.0/esp32/no-rtti;/home/vietnq/.espressif/tools/xtensa-esp-elf/esp-14.2.0_20260121/xtensa-esp-elf/xtensa-esp-elf/lib/esp32/no-rtti;/home/vietnq/.espressif/tools/xtensa-esp-elf/esp-14.2.0_20260121/xtensa-esp-elf/lib/gcc/xtensa-esp-elf/14.2.0;/home/vietnq/.espressif/tools/xtensa-esp-elf/esp-14.2.0_20260121/xtensa-esp-elf/lib/gcc;/home/vietnq/.espressif/tools/xtensa-esp-elf/esp-14.2.0_20260121/xtensa-esp-elf/xtensa-esp-elf/lib;/home/vietnq/.espressif/tools/xtensa-esp-elf/esp-14.2.0_20260121/xtensa-esp-elf/xtensa-esp-elf/usr/lib]
  implicit fwks: []


Detecting C compiler ABI info compiled with the following output:
Change Dir: /home/vietnq/esp/ota/build/bootloader/CMakeFiles/CMakeTmp

Run Build Command(s):/usr/bin/ninja cmTC_27b60 && [1/2] Building C object CMakeFiles/cmTC_27b60.dir/CMakeCCompilerABI.c.obj
Using built-in specs.
COLLECT_GCC=/home/vietnq/.espressif/tools/xtensa-esp-elf/esp-14.2.0_20260121/xtensa-esp-elf/bin/xtensa-esp-elf-gcc
Target: xtensa-esp-elf
Configured with: /builds/idf/crosstool-NG/.build/xtensa-esp-elf/src/gcc/configure --build=x86_64-build_pc-linux-gnu --host=x86_64-build_pc-linux-gnu --target=xtensa-esp-elf --prefix=/builds/idf/crosstool-NG/builds/xtensa-esp-elf --exec_prefix=/builds/idf/crosstool-NG/builds/xtensa-esp-elf --with-local-prefix=/builds/idf/crosstool-NG/builds/xtensa-esp-elf/xtensa-esp-elf --with-sysroot=/builds/idf/crosstool-NG/builds/xtensa-esp-elf/xtensa-esp-elf --with-native-system-header-dir=/include --with-headers=/builds/idf/crosstool-NG/builds/xtensa-esp-elf/xtensa-esp-elf/include --with-newlib --enable-threads=no --disable-shared --with-pkgversion='crosstool-NG esp-14.2.0_20260121' --disable-__cxa_atexit --enable-cxx-flags='-ffunction-sections -fdata-sections' --disable-libgomp --disable-libmudflap --disable-libmpx --disable-libssp --disable-libquadmath --disable-libquadmath-support --disable-libstdcxx-verbose --with-gmp=/builds/idf/crosstool-NG/.build/xtensa-esp-elf/buildtools --with-mpfr=/builds/idf/crosstool-NG/.build/xtensa-esp-elf/buildtools --with-mpc=/builds/idf/crosstool-NG/.build/xtensa-esp-elf/buildtools --with-isl=/builds/idf/crosstool-NG/.build/xtensa-esp-elf/buildtools --enable-lto --enable-target-optspace --without-long-double-128 --enable-plugin --disable-nls --enable-multiarch --enable-languages=c,c++ --disable-libstdcxx-verbose --enable-threads=posix --enable-libstdcxx-time=yes --disable-win32-utf8-manifest
Thread model: posix
Supported LTO compression algorithms: zlib zstd
gcc version 14.2.0 (crosstool-NG esp-14.2.0_20260121) 
COLLECT_GCC_OPTIONS='-mdynconfig=xtensa_esp32.so' '-Wno-frame-address' '-mlongcalls' '-fno-builtin-memcpy' '-fno-builtin-memset' '-fno-builtin-bzero' '-v' '-o' 'CMakeFiles/cmTC_27b60.dir/CMakeCCompilerABI.c.obj' '-c' '-dumpdir' 'CMakeFiles/cmTC_27b60.dir/'
 /home/vietnq/.espressif/tools/xtensa-esp-elf/esp-14.2.0_20260121/xtensa-esp-elf/bin/../libexec/gcc/xtensa-esp-elf/14.2.0/cc1 -quiet -v -imultilib esp32 -iprefix /home/vietnq/.espressif/tools/xtensa-esp-elf/esp-14.2.0_20260121/xtensa-esp-elf/bin/../lib/gcc/xtensa-esp-elf/14.2.0/ -isysroot /home/vietnq/.espressif/tools/xtensa-esp-elf/esp-14.2.0_20260121/xtensa-esp-elf/bin/../xtensa-esp-elf /usr/share/cmake-3.22/Modules/CMakeCCompilerABI.c -quiet -dumpdir CMakeFiles/cmTC_27b60.dir/ -dumpbase CMakeCCompilerABI.c.c -dumpbase-ext .c -mdynconfig=xtensa_esp32.so -mlongcalls -Wno-frame-address -version -fno-builtin-memcpy -fno-builtin-memset -fno-builtin-bzero -o /tmp/ccux4jmK.s
GNU C17 (crosstool-NG esp-14.2.0_20260121) version 14.2.0 (xtensa-esp-elf)
	compiled by GNU C version 6.3.0, GMP version 6.3.0, MPFR version 4.2.1, MPC version 1.3.1, isl version isl-0.26-GMP

GGC heuristics: --param ggc-min-expand=100 --param ggc-min-heapsize=131072
ignoring duplicate directory "/home/vietnq/.espressif/tools/xtensa-esp-elf/esp-14.2.0_20260121/xtensa-esp-elf/bin/../lib/gcc/../../lib/gcc/xtensa-esp-elf/14.2.0/include"
ignoring nonexistent directory "/home/vietnq/.espressif/tools/xtensa-esp-elf/esp-14.2.0_20260121/xtensa-esp-elf/bin/../xtensa-esp-elf/builds/idf/crosstool-NG/builds/xtensa-esp-elf/xtensa-esp-elf/include"
ignoring duplicate directory "/home/vietnq/.espressif/tools/xtensa-esp-elf/esp-14.2.0_20260121/xtensa-esp-elf/bin/../lib/gcc/../../lib/gcc/xtensa-esp-elf/14.2.0/include-fixed"
ignoring duplicate directory "/home/vietnq/.espressif/tools/xtensa-esp-elf/esp-14.2.0_20260121/xtensa-esp-elf/bin/../lib/gcc/../../lib/gcc/xtensa-esp-elf/14.2.0/../../../../xtensa-esp-elf/include"
ignoring duplicate directory "/home/vietnq/.espressif/tools/xtensa-esp-elf/esp-14.2.0_20260121/xtensa-esp-elf/bin/../xtensa-esp-elf/include"
#include "..." search starts here:
#include <...> search starts here:
 /home/vietnq/.espressif/tools/xtensa-esp-elf/esp-14.2.0_20260121/xtensa-esp-elf/bin/../lib/gcc/xtensa-esp-elf/14.2.0/include
 /home/vietnq/.espressif/tools/xtensa-esp-elf/esp-14.2.0_20260121/xtensa-esp-elf/bin/../lib/gcc/xtensa-esp-elf/14.2.0/include-fixed
 /home/vietnq/.espressif/tools/xtensa-esp-elf/esp-14.2.0_20260121/xtensa-esp-elf/bin/../lib/gcc/xtensa-esp-elf/14.2.0/../../../../xtensa-esp-elf/include
End of search list.
Compiler executable checksum: 709abf7e99d4c633116df3b91860509f
COLLECT_GCC_OPTIONS='-mdynconfig=xtensa_esp32.so' '-Wno-frame-address' '-mlongcalls' '-fno-builtin-memcpy' '-fno-builtin-memset' '-fno-builtin-bzero' '-v' '-o' 'CMakeFiles/cmTC_27b60.dir/CMakeCCompilerABI.c.obj' '-c' '-dumpdir' 'CMakeFiles/cmTC_27b60.dir/'
 /home/vietnq/.espressif/tools/xtensa-esp-elf/esp-14.2.0_20260121/xtensa-esp-elf/bin/../lib/gcc/xtensa-esp-elf/14.2.0/../../../../xtensa-esp-elf/bin/as --traditional-format --longcalls --dynconfig=xtensa_esp32.so -o CMakeFiles/cmTC_27b60.dir/CMakeCCompilerABI.c.obj /tmp/ccux4jmK.s
COMPILER_PATH=/home/vietnq/.espressif/tools/xtensa-esp-elf/esp-14.2.0_20260121/xtensa-esp-elf/bin/../libexec/gcc/xtensa-esp-elf/14.2.0/:/home/vietnq/.espressif/tools/xtensa-esp-elf/esp-14.2.0_20260121/xtensa-esp-elf/bin/../libexec/gcc/:/home/vietnq/.espressif/tools/xtensa-esp-elf/esp-14.2.0_20260121/xtensa-esp-elf/bin/../lib/gcc/xtensa-esp-elf/14.2.0/../../../../xtensa-esp-elf/bin/
LIBRARY_PATH=/home/vietnq/.espressif/tools/xtensa-esp-elf/esp-14.2.0_20260121/xtensa-esp-elf/bin/../lib/gcc/xtensa-esp-elf/14.2.0/esp32/:/home/vietnq/.espressif/tools/xtensa-esp-elf/esp-14.2.0_20260121/xtensa-esp-elf/bin/../lib/gcc/xtensa-esp-elf/14.2.0/../../../../xtensa-esp-elf/lib/esp32/:/home/vietnq/.espressif/tools/xtensa-esp-elf/esp-14.2.0_20260121/xtensa-esp-elf/bin/../xtensa-esp-elf/lib/esp32/:/home/vietnq/.espressif/tools/xtensa-esp-elf/esp-14.2.0_20260121/xtensa-esp-elf/bin/../lib/gcc/xtensa-esp-elf/14.2.0/:/home/vietnq/.espressif/tools/xtensa-esp-elf/esp-14.2.0_20260121/xtensa-esp-elf/bin/../lib/gcc/:/home/vietnq/.espressif/tools/xtensa-esp-elf/esp-14.2.0_20260121/xtensa-esp-elf/bin/../lib/gcc/xtensa-esp-elf/14.2.0/../../../../xtensa-esp-elf/lib/:/home/vietnq/.espressif/tools/xtensa-esp-elf/esp-14.2.0_20260121/xtensa-esp-elf/bin/../xtensa-esp-elf/lib/:/home/vietnq/.espressif/tools/xtensa-esp-elf/esp-14.2.0_20260121/xtensa-esp-elf/bin/../xtensa-esp-elf/usr/lib/
COLLECT_GCC_OPTIONS='-mdynconfig=xtensa_esp32.so' '-Wno-frame-address' '-mlongcalls' '-fno-builtin-memcpy' '-fno-builtin-memset' '-fno-builtin-bzero' '-v' '-o' 'CMakeFiles/cmTC_27b60.dir/CMakeCCompilerABI.c.obj' '-c' '-dumpdir' 'CMakeFiles/cmTC_27b60.dir/CMakeCCompilerABI.c.'
[2/2] Linking C executable cmTC_27b60
Using built-in specs.
COLLECT_GCC=/home/vietnq/.espressif/tools/xtensa-esp-elf/esp-14.2.0_20260121/xtensa-esp-elf/bin/xtensa-esp-elf-gcc
COLLECT_LTO_WRAPPER=/home/vietnq/.espressif/tools/xtensa-esp-elf/esp-14.2.0_20260121/xtensa-esp-elf/bin/../libexec/gcc/xtensa-esp-elf/14.2.0/lto-wrapper
Target: xtensa-esp-elf
Configured with: /builds/idf/crosstool-NG/.build/xtensa-esp-elf/src/gcc/configure --build=x86_64-build_pc-linux-gnu --host=x86_64-build_pc-linux-gnu --target=xtensa-esp-elf --prefix=/builds/idf/crosstool-NG/builds/xtensa-esp-elf --exec_prefix=/builds/idf/crosstool-NG/builds/xtensa-esp-elf --with-local-prefix=/builds/idf/crosstool-NG/builds/xtensa-esp-elf/xtensa-esp-elf --with-sysroot=/builds/idf/crosstool-NG/builds/xtensa-esp-elf/xtensa-esp-elf --with-native-system-header-dir=/include --with-headers=/builds/idf/crosstool-NG/builds/xtensa-esp-elf/xtensa-esp-elf/include --with-newlib --enable-threads=no --disable-shared --with-pkgversion='crosstool-NG esp-14.2.0_20260121' --disable-__cxa_atexit --enable-cxx-flags='-ffunction-sections -fdata-sections' --disable-libgomp --disable-libmudflap --disable-libmpx --disable-libssp --disable-libquadmath --disable-libquadmath-support --disable-libstdcxx-verbose --with-gmp=/builds/idf/crosstool-NG/.build/xtensa-esp-elf/buildtools --with-mpfr=/builds/idf/crosstool-NG/.build/xtensa-esp-elf/buildtools --with-mpc=/builds/idf/crosstool-NG/.build/xtensa-esp-elf/buildtools --with-isl=/builds/idf/crosstool-NG/.build/xtensa-esp-elf/buildtools --enable-lto --enable-target-optspace --without-long-double-128 --enable-plugin --disable-nls --enable-multiarch --enable-languages=c,c++ --disable-libstdcxx-verbose --enable-threads=posix --enable-libstdcxx-time=yes --disable-win32-utf8-manifest
Thread model: posix
Supported LTO compression algorithms: zlib zstd
gcc version 14.2.0 (crosstool-NG esp-14.2.0_20260121) 
COMPILER_PATH=/home/vietnq/.espressif/tools/xtensa-esp-elf/esp-14.2.0_20260121/xtensa-esp-elf/bin/../libexec/gcc/xtensa-esp-elf/14.2.0/:/home/vietnq/.espressif/tools/xtensa-esp-elf/esp-14.2.0_20260121/xtensa-esp-elf/bin/../libexec/gcc/:/home/vietnq/.espressif/tools/xtensa-esp-elf/esp-14.2.0_20260121/xtensa-esp-elf/bin/../lib/gcc/xtensa-esp-elf/14.2.0/../../../../xtensa-esp-elf/bin/
LIBRARY_PATH=/home/vietnq/.espressif/tools/xtensa-esp-elf/esp-14.2.0_20260121/xtensa-esp-elf/bin/../lib/gcc/xtensa-esp-elf/14.2.0/esp32/no-rtti/:/home/vietnq/.espressif/tools/xtensa-esp-elf/esp-14.2.0_20260121/xtensa-esp-elf/bin/../lib/gcc/xtensa-esp-elf/14.2.0/../../../../xtensa-esp-elf/lib/esp32/no-rtti/:/home/vietnq/.espressif/tools/xtensa-esp-elf/esp-14.2.0_20260121/xtensa-esp-elf/bin/../xtensa-esp-elf/lib/esp32/no-rtti/:/home/vietnq/.espressif/tools/xtensa-esp-elf/esp-14.2.0_20260121/xtensa-esp-elf/bin/../lib/gcc/xtensa-esp-elf/14.2.0/:/home/vietnq/.espressif/tools/xtensa-esp-elf/esp-14.2.0_20260121/xtensa-esp-elf/bin/../lib/gcc/:/home/vietnq/.espressif/tools/xtensa-esp-elf/esp-14.2.0_20260121/xtensa-esp-elf/bin/../lib/gcc/xtensa-esp-elf/14.2.0/../../../../xtensa-esp-elf/lib/:/home/vietnq/.espressif/tools/xtensa-esp-elf/esp-14.2.0_20260121/xtensa-esp-elf/bin/../xtensa-esp-elf/lib/:/home/vietnq/.espressif/tools/xtensa-esp-elf/esp-14.2.0_20260121/xtensa-esp-elf/bin/../xtensa-esp-elf/usr/lib/
COLLECT_GCC_OPTIONS='-mdynconfig=xtensa_esp32.so' '-Wno-frame-address' '-mlongcalls' '-fno-builtin-memcpy' '-fno-builtin-memset' '-fno-builtin-bzero' '-nostartfiles' '-fno-rtti' '-v' '-o' 'cmTC_27b60' '-dumpdir' 'cmTC_27b60.'
 /home/vietnq/.espressif/tools/xtensa-esp-elf/esp-14.2.0_20260121/xtensa-esp-elf/bin/../libexec/gcc/xtensa-esp-elf/14.2.0/collect2 -plugin /home/vietnq/.espressif/tools/xtensa-esp-elf/esp-14.2.0_20260121/xtensa-esp-elf/bin/../libexec/gcc/xtensa-esp-elf/14.2.0/liblto_plugin.so -plugin-opt=/home/vietnq/.espressif/tools/xtensa-esp-elf/esp-14.2.0_20260121/xtensa-esp-elf/bin/../libexec/gcc/xtensa-esp-elf/14.2.0/lto-wrapper -plugin-opt=-fresolution=/tmp/ccPcHxP7.res -plugin-opt=-pass-through=-lgcc -plugin-opt=-pass-through=-lc -plugin-opt=-pass-through=-lnosys -plugin-opt=-pass-through=-lc -plugin-opt=-pass-through=-lgcc --sysroot=/home/vietnq/.espressif/tools/xtensa-esp-elf/esp-14.2.0_20260121/xtensa-esp-elf/bin/../xtensa-esp-elf --dynconfig=xtensa_esp32.so -o cmTC_27b60 -L/home/vietnq/.espressif/tools/xtensa-esp-elf/esp-14.2.0_20260121/xtensa-esp-elf/bin/../lib/gcc/xtensa-esp-elf/14.2.0/esp32/no-rtti -L/home/vietnq/.espressif/tools/xtensa-esp-elf/esp-14.2.0_20260121/xtensa-esp-elf/bin/../lib/gcc/xtensa-esp-elf/14.2.0/../../../../xtensa-esp-elf/lib/esp32/no-rtti -L/home/vietnq/.espressif/tools/xtensa-esp-elf/esp-14.2.0_20260121/xtensa-esp-elf/bin/../xtensa-esp-elf/lib/esp32/no-rtti -L/home/vietnq/.espressif/tools/xtensa-esp-elf/esp-14.2.0_20260121/xtensa-esp-elf/bin/../lib/gcc/xtensa-esp-elf/14.2.0 -L/home/vietnq/.espressif/tools/xtensa-esp-elf/esp-14.2.0_20260121/xtensa-esp-elf/bin/../lib/gcc -L/home/vietnq/.espressif/tools/xtensa-esp-elf/esp-14.2.0_20260121/xtensa-esp-elf/bin/../lib/gcc/xtensa-esp-elf/14.2.0/../../../../xtensa-esp-elf/lib -L/home/vietnq/.espressif/tools/xtensa-esp-elf/esp-14.2.0_20260121/xtensa-esp-elf/bin/../xtensa-esp-elf/lib -L/home/vietnq/.espressif/tools/xtensa-esp-elf/esp-14.2.0_20260121/xtensa-esp-elf/bin/../xtensa-esp-elf/usr/lib @/tmp/ccPfOlex -lgcc -lc -lnosys -lc -lgcc
/home/vietnq/.espressif/tools/xtensa-esp-elf/esp-14.2.0_20260121/xtensa-esp-elf/bin/../lib/gcc/xtensa-esp-elf/14.2.0/../../../../xtensa-esp-elf/bin/ld: warning: cannot find entry symbol _start; defaulting to 00400054
COLLECT_GCC_OPTIONS='-mdynconfig=xtensa_esp32.so' '-Wno-frame-address' '-mlongcalls' '-fno-builtin-memcpy' '-fno-builtin-memset' '-fno-builtin-bzero' '-nostartfiles' '-fno-rtti' '-v' '-o' 'cmTC_27b60' '-dumpdir' 'cmTC_27b60.'



Parsed C implicit include dir info from above output: rv=done
  found start of include info
  found start of implicit include info
    add: [/home/vietnq/.espressif/tools/xtensa-esp-elf/esp-14.2.0_20260121/xtensa-esp-elf/bin/../lib/gcc/xtensa-esp-elf/14.2.0/include]
    add: [/home/vietnq/.espressif/tools/xtensa-esp-elf/esp-14.2.0_20260121/xtensa-esp-elf/bin/../lib/gcc/xtensa-esp-elf/14.2.0/include-fixed]
    add: [/home/vietnq/.espressif/tools/xtensa-esp-elf/esp-14.2.0_20260121/xtensa-esp-elf/bin/../lib/gcc/xtensa-esp-elf/14.2.0/../../../../xtensa-esp-elf/include]
  end of search list found
  collapse include dir [/home/vietnq/.espressif/tools/xtensa-esp-elf/esp-14.2.0_20260121/xtensa-esp-elf/bin/../lib/gcc/xtensa-esp-elf/14.2.0/include] ==> [/home/vietnq/.espressif/tools/xtensa-esp-elf/esp-14.2.0_20260121/xtensa-esp-elf/lib/gcc/xtensa-esp-elf/14.2.0/include]
  collapse include dir [/home/vietnq/.espressif/tools/xtensa-esp-elf/esp-14.2.0_20260121/xtensa-esp-elf/bin/../lib/gcc/xtensa-esp-elf/14.2.0/include-fixed] ==> [/home/vietnq/.espressif/tools/xtensa-esp-elf/esp-14.2.0_20260121/xtensa-esp-elf/lib/gcc/xtensa-esp-elf/14.2.0/include-fixed]
  collapse include dir [/home/vietnq/.espressif/tools/xtensa-esp-elf/esp-14.2.0_20260121/xtensa-esp-elf/bin/../lib/gcc/xtensa-esp-elf/14.2.0/../../../../xtensa-esp-elf/include] ==> [/home/vietnq/.espressif/tools/xtensa-esp-elf/esp-14.2.0_20260121/xtensa-esp-elf/xtensa-esp-elf/include]
  implicit include dirs: [/home/vietnq/.espressif/tools/xtensa-esp-elf/esp-14.2.0_20260121/xtensa-esp-elf/lib/gcc/xtensa-esp-elf/14.2.0/include;/home/vietnq/.espressif/tools/xtensa-esp-elf/esp-14.2.0_20260121/xtensa-esp-elf/lib/gcc/xtensa-esp-elf/14.2.0/include-fixed;/home/vietnq/.espressif/tools/xtensa-esp-elf/esp-14.2.0_20260121/xtensa-esp-elf/xtensa-esp-elf/include]


Parsed C implicit link information from above output:
  link line regex: [^( *|.*[/\])(xtensa-esp32-elf-ld|CMAKE_LINK_STARTFILE-NOTFOUND|([^/\]+-)?ld|collect2)[^/\]*( |$)]
  ignore line: [Change Dir: /home/vietnq/esp/ota/build/bootloader/CMakeFiles/CMakeTmp]
  ignore line: []
  ignore line: [Run Build Command(s):/usr/bin/ninja cmTC_27b60 && [1/2] Building C object CMakeFiles/cmTC_27b60.dir/CMakeCCompilerABI.c.obj]
  ignore line: [Using built-in specs.]
  ignore line: [COLLECT_GCC=/home/vietnq/.espressif/tools/xtensa-esp-elf/esp-14.2.0_20260121/xtensa-esp-elf/bin/xtensa-esp-elf-gcc]
  ignore line: [Target: xtensa-esp-elf]
  ignore line: [Configured with: /builds/idf/crosstool-NG/.build/xtensa-esp-elf/src/gcc/configure --build=x86_64-build_pc-linux-gnu --host=x86_64-build_pc-linux-gnu --target=xtensa-esp-elf --prefix=/builds/idf/crosstool-NG/builds/xtensa-esp-elf --exec_prefix=/builds/idf/crosstool-NG/builds/xtensa-esp-elf --with-local-prefix=/builds/idf/crosstool-NG/builds/xtensa-esp-elf/xtensa-esp-elf --with-sysroot=/builds/idf/crosstool-NG/builds/xtensa-esp-elf/xtensa-esp-elf --with-native-system-header-dir=/include --with-headers=/builds/idf/crosstool-NG/builds/xtensa-esp-elf/xtensa-esp-elf/include --with-newlib --enable-threads=no --disable-shared --with-pkgversion='crosstool-NG esp-14.2.0_20260121' --disable-__cxa_atexit --enable-cxx-flags='-ffunction-sections -fdata-sections' --disable-libgomp --disable-libmudflap --disable-libmpx --disable-libssp --disable-libquadmath --disable-libquadmath-support --disable-libstdcxx-verbose --with-gmp=/builds/idf/crosstool-NG/.build/xtensa-esp-elf/buildtools --with-mpfr=/builds/idf/crosstool-NG/.build/xtensa-esp-elf/buildtools --with-mpc=/builds/idf/crosstool-NG/.build/xtensa-esp-elf/buildtools --with-isl=/builds/idf/crosstool-NG/.build/xtensa-esp-elf/buildtools --enable-lto --enable-target-optspace --without-long-double-128 --enable-plugin --disable-nls --enable-multiarch --enable-languages=c c++ --disable-libstdcxx-verbose --enable-threads=posix --enable-libstdcxx-time=yes --disable-win32-utf8-manifest]
  ignore line: [Thread model: posix]
  ignore line: [Supported LTO compression algorithms: zlib zstd]
  ignore line: [gcc version 14.2.0 (crosstool-NG esp-14.2.0_20260121) ]
  ignore line: [COLLECT_GCC_OPTIONS='-mdynconfig=xtensa_esp32.so' '-Wno-frame-address' '-mlongcalls' '-fno-builtin-memcpy' '-fno-builtin-memset' '-fno-builtin-bzero' '-v' '-o' 'CMakeFiles/cmTC_27b60.dir/CMakeCCompilerABI.c.obj' '-c' '-dumpdir' 'CMakeFiles/cmTC_27b60.dir/']
  ignore line: [ /home/vietnq/.espressif/tools/xtensa-esp-elf/esp-14.2.0_20260121/xtensa-esp-elf/bin/../libexec/gcc/xtensa-esp-elf/14.2.0/cc1 -quiet -v -imultilib esp32 -iprefix /home/vietnq/.espressif/tools/xtensa-esp-elf/esp-14.2.0_20260121/xtensa-esp-elf/bin/../lib/gcc/xtensa-esp-elf/14.2.0/ -isysroot /home/vietnq/.espressif/tools/xtensa-esp-elf/esp-14.2.0_20260121/xtensa-esp-elf/bin/../xtensa-esp-elf /usr/share/cmake-3.22/Modules/CMakeCCompilerABI.c -quiet -dumpdir CMakeFiles/cmTC_27b60.dir/ -dumpbase CMakeCCompilerABI.c.c -dumpbase-ext .c -mdynconfig=xtensa_esp32.so -mlongcalls -Wno-frame-address -version -fno-builtin-memcpy -fno-builtin-memset -fno-builtin-bzero -o /tmp/ccux4jmK.s]
  ignore line: [GNU C17 (crosstool-NG esp-14.2.0_20260121) version 14.2.0 (xtensa-esp-elf)]
  ignore line: [	compiled by GNU C version 6.3.0  GMP version 6.3.0  MPFR version 4.2.1  MPC version 1.3.1  isl version isl-0.26-GMP]
  ignore line: []
  ignore line: [GGC heuristics: --param ggc-min-expand=100 --param ggc-min-heapsize=131072]
  ignore line: [ignoring duplicate directory "/home/vietnq/.espressif/tools/xtensa-esp-elf/esp-14.2.0_20260121/xtensa-esp-elf/bin/../lib/gcc/../../lib/gcc/xtensa-esp-elf/14.2.0/include"]
  ignore line: [ignoring nonexistent directory "/home/vietnq/.espressif/tools/xtensa-esp-elf/esp-14.2.0_20260121/xtensa-esp-elf/bin/../xtensa-esp-elf/builds/idf/crosstool-NG/builds/xtensa-esp-elf/xtensa-esp-elf/include"]
  ignore line: [ignoring duplicate directory "/home/vietnq/.espressif/tools/xtensa-esp-elf/esp-14.2.0_20260121/xtensa-esp-elf/bin/../lib/gcc/../../lib/gcc/xtensa-esp-elf/14.2.0/include-fixed"]
  ignore line: [ignoring duplicate directory "/home/vietnq/.espressif/tools/xtensa-esp-elf/esp-14.2.0_20260121/xtensa-esp-elf/bin/../lib/gcc/../../lib/gcc/xtensa-esp-elf/14.2.0/../../../../xtensa-esp-elf/include"]
  ignore line: [ignoring duplicate directory "/home/vietnq/.espressif/tools/xtensa-esp-elf/esp-14.2.0_20260121/xtensa-esp-elf/bin/../xtensa-esp-elf/include"]
  ignore line: [#include "..." search starts here:]
  ignore line: [#include <...> search starts here:]
  ignore line: [ /home/vietnq/.espressif/tools/xtensa-esp-elf/esp-14.2.0_20260121/xtensa-esp-elf/bin/../lib/gcc/xtensa-esp-elf/14.2.0/include]
  ignore line: [ /home/vietnq/.espressif/tools/xtensa-esp-elf/esp-14.2.0_20260121/xtensa-esp-elf/bin/../lib/gcc/xtensa-esp-elf/14.2.0/include-fixed]
  ignore line: [ /home/vietnq/.espressif/tools/xtensa-esp-elf/esp-14.2.0_20260121/xtensa-esp-elf/bin/../lib/gcc/xtensa-esp-elf/14.2.0/../../../../xtensa-esp-elf/include]
  ignore line: [End of search list.]
  ignore line: [Compiler executable checksum: 709abf7e99d4c633116df3b91860509f]
  ignore line: [COLLECT_GCC_OPTIONS='-mdynconfig=xtensa_esp32.so' '-Wno-frame-address' '-mlongcalls' '-fno-builtin-memcpy' '-fno-builtin-memset' '-fno-builtin-bzero' '-v' '-o' 'CMakeFiles/cmTC_27b60.dir/CMakeCCompilerABI.c.obj' '-c' '-dumpdir' 'CMakeFiles/cmTC_27b60.dir/']
  ignore line: [ /home/vietnq/.espressif/tools/xtensa-esp-elf/esp-14.2.0_20260121/xtensa-esp-elf/bin/../lib/gcc/xtensa-esp-elf/14.2.0/../../../../xtensa-esp-elf/bin/as --traditional-format --longcalls --dynconfig=xtensa_esp32.so -o CMakeFiles/cmTC_27b60.dir/CMakeCCompilerABI.c.obj /tmp/ccux4jmK.s]
  ignore line: [COMPILER_PATH=/home/vietnq/.espressif/tools/xtensa-esp-elf/esp-14.2.0_20260121/xtensa-esp-elf/bin/../libexec/gcc/xtensa-esp-elf/14.2.0/:/home/vietnq/.espressif/tools/xtensa-esp-elf/esp-14.2.0_20260121/xtensa-esp-elf/bin/../libexec/gcc/:/home/vietnq/.espressif/tools/xtensa-esp-elf/esp-14.2.0_20260121/xtensa-esp-elf/bin/../lib/gcc/xtensa-esp-elf/14.2.0/../../../../xtensa-esp-elf/bin/]
  ignore line: [LIBRARY_PATH=/home/vietnq/.espressif/tools/xtensa-esp-elf/esp-14.2.0_20260121/xtensa-esp-elf/bin/../lib/gcc/xtensa-esp-elf/14.2.0/esp32/:/home/vietnq/.espressif/tools/xtensa-esp-elf/esp-14.2.0_20260121/xtensa-esp-elf/bin/../lib/gcc/xtensa-esp-elf/14.2.0/../../../../xtensa-esp-elf/lib/esp32/:/home/vietnq/.espressif/tools/xtensa-esp-elf/esp-14.2.0_20260121/xtensa-esp-elf/bin/../xtensa-esp-elf/lib/esp32/:/home/vietnq/.espressif/tools/xtensa-esp-elf/esp-14.2.0_20260121/xtensa-esp-elf/bin/../lib/gcc/xtensa-esp-elf/14.2.0/:/home/vietnq/.espressif/tools/xtensa-esp-elf/esp-14.2.0_20260121/xtensa-esp-elf/bin/../lib/gcc/:/home/vietnq/.espressif/tools/xtensa-esp-elf/esp-14.2.0_20260121/xtensa-esp-elf/bin/../lib/gcc/xtensa-esp-elf/14.2.0/../../../../xtensa-esp-elf/lib/:/home/vietnq/.espressif/tools/xtensa-esp-elf/esp-14.2.0_20260121/xtensa-esp-elf/bin/../xtensa-esp-elf/lib/:/home/vietnq/.espressif/tools/xtensa-esp-elf/esp-14.2.0_20260121/xtensa-esp-elf/bin/../xtensa-esp-elf/usr/lib/]
  ignore line: [COLLECT_GCC_OPTIONS='-mdynconfig=xtensa_esp32.so' '-Wno-frame-address' '-mlongcalls' '-fno-builtin-memcpy' '-fno-builtin-memset' '-fno-builtin-bzero' '-v' '-o' 'CMakeFiles/cmTC_27b60.dir/CMakeCCompilerABI.c.obj' '-c' '-dumpdir' 'CMakeFiles/cmTC_27b60.dir/CMakeCCompilerABI.c.']
  ignore line: [[2/2] Linking C executable cmTC_27b60]
  ignore line: [Using built-in specs.]
  ignore line: [COLLECT_GCC=/home/vietnq/.espressif/tools/xtensa-esp-elf/esp-14.2.0_20260121/xtensa-esp-elf/bin/xtensa-esp-elf-gcc]
  ignore line: [COLLECT_LTO_WRAPPER=/home/vietnq/.espressif/tools/xtensa-esp-elf/esp-14.2.0_20260121/xtensa-esp-elf/bin/../libexec/gcc/xtensa-esp-elf/14.2.0/lto-wrapper]
  ignore line: [Target: xtensa-esp-elf]
  ignore line: [Configured with: /builds/idf/crosstool-NG/.build/xtensa-esp-elf/src/gcc/configure --build=x86_64-build_pc-linux-gnu --host=x86_64-build_pc-linux-gnu --target=xtensa-esp-elf --prefix=/builds/idf/crosstool-NG/builds/xtensa-esp-elf --exec_prefix=/builds/idf/crosstool-NG/builds/xtensa-esp-elf --with-local-prefix=/builds/idf/crosstool-NG/builds/xtensa-esp-elf/xtensa-esp-elf --with-sysroot=/builds/idf/crosstool-NG/builds/xtensa-esp-elf/xtensa-esp-elf --with-native-system-header-dir=/include --with-headers=/builds/idf/crosstool-NG/builds/xtensa-esp-elf/xtensa-esp-elf/include --with-newlib --enable-threads=no --disable-shared --with-pkgversion='crosstool-NG esp-14.2.0_20260121' --disable-__cxa_atexit --enable-cxx-flags='-ffunction-sections -fdata-sections' --disable-libgomp --disable-libmudflap --disable-libmpx --disable-libssp --disable-libquadmath --disable-libquadmath-support --disable-libstdcxx-verbose --with-gmp=/builds/idf/crosstool-NG/.build/xtensa-esp-elf/buildtools --with-mpfr=/builds/idf/crosstool-NG/.build/xtensa-esp-elf/buildtools --with-mpc=/builds/idf/crosstool-NG/.build/xtensa-esp-elf/buildtools --with-isl=/builds/idf/crosstool-NG/.build/xtensa-esp-elf/buildtools --enable-lto --enable-target-optspace --without-long-double-128 --enable-plugin --disable-nls --enable-multiarch --enable-languages=c c++ --disable-libstdcxx-verbose --enable-threads=posix --enable-libstdcxx-time=yes --disable-win32-utf8-manifest]
  ignore line: [Thread model: posix]
  ignore line: [Supported LTO compression algorithms: zlib zstd]
  ignore line: [gcc version 14.2.0 (crosstool-NG esp-14.2.0_20260121) ]
  ignore line: [COMPILER_PATH=/home/vietnq/.espressif/tools/xtensa-esp-elf/esp-14.2.0_20260121/xtensa-esp-elf/bin/../libexec/gcc/xtensa-esp-elf/14.2.0/:/home/vietnq/.espressif/tools/xtensa-esp-elf/esp-14.2.0_20260121/xtensa-esp-elf/bin/../libexec/gcc/:/home/vietnq/.espressif/tools/xtensa-esp-elf/esp-14.2.0_20260121/xtensa-esp-elf/bin/../lib/gcc/xtensa-esp-elf/14.2.0/../../../../xtensa-esp-elf/bin/]
  ignore line: [LIBRARY_PATH=/home/vietnq/.espressif/tools/xtensa-esp-elf/esp-14.2.0_20260121/xtensa-esp-elf/bin/../lib/gcc/xtensa-esp-elf/14.2.0/esp32/no-rtti/:/home/vietnq/.espressif/tools/xtensa-esp-elf/esp-14.2.0_20260121/xtensa-esp-elf/bin/../lib/gcc/xtensa-esp-elf/14.2.0/../../../../xtensa-esp-elf/lib/esp32/no-rtti/:/home/vietnq/.espressif/tools/xtensa-esp-elf/esp-14.2.0_20260121/xtensa-esp-elf/bin/../xtensa-esp-elf/lib/esp32/no-rtti/:/home/vietnq/.espressif/tools/xtensa-esp-elf/esp-14.2.0_20260121/xtensa-esp-elf/bin/../lib/gcc/xtensa-esp-elf/14.2.0/:/home/vietnq/.espressif/tools/xtensa-esp-elf/esp-14.2.0_20260121/xtensa-esp-elf/bin/../lib/gcc/:/home/vietnq/.espressif/tools/xtensa-esp-elf/esp-14.2.0_20260121/xtensa-esp-elf/bin/../lib/gcc/xtensa-esp-elf/14.2.0/../../../../xtensa-esp-elf/lib/:/home/vietnq/.espressif/tools/xtensa-esp-elf/esp-14.2.0_20260121/xtensa-esp-elf/bin/../xtensa-esp-elf/lib/:/home/vietnq/.espressif/tools/xtensa-esp-elf/esp-14.2.0_20260121/xtensa-esp-elf/bin/../xtensa-esp-elf/usr/lib/]
  ignore line: [COLLECT_GCC_OPTIONS='-mdynconfig=xtensa_esp32.so' '-Wno-frame-address' '-mlongcalls' '-fno-builtin-memcpy' '-fno-builtin-memset' '-fno-builtin-bzero' '-nostartfiles' '-fno-rtti' '-v' '-o' 'cmTC_27b60' '-dumpdir' 'cmTC_27b60.']
  link line: [ /home/vietnq/.espressif/tools/xtensa-esp-elf/esp-14.2.0_20260121/xtensa-esp-elf/bin/../libexec/gcc/xtensa-esp-elf/14.2.0/collect2 -plugin /home/vietnq/.espressif/tools/xtensa-esp-elf/esp-14.2.0_20260121/xtensa-esp-elf/bin/../libexec/gcc/xtensa-esp-elf/14.2.0/liblto_plugin.so -plugin-opt=/home/vietnq/.espressif/tools/xtensa-esp-elf/esp-14.2.0_20260121/xtensa-esp-elf/bin/../libexec/gcc/xtensa-esp-elf/14.2.0/lto-wrapper -plugin-opt=-fresolution=/tmp/ccPcHxP7.res -plugin-opt=-pass-through=-lgcc -plugin-opt=-pass-through=-lc -plugin-opt=-pass-through=-lnosys -plugin-opt=-pass-through=-lc -plugin-opt=-pass-through=-lgcc --sysroot=/home/vietnq/.espressif/tools/xtensa-esp-elf/esp-14.2.0_20260121/xtensa-esp-elf/bin/../xtensa-esp-elf --dynconfig=xtensa_esp32.so -o cmTC_27b60 -L/home/vietnq/.espressif/tools/xtensa-esp-elf/esp-14.2.0_20260121/xtensa-esp-elf/bin/../lib/gcc/xtensa-esp-elf/14.2.0/esp32/no-rtti -L/home/vietnq/.espressif/tools/xtensa-esp-elf/esp-14.2.0_20260121/xtensa-esp-elf/bin/../lib/gcc/xtensa-esp-elf/14.2.0/../../../../xtensa-esp-elf/lib/esp32/no-rtti -L/home/vietnq/.espressif/tools/xtensa-esp-elf/esp-14.2.0_20260121/xtensa-esp-elf/bin/../xtensa-esp-elf/lib/esp32/no-rtti -L/home/vietnq/.espressif/tools/xtensa-esp-elf/esp-14.2.0_20260121/xtensa-esp-elf/bin/../lib/gcc/xtensa-esp-elf/14.2.0 -L/home/vietnq/.espressif/tools/xtensa-esp-elf/esp-14.2.0_20260121/xtensa-esp-elf/bin/../lib/gcc -L/home/vietnq/.espressif/tools/xtensa-esp-elf/esp-14.2.0_20260121/xtensa-esp-elf/bin/../lib/gcc/xtensa-esp-elf/14.2.0/../../../../xtensa-esp-elf/lib -L/home/vietnq/.espressif/tools/xtensa-esp-elf/esp-14.2.0_20260121/xtensa-esp-elf/bin/../xtensa-esp-elf/lib -L/home/vietnq/.espressif/tools/xtensa-esp-elf/esp-14.2.0_20260121/xtensa-esp-elf/bin/../xtensa-esp-elf/usr/lib @/tmp/ccPfOlex -lgcc -lc -lnosys -lc -lgcc]
    arg [/home/vietnq/.espressif/tools/xtensa-esp-elf/esp-14.2.0_20260121/xtensa-esp-elf/bin/../libexec/gcc/xtensa-esp-elf/14.2.0/collect2] ==> ignore
    arg [-plugin] ==> ignore
    arg [/home/vietnq/.espressif/tools/xtensa-esp-elf/esp-14.2.0_20260121/xtensa-esp-elf/bin/../libexec/gcc/xtensa-esp-elf/14.2.0/liblto_plugin.so] ==> ignore
    arg [-plugin-opt=/home/vietnq/.espressif/tools/xtensa-esp-elf/esp-14.2.0_20260121/xtensa-esp-elf/bin/../libexec/gcc/xtensa-esp-elf/14.2.0/lto-wrapper] ==> ignore
    arg [-plugin-opt=-fresolution=/tmp/ccPcHxP7.res] ==> ignore
    arg [-plugin-opt=-pass-through=-lgcc] ==> ignore
    arg [-plugin-opt=-pass-through=-lc] ==> ignore
    arg [-plugin-opt=-pass-through=-lnosys] ==> ignore
    arg [-plugin-opt=-pass-through=-lc] ==> ignore
    arg [-plugin-opt=-pass-through=-lgcc] ==> ignore
    arg [--sysroot=/home/vietnq/.espressif/tools/xtensa-esp-elf/esp-14.2.0_20260121/xtensa-esp-elf/bin/../xtensa-esp-elf] ==> ignore
    arg [--dynconfig=xtensa_esp32.so] ==> ignore
    arg [-o] ==> ignore
    arg [cmTC_27b60] ==> ignore
    arg [-L/home/vietnq/.espressif/tools/xtensa-esp-elf/esp-14.2.0_20260121/xtensa-esp-elf/bin/../lib/gcc/xtensa-esp-elf/14.2.0/esp32/no-rtti] ==> dir [/home/vietnq/.espressif/tools/xtensa-esp-elf/esp-14.2.0_20260121/xtensa-esp-elf/bin/../lib/gcc/xtensa-esp-elf/14.2.0/esp32/no-rtti]
    arg [-L/home/vietnq/.espressif/tools/xtensa-esp-elf/esp-14.2.0_20260121/xtensa-esp-elf/bin/../lib/gcc/xtensa-esp-elf/14.2.0/../../../../xtensa-esp-elf/lib/esp32/no-rtti] ==> dir [/home/vietnq/.espressif/tools/xtensa-esp-elf/esp-14.2.0_20260121/xtensa-esp-elf/bin/../lib/gcc/xtensa-esp-elf/14.2.0/../../../../xtensa-esp-elf/lib/esp32/no-rtti]
    arg [-L/home/vietnq/.espressif/tools/xtensa-esp-elf/esp-14.2.0_20260121/xtensa-esp-elf/bin/../xtensa-esp-elf/lib/esp32/no-rtti] ==> dir [/home/vietnq/.espressif/tools/xtensa-esp-elf/esp-14.2.0_20260121/xtensa-esp-elf/bin/../xtensa-esp-elf/lib/esp32/no-rtti]
    arg [-L/home/vietnq/.espressif/tools/xtensa-esp-elf/esp-14.2.0_20260121/xtensa-esp-elf/bin/../lib/gcc/xtensa-esp-elf/14.2.0] ==> dir [/home/vietnq/.espressif/tools/xtensa-esp-elf/esp-14.2.0_20260121/xtensa-esp-elf/bin/../lib/gcc/xtensa-esp-elf/14.2.0]
    arg [-L/home/vietnq/.espressif/tools/xtensa-esp-elf/esp-14.2.0_20260121/xtensa-esp-elf/bin/../lib/gcc] ==> dir [/home/vietnq/.espressif/tools/xtensa-esp-elf/esp-14.2.0_20260121/xtensa-esp-elf/bin/../lib/gcc]
    arg [-L/home/vietnq/.espressif/tools/xtensa-esp-elf/esp-14.2.0_20260121/xtensa-esp-elf/bin/../lib/gcc/xtensa-esp-elf/14.2.0/../../../../xtensa-esp-elf/lib] ==> dir [/home/vietnq/.espressif/tools/xtensa-esp-elf/esp-14.2.0_20260121/xtensa-esp-elf/bin/../lib/gcc/xtensa-esp-elf/14.2.0/../../../../xtensa-esp-elf/lib]
    arg [-L/home/vietnq/.espressif/tools/xtensa-esp-elf/esp-14.2.0_20260121/xtensa-esp-elf/bin/../xtensa-esp-elf/lib] ==> dir [/home/vietnq/.espressif/tools/xtensa-esp-elf/esp-14.2.0_20260121/xtensa-esp-elf/bin/../xtensa-esp-elf/lib]
    arg [-L/home/vietnq/.espressif/tools/xtensa-esp-elf/esp-14.2.0_20260121/xtensa-esp-elf/bin/../xtensa-esp-elf/usr/lib] ==> dir [/home/vietnq/.espressif/tools/xtensa-esp-elf/esp-14.2.0_20260121/xtensa-esp-elf/bin/../xtensa-esp-elf/usr/lib]
    arg [@/tmp/ccPfOlex] ==> ignore
    arg [-lgcc] ==> lib [gcc]
    arg [-lc] ==> lib [c]
    arg [-lnosys] ==> lib [nosys]
    arg [-lc] ==> lib [c]
    arg [-lgcc] ==> lib [gcc]
  collapse library dir [/home/vietnq/.espressif/tools/xtensa-esp-elf/esp-14.2.0_20260121/xtensa-esp-elf/bin/../lib/gcc/xtensa-esp-elf/14.2.0/esp32/no-rtti] ==> [/home/vietnq/.espressif/tools/xtensa-esp-elf/esp-14.2.0_20260121/xtensa-esp-elf/lib/gcc/xtensa-esp-elf/14.2.0/esp32/no-rtti]
  collapse library dir [/home/vietnq/.espressif/tools/xtensa-esp-elf/esp-14.2.0_20260121/xtensa-esp-elf/bin/../lib/gcc/xtensa-esp-elf/14.2.0/../../../../xtensa-esp-elf/lib/esp32/no-rtti] ==> [/home/vietnq/.espressif/tools/xtensa-esp-elf/esp-14.2.0_20260121/xtensa-esp-elf/xtensa-esp-elf/lib/esp32/no-rtti]
  collapse library dir [/home/vietnq/.espressif/tools/xtensa-esp-elf/esp-14.2.0_20260121/xtensa-esp-elf/bin/../xtensa-esp-elf/lib/esp32/no-rtti] ==> [/home/vietnq/.espressif/tools/xtensa-esp-elf/esp-14.2.0_20260121/xtensa-esp-elf/xtensa-esp-elf/lib/esp32/no-rtti]
  collapse library dir [/home/vietnq/.espressif/tools/xtensa-esp-elf/esp-14.2.0_20260121/xtensa-esp-elf/bin/../lib/gcc/xtensa-esp-elf/14.2.0] ==> [/home/vietnq/.espressif/tools/xtensa-esp-elf/esp-14.2.0_20260121/xtensa-esp-elf/lib/gcc/xtensa-esp-elf/14.2.0]
  collapse library dir [/home/vietnq/.espressif/tools/xtensa-esp-elf/esp-14.2.0_20260121/xtensa-esp-elf/bin/../lib/gcc] ==> [/home/vietnq/.espressif/tools/xtensa-esp-elf/esp-14.2.0_20260121/xtensa-esp-elf/lib/gcc]
  collapse library dir [/home/vietnq/.espressif/tools/xtensa-esp-elf/esp-14.2.0_20260121/xtensa-esp-elf/bin/../lib/gcc/xtensa-esp-elf/14.2.0/../../../../xtensa-esp-elf/lib] ==> [/home/vietnq/.espressif/tools/xtensa-esp-elf/esp-14.2.0_20260121/xtensa-esp-elf/xtensa-esp-elf/lib]
  collapse library dir [/home/vietnq/.espressif/tools/xtensa-esp-elf/esp-14.2.0_20260121/xtensa-esp-elf/bin/../xtensa-esp-elf/lib] ==> [/home/vietnq/.espressif/tools/xtensa-esp-elf/esp-14.2.0_20260121/xtensa-esp-elf/xtensa-esp-elf/lib]
  collapse library dir [/home/vietnq/.espressif/tools/xtensa-esp-elf/esp-14.2.0_20260121/xtensa-esp-elf/bin/../xtensa-esp-elf/usr/lib] ==> [/home/vietnq/.espressif/tools/xtensa-esp-elf/esp-14.2.0_20260121/xtensa-esp-elf/xtensa-esp-elf/usr/lib]
  implicit libs: [gcc;c;nosys;c;gcc]
  implicit objs: []
  implicit dirs: [/home/vietnq/.espressif/tools/xtensa-esp-elf/esp-14.2.0_20260121/xtensa-esp-elf/lib/gcc/xtensa-esp-elf/14.2.0/esp32/no-rtti;/home/vietnq/.espressif/tools/xtensa-esp-elf/esp-14.2.0_20260121/xtensa-esp-elf/xtensa-esp-elf/lib/esp32/no-rtti;/home/vietnq/.espressif/tools/xtensa-esp-elf/esp-14.2.0_20260121/xtensa-esp-elf/lib/gcc/xtensa-esp-elf/14.2.0;/home/vietnq/.espressif/tools/xtensa-esp-elf/esp-14.2.0_20260121/xtensa-esp-elf/lib/gcc;/home/vietnq/.espressif/tools/xtensa-esp-elf/esp-14.2.0_20260121/xtensa-esp-elf/xtensa-esp-elf/lib;/home/vietnq/.espressif/tools/xtensa-esp-elf/esp-14.2.0_20260121/xtensa-esp-elf/xtensa-esp-elf/usr/lib]
  implicit fwks: []


Detecting CXX compiler ABI info compiled with the following output:
Change Dir: /home/vietnq/esp/ota/build/bootloader/CMakeFiles/CMakeTmp

Run Build Command(s):/usr/bin/ninja cmTC_4a2de && [1/2] Building CXX object CMakeFiles/cmTC_4a2de.dir/CMakeCXXCompilerABI.cpp.obj
Using built-in specs.
COLLECT_GCC=/home/vietnq/.espressif/tools/xtensa-esp-elf/esp-14.2.0_20260121/xtensa-esp-elf/bin/xtensa-esp-elf-g++
Target: xtensa-esp-elf
Configured with: /builds/idf/crosstool-NG/.build/xtensa-esp-elf/src/gcc/configure --build=x86_64-build_pc-linux-gnu --host=x86_64-build_pc-linux-gnu --target=xtensa-esp-elf --prefix=/builds/idf/crosstool-NG/builds/xtensa-esp-elf --exec_prefix=/builds/idf/crosstool-NG/builds/xtensa-esp-elf --with-local-prefix=/builds/idf/crosstool-NG/builds/xtensa-esp-elf/xtensa-esp-elf --with-sysroot=/builds/idf/crosstool-NG/builds/xtensa-esp-elf/xtensa-esp-elf --with-native-system-header-dir=/include --with-headers=/builds/idf/crosstool-NG/builds/xtensa-esp-elf/xtensa-esp-elf/include --with-newlib --enable-threads=no --disable-shared --with-pkgversion='crosstool-NG esp-14.2.0_20260121' --disable-__cxa_atexit --enable-cxx-flags='-ffunction-sections -fdata-sections' --disable-libgomp --disable-libmudflap --disable-libmpx --disable-libssp --disable-libquadmath --disable-libquadmath-support --disable-libstdcxx-verbose --with-gmp=/builds/idf/crosstool-NG/.build/xtensa-esp-elf/buildtools --with-mpfr=/builds/idf/crosstool-NG/.build/xtensa-esp-elf/buildtools --with-mpc=/builds/idf/crosstool-NG/.build/xtensa-esp-elf/buildtools --with-isl=/builds/idf/crosstool-NG/.build/xtensa-esp-elf/buildtools --enable-lto --enable-target-optspace --without-long-double-128 --enable-plugin --disable-nls --enable-multiarch --enable-languages=c,c++ --disable-libstdcxx-verbose --enable-threads=posix --enable-libstdcxx-time=yes --disable-win32-utf8-manifest
Thread model: posix
Supported LTO compression algorithms: zlib zstd
gcc version 14.2.0 (crosstool-NG esp-14.2.0_20260121) 
COLLECT_GCC_OPTIONS='-mdynconfig=xtensa_esp32.so' '-Wno-frame-address' '-mlongcalls' '-fno-builtin-memcpy' '-fno-builtin-memset' '-fno-builtin-bzero' '-fno-rtti' '-v' '-o' 'CMakeFiles/cmTC_4a2de.dir/CMakeCXXCompilerABI.cpp.obj' '-c' '-dumpdir' 'CMakeFiles/cmTC_4a2de.dir/'
 /home/vietnq/.espressif/tools/xtensa-esp-elf/esp-14.2.0_20260121/xtensa-esp-elf/bin/../libexec/gcc/xtensa-esp-elf/14.2.0/cc1plus -quiet -v -imultilib esp32/no-rtti -iprefix /home/vietnq/.espressif/tools/xtensa-esp-elf/esp-14.2.0_20260121/xtensa-esp-elf/bin/../lib/gcc/xtensa-esp-elf/14.2.0/ -isysroot /home/vietnq/.espressif/tools/xtensa-esp-elf/esp-14.2.0_20260121/xtensa-esp-elf/bin/../xtensa-esp-elf /usr/share/cmake-3.22/Modules/CMakeCXXCompilerABI.cpp -quiet -dumpdir CMakeFiles/cmTC_4a2de.dir/ -dumpbase CMakeCXXCompilerABI.cpp.cpp -dumpbase-ext .cpp -mdynconfig=xtensa_esp32.so -mlongcalls -Wno-frame-address -version -fno-builtin-memcpy -fno-builtin-memset -fno-builtin-bzero -fno-rtti -o /tmp/ccFjn82Z.s
GNU C++17 (crosstool-NG esp-14.2.0_20260121) version 14.2.0 (xtensa-esp-elf)
	compiled by GNU C version 6.3.0, GMP version 6.3.0, MPFR version 4.2.1, MPC version 1.3.1, isl version isl-0.26-GMP

GGC heuristics: --param ggc-min-expand=100 --param ggc-min-heapsize=131072
ignoring duplicate directory "/home/vietnq/.espressif/tools/xtensa-esp-elf/esp-14.2.0_20260121/xtensa-esp-elf/bin/../lib/gcc/../../lib/gcc/xtensa-esp-elf/14.2.0/../../../../xtensa-esp-elf/include/c++/14.2.0"
ignoring duplicate directory "/home/vietnq/.espressif/tools/xtensa-esp-elf/esp-14.2.0_20260121/xtensa-esp-elf/bin/../lib/gcc/../../lib/gcc/xtensa-esp-elf/14.2.0/../../../../xtensa-esp-elf/include/c++/14.2.0/xtensa-esp-elf/esp32/no-rtti"
ignoring duplicate directory "/home/vietnq/.espressif/tools/xtensa-esp-elf/esp-14.2.0_20260121/xtensa-esp-elf/bin/../lib/gcc/../../lib/gcc/xtensa-esp-elf/14.2.0/../../../../xtensa-esp-elf/include/c++/14.2.0/backward"
ignoring duplicate directory "/home/vietnq/.espressif/tools/xtensa-esp-elf/esp-14.2.0_20260121/xtensa-esp-elf/bin/../lib/gcc/../../lib/gcc/xtensa-esp-elf/14.2.0/include"
ignoring nonexistent directory "/home/vietnq/.espressif/tools/xtensa-esp-elf/esp-14.2.0_20260121/xtensa-esp-elf/bin/../xtensa-esp-elf/builds/idf/crosstool-NG/builds/xtensa-esp-elf/xtensa-esp-elf/include"
ignoring duplicate directory "/home/vietnq/.espressif/tools/xtensa-esp-elf/esp-14.2.0_20260121/xtensa-esp-elf/bin/../lib/gcc/../../lib/gcc/xtensa-esp-elf/14.2.0/include-fixed"
ignoring duplicate directory "/home/vietnq/.espressif/tools/xtensa-esp-elf/esp-14.2.0_20260121/xtensa-esp-elf/bin/../lib/gcc/../../lib/gcc/xtensa-esp-elf/14.2.0/../../../../xtensa-esp-elf/include"
ignoring duplicate directory "/home/vietnq/.espressif/tools/xtensa-esp-elf/esp-14.2.0_20260121/xtensa-esp-elf/bin/../xtensa-esp-elf/include"
#include "..." search starts here:
#include <...> search starts here:
 /home/vietnq/.espressif/tools/xtensa-esp-elf/esp-14.2.0_20260121/xtensa-esp-elf/bin/../lib/gcc/xtensa-esp-elf/14.2.0/../../../../xtensa-esp-elf/include/c++/14.2.0
 /home/vietnq/.espressif/tools/xtensa-esp-elf/esp-14.2.0_20260121/xtensa-esp-elf/bin/../lib/gcc/xtensa-esp-elf/14.2.0/../../../../xtensa-esp-elf/include/c++/14.2.0/xtensa-esp-elf/esp32/no-rtti
 /home/vietnq/.espressif/tools/xtensa-esp-elf/esp-14.2.0_20260121/xtensa-esp-elf/bin/../lib/gcc/xtensa-esp-elf/14.2.0/../../../../xtensa-esp-elf/include/c++/14.2.0/backward
 /home/vietnq/.espressif/tools/xtensa-esp-elf/esp-14.2.0_20260121/xtensa-esp-elf/bin/../lib/gcc/xtensa-esp-elf/14.2.0/include
 /home/vietnq/.espressif/tools/xtensa-esp-elf/esp-14.2.0_20260121/xtensa-esp-elf/bin/../lib/gcc/xtensa-esp-elf/14.2.0/include-fixed
 /home/vietnq/.espressif/tools/xtensa-esp-elf/esp-14.2.0_20260121/xtensa-esp-elf/bin/../lib/gcc/xtensa-esp-elf/14.2.0/../../../../xtensa-esp-elf/include
End of search list.
Compiler executable checksum: a254981dd59757a59628c9ca49d36a87
COLLECT_GCC_OPTIONS='-mdynconfig=xtensa_esp32.so' '-Wno-frame-address' '-mlongcalls' '-fno-builtin-memcpy' '-fno-builtin-memset' '-fno-builtin-bzero' '-fno-rtti' '-v' '-o' 'CMakeFiles/cmTC_4a2de.dir/CMakeCXXCompilerABI.cpp.obj' '-c' '-dumpdir' 'CMakeFiles/cmTC_4a2de.dir/'
 /home/vietnq/.espressif/tools/xtensa-esp-elf/esp-14.2.0_20260121/xtensa-esp-elf/bin/../lib/gcc/xtensa-esp-elf/14.2.0/../../../../xtensa-esp-elf/bin/as --traditional-format --longcalls --dynconfig=xtensa_esp32.so -o CMakeFiles/cmTC_4a2de.dir/CMakeCXXCompilerABI.cpp.obj /tmp/ccFjn82Z.s
COMPILER_PATH=/home/vietnq/.espressif/tools/xtensa-esp-elf/esp-14.2.0_20260121/xtensa-esp-elf/bin/../libexec/gcc/xtensa-esp-elf/14.2.0/:/home/vietnq/.espressif/tools/xtensa-esp-elf/esp-14.2.0_20260121/xtensa-esp-elf/bin/../libexec/gcc/:/home/vietnq/.espressif/tools/xtensa-esp-elf/esp-14.2.0_20260121/xtensa-esp-elf/bin/../lib/gcc/xtensa-esp-elf/14.2.0/../../../../xtensa-esp-elf/bin/
LIBRARY_PATH=/home/vietnq/.espressif/tools/xtensa-esp-elf/esp-14.2.0_20260121/xtensa-esp-elf/bin/../lib/gcc/xtensa-esp-elf/14.2.0/esp32/no-rtti/:/home/vietnq/.espressif/tools/xtensa-esp-elf/esp-14.2.0_20260121/xtensa-esp-elf/bin/../lib/gcc/xtensa-esp-elf/14.2.0/../../../../xtensa-esp-elf/lib/esp32/no-rtti/:/home/vietnq/.espressif/tools/xtensa-esp-elf/esp-14.2.0_20260121/xtensa-esp-elf/bin/../xtensa-esp-elf/lib/esp32/no-rtti/:/home/vietnq/.espressif/tools/xtensa-esp-elf/esp-14.2.0_20260121/xtensa-esp-elf/bin/../lib/gcc/xtensa-esp-elf/14.2.0/:/home/vietnq/.espressif/tools/xtensa-esp-elf/esp-14.2.0_20260121/xtensa-esp-elf/bin/../lib/gcc/:/home/vietnq/.espressif/tools/xtensa-esp-elf/esp-14.2.0_20260121/xtensa-esp-elf/bin/../lib/gcc/xtensa-esp-elf/14.2.0/../../../../xtensa-esp-elf/lib/:/home/vietnq/.espressif/tools/xtensa-esp-elf/esp-14.2.0_20260121/xtensa-esp-elf/bin/../xtensa-esp-elf/lib/:/home/vietnq/.espressif/tools/xtensa-esp-elf/esp-14.2.0_20260121/xtensa-esp-elf/bin/../xtensa-esp-elf/usr/lib/
COLLECT_GCC_OPTIONS='-mdynconfig=xtensa_esp32.so' '-Wno-frame-address' '-mlongcalls' '-fno-builtin-memcpy' '-fno-builtin-memset' '-fno-builtin-bzero' '-fno-rtti' '-v' '-o' 'CMakeFiles/cmTC_4a2de.dir/CMakeCXXCompilerABI.cpp.obj' '-c' '-dumpdir' 'CMakeFiles/cmTC_4a2de.dir/CMakeCXXCompilerABI.cpp.'
[2/2] Linking CXX executable cmTC_4a2de
Using built-in specs.
COLLECT_GCC=/home/vietnq/.espressif/tools/xtensa-esp-elf/esp-14.2.0_20260121/xtensa-esp-elf/bin/xtensa-esp-elf-g++
COLLECT_LTO_WRAPPER=/home/vietnq/.espressif/tools/xtensa-esp-elf/esp-14.2.0_20260121/xtensa-esp-elf/bin/../libexec/gcc/xtensa-esp-elf/14.2.0/lto-wrapper
Target: xtensa-esp-elf
Configured with: /builds/idf/crosstool-NG/.build/xtensa-esp-elf/src/gcc/configure --build=x86_64-build_pc-linux-gnu --host=x86_64-build_pc-linux-gnu --target=xtensa-esp-elf --prefix=/builds/idf/crosstool-NG/builds/xtensa-esp-elf --exec_prefix=/builds/idf/crosstool-NG/builds/xtensa-esp-elf --with-local-prefix=/builds/idf/crosstool-NG/builds/xtensa-esp-elf/xtensa-esp-elf --with-sysroot=/builds/idf/crosstool-NG/builds/xtensa-esp-elf/xtensa-esp-elf --with-native-system-header-dir=/include --with-headers=/builds/idf/crosstool-NG/builds/xtensa-esp-elf/xtensa-esp-elf/include --with-newlib --enable-threads=no --disable-shared --with-pkgversion='crosstool-NG esp-14.2.0_20260121' --disable-__cxa_atexit --enable-cxx-flags='-ffunction-sections -fdata-sections' --disable-libgomp --disable-libmudflap --disable-libmpx --disable-libssp --disable-libquadmath --disable-libquadmath-support --disable-libstdcxx-verbose --with-gmp=/builds/idf/crosstool-NG/.build/xtensa-esp-elf/buildtools --with-mpfr=/builds/idf/crosstool-NG/.build/xtensa-esp-elf/buildtools --with-mpc=/builds/idf/crosstool-NG/.build/xtensa-esp-elf/buildtools --with-isl=/builds/idf/crosstool-NG/.build/xtensa-esp-elf/buildtools --enable-lto --enable-target-optspace --without-long-double-128 --enable-plugin --disable-nls --enable-multiarch --enable-languages=c,c++ --disable-libstdcxx-verbose --enable-threads=posix --enable-libstdcxx-time=yes --disable-win32-utf8-manifest
Thread model: posix
Supported LTO compression algorithms: zlib zstd
gcc version 14.2.0 (crosstool-NG esp-14.2.0_20260121) 
COMPILER_PATH=/home/vietnq/.espressif/tools/xtensa-esp-elf/esp-14.2.0_20260121/xtensa-esp-elf/bin/../libexec/gcc/xtensa-esp-elf/14.2.0/:/home/vietnq/.espressif/tools/xtensa-esp-elf/esp-14.2.0_20260121/xtensa-esp-elf/bin/../libexec/gcc/:/home/vietnq/.espressif/tools/xtensa-esp-elf/esp-14.2.0_20260121/xtensa-esp-elf/bin/../lib/gcc/xtensa-esp-elf/14.2.0/../../../../xtensa-esp-elf/bin/
LIBRARY_PATH=/home/vietnq/.espressif/tools/xtensa-esp-elf/esp-14.2.0_20260121/xtensa-esp-elf/bin/../lib/gcc/xtensa-esp-elf/14.2.0/esp32/no-rtti/:/home/vietnq/.espressif/tools/xtensa-esp-elf/esp-14.2.0_20260121/xtensa-esp-elf/bin/../lib/gcc/xtensa-esp-elf/14.2.0/../../../../xtensa-esp-elf/lib/esp32/no-rtti/:/home/vietnq/.espressif/tools/xtensa-esp-elf/esp-14.2.0_20260121/xtensa-esp-elf/bin/../xtensa-esp-elf/lib/esp32/no-rtti/:/home/vietnq/.espressif/tools/xtensa-esp-elf/esp-14.2.0_20260121/xtensa-esp-elf/bin/../lib/gcc/xtensa-esp-elf/14.2.0/:/home/vietnq/.espressif/tools/xtensa-esp-elf/esp-14.2.0_20260121/xtensa-esp-elf/bin/../lib/gcc/:/home/vietnq/.espressif/tools/xtensa-esp-elf/esp-14.2.0_20260121/xtensa-esp-elf/bin/../lib/gcc/xtensa-esp-elf/14.2.0/../../../../xtensa-esp-elf/lib/:/home/vietnq/.espressif/tools/xtensa-esp-elf/esp-14.2.0_20260121/xtensa-esp-elf/bin/../xtensa-esp-elf/lib/:/home/vietnq/.espressif/tools/xtensa-esp-elf/esp-14.2.0_20260121/xtensa-esp-elf/bin/../xtensa-esp-elf/usr/lib/
COLLECT_GCC_OPTIONS='-mdynconfig=xtensa_esp32.so' '-Wno-frame-address' '-mlongcalls' '-fno-builtin-memcpy' '-fno-builtin-memset' '-fno-builtin-bzero' '-nostartfiles' '-fno-rtti' '-v' '-o' 'cmTC_4a2de' '-dumpdir' 'cmTC_4a2de.'
 /home/vietnq/.espressif/tools/xtensa-esp-elf/esp-14.2.0_20260121/xtensa-esp-elf/bin/../libexec/gcc/xtensa-esp-elf/14.2.0/collect2 -plugin /home/vietnq/.espressif/tools/xtensa-esp-elf/esp-14.2.0_20260121/xtensa-esp-elf/bin/../libexec/gcc/xtensa-esp-elf/14.2.0/liblto_plugin.so -plugin-opt=/home/vietnq/.espressif/tools/xtensa-esp-elf/esp-14.2.0_20260121/xtensa-esp-elf/bin/../libexec/gcc/xtensa-esp-elf/14.2.0/lto-wrapper -plugin-opt=-fresolution=/tmp/ccP7C5Bq.res -plugin-opt=-pass-through=-lgcc -plugin-opt=-pass-through=-lc -plugin-opt=-pass-through=-lnosys -plugin-opt=-pass-through=-lc -plugin-opt=-pass-through=-lgcc --sysroot=/home/vietnq/.espressif/tools/xtensa-esp-elf/esp-14.2.0_20260121/xtensa-esp-elf/bin/../xtensa-esp-elf --dynconfig=xtensa_esp32.so -o cmTC_4a2de -L/home/vietnq/.espressif/tools/xtensa-esp-elf/esp-14.2.0_20260121/xtensa-esp-elf/bin/../lib/gcc/xtensa-esp-elf/14.2.0/esp32/no-rtti -L/home/vietnq/.espressif/tools/xtensa-esp-elf/esp-14.2.0_20260121/xtensa-esp-elf/bin/../lib/gcc/xtensa-esp-elf/14.2.0/../../../../xtensa-esp-elf/lib/esp32/no-rtti -L/home/vietnq/.espressif/tools/xtensa-esp-elf/esp-14.2.0_20260121/xtensa-esp-elf/bin/../xtensa-esp-elf/lib/esp32/no-rtti -L/home/vietnq/.espressif/tools/xtensa-esp-elf/esp-14.2.0_20260121/xtensa-esp-elf/bin/../lib/gcc/xtensa-esp-elf/14.2.0 -L/home/vietnq/.espressif/tools/xtensa-esp-elf/esp-14.2.0_20260121/xtensa-esp-elf/bin/../lib/gcc -L/home/vietnq/.espressif/tools/xtensa-esp-elf/esp-14.2.0_20260121/xtensa-esp-elf/bin/../lib/gcc/xtensa-esp-elf/14.2.0/../../../../xtensa-esp-elf/lib -L/home/vietnq/.espressif/tools/xtensa-esp-elf/esp-14.2.0_20260121/xtensa-esp-elf/bin/../xtensa-esp-elf/lib -L/home/vietnq/.espressif/tools/xtensa-esp-elf/esp-14.2.0_20260121/xtensa-esp-elf/bin/../xtensa-esp-elf/usr/lib @/tmp/ccY0pEib -lgcc -lc -lnosys -lc -lgcc
/home/vietnq/.espressif/tools/xtensa-esp-elf/esp-14.2.0_20260121/xtensa-esp-elf/bin/../lib/gcc/xtensa-esp-elf/14.2.0/../../../../xtensa-esp-elf/bin/ld: warning: cannot find entry symbol _start; defaulting to 00400054
COLLECT_GCC_OPTIONS='-mdynconfig=xtensa_esp32.so' '-Wno-frame-address' '-mlongcalls' '-fno-builtin-memcpy' '-fno-builtin-memset' '-fno-builtin-bzero' '-nostartfiles' '-fno-rtti' '-v' '-o' 'cmTC_4a2de' '-dumpdir' 'cmTC_4a2de.'



Parsed CXX implicit include dir info from above output: rv=done
  found start of include info
  found start of implicit include info
    add: [/home/vietnq/.espressif/tools/xtensa-esp-elf/esp-14.2.0_20260121/xtensa-esp-elf/bin/../lib/gcc/xtensa-esp-elf/14.2.0/../../../../xtensa-esp-elf/include/c++/14.2.0]
    add: [/home/vietnq/.espressif/tools/xtensa-esp-elf/esp-14.2.0_20260121/xtensa-esp-elf/bin/../lib/gcc/xtensa-esp-elf/14.2.0/../../../../xtensa-esp-elf/include/c++/14.2.0/xtensa-esp-elf/esp32/no-rtti]
    add: [/home/vietnq/.espressif/tools/xtensa-esp-elf/esp-14.2.0_20260121/xtensa-esp-elf/bin/../lib/gcc/xtensa-esp-elf/14.2.0/../../../../xtensa-esp-elf/include/c++/14.2.0/backward]
    add: [/home/vietnq/.espressif/tools/xtensa-esp-elf/esp-14.2.0_20260121/xtensa-esp-elf/bin/../lib/gcc/xtensa-esp-elf/14.2.0/include]
    add: [/home/vietnq/.espressif/tools/xtensa-esp-elf/esp-14.2.0_20260121/xtensa-esp-elf/bin/../lib/gcc/xtensa-esp-elf/14.2.0/include-fixed]
    add: [/home/vietnq/.espressif/tools/xtensa-esp-elf/esp-14.2.0_20260121/xtensa-esp-elf/bin/../lib/gcc/xtensa-esp-elf/14.2.0/../../../../xtensa-esp-elf/include]
  end of search list found
  collapse include dir [/home/vietnq/.espressif/tools/xtensa-esp-elf/esp-14.2.0_20260121/xtensa-esp-elf/bin/../lib/gcc/xtensa-esp-elf/14.2.0/../../../../xtensa-esp-elf/include/c++/14.2.0] ==> [/home/vietnq/.espressif/tools/xtensa-esp-elf/esp-14.2.0_20260121/xtensa-esp-elf/xtensa-esp-elf/include/c++/14.2.0]
  collapse include dir [/home/vietnq/.espressif/tools/xtensa-esp-elf/esp-14.2.0_20260121/xtensa-esp-elf/bin/../lib/gcc/xtensa-esp-elf/14.2.0/../../../../xtensa-esp-elf/include/c++/14.2.0/xtensa-esp-elf/esp32/no-rtti] ==> [/home/vietnq/.espressif/tools/xtensa-esp-elf/esp-14.2.0_20260121/xtensa-esp-elf/xtensa-esp-elf/include/c++/14.2.0/xtensa-esp-elf/esp32/no-rtti]
  collapse include dir [/home/vietnq/.espressif/tools/xtensa-esp-elf/esp-14.2.0_20260121/xtensa-esp-elf/bin/../lib/gcc/xtensa-esp-elf/14.2.0/../../../../xtensa-esp-elf/include/c++/14.2.0/backward] ==> [/home/vietnq/.espressif/tools/xtensa-esp-elf/esp-14.2.0_20260121/xtensa-esp-elf/xtensa-esp-elf/include/c++/14.2.0/backward]
  collapse include dir [/home/vietnq/.espressif/tools/xtensa-esp-elf/esp-14.2.0_20260121/xtensa-esp-elf/bin/../lib/gcc/xtensa-esp-elf/14.2.0/include] ==> [/home/vietnq/.espressif/tools/xtensa-esp-elf/esp-14.2.0_20260121/xtensa-esp-elf/lib/gcc/xtensa-esp-elf/14.2.0/include]
  collapse include dir [/home/vietnq/.espressif/tools/xtensa-esp-elf/esp-14.2.0_20260121/xtensa-esp-elf/bin/../lib/gcc/xtensa-esp-elf/14.2.0/include-fixed] ==> [/home/vietnq/.espressif/tools/xtensa-esp-elf/esp-14.2.0_20260121/xtensa-esp-elf/lib/gcc/xtensa-esp-elf/14.2.0/include-fixed]
  collapse include dir [/home/vietnq/.espressif/tools/xtensa-esp-elf/esp-14.2.0_20260121/xtensa-esp-elf/bin/../lib/gcc/xtensa-esp-elf/14.2.0/../../../../xtensa-esp-elf/include] ==> [/home/vietnq/.espressif/tools/xtensa-esp-elf/esp-14.2.0_20260121/xtensa-esp-elf/xtensa-esp-elf/include]
  implicit include dirs: [/home/vietnq/.espressif/tools/xtensa-esp-elf/esp-14.2.0_20260121/xtensa-esp-elf/xtensa-esp-elf/include/c++/14.2.0;/home/vietnq/.espressif/tools/xtensa-esp-elf/esp-14.2.0_20260121/xtensa-esp-elf/xtensa-esp-elf/include/c++/14.2.0/xtensa-esp-elf/esp32/no-rtti;/home/vietnq/.espressif/tools/xtensa-esp-elf/esp-14.2.0_20260121/xtensa-esp-elf/xtensa-esp-elf/include/c++/14.2.0/backward;/home/vietnq/.espressif/tools/xtensa-esp-elf/esp-14.2.0_20260121/xtensa-esp-elf/lib/gcc/xtensa-esp-elf/14.2.0/include;/home/vietnq/.espressif/tools/xtensa-esp-elf/esp-14.2.0_20260121/xtensa-esp-elf/lib/gcc/xtensa-esp-elf/14.2.0/include-fixed;/home/vietnq/.espressif/tools/xtensa-esp-elf/esp-14.2.0_20260121/xtensa-esp-elf/xtensa-esp-elf/include]


Parsed CXX implicit link information from above output:
  link line regex: [^( *|.*[/\])(xtensa-esp32-elf-ld|CMAKE_LINK_STARTFILE-NOTFOUND|([^/\]+-)?ld|collect2)[^/\]*( |$)]
  ignore line: [Change Dir: /home/vietnq/esp/ota/build/bootloader/CMakeFiles/CMakeTmp]
  ignore line: []
  ignore line: [Run Build Command(s):/usr/bin/ninja cmTC_4a2de && [1/2] Building CXX object CMakeFiles/cmTC_4a2de.dir/CMakeCXXCompilerABI.cpp.obj]
  ignore line: [Using built-in specs.]
  ignore line: [COLLECT_GCC=/home/vietnq/.espressif/tools/xtensa-esp-elf/esp-14.2.0_20260121/xtensa-esp-elf/bin/xtensa-esp-elf-g++]
  ignore line: [Target: xtensa-esp-elf]
  ignore line: [Configured with: /builds/idf/crosstool-NG/.build/xtensa-esp-elf/src/gcc/configure --build=x86_64-build_pc-linux-gnu --host=x86_64-build_pc-linux-gnu --target=xtensa-esp-elf --prefix=/builds/idf/crosstool-NG/builds/xtensa-esp-elf --exec_prefix=/builds/idf/crosstool-NG/builds/xtensa-esp-elf --with-local-prefix=/builds/idf/crosstool-NG/builds/xtensa-esp-elf/xtensa-esp-elf --with-sysroot=/builds/idf/crosstool-NG/builds/xtensa-esp-elf/xtensa-esp-elf --with-native-system-header-dir=/include --with-headers=/builds/idf/crosstool-NG/builds/xtensa-esp-elf/xtensa-esp-elf/include --with-newlib --enable-threads=no --disable-shared --with-pkgversion='crosstool-NG esp-14.2.0_20260121' --disable-__cxa_atexit --enable-cxx-flags='-ffunction-sections -fdata-sections' --disable-libgomp --disable-libmudflap --disable-libmpx --disable-libssp --disable-libquadmath --disable-libquadmath-support --disable-libstdcxx-verbose --with-gmp=/builds/idf/crosstool-NG/.build/xtensa-esp-elf/buildtools --with-mpfr=/builds/idf/crosstool-NG/.build/xtensa-esp-elf/buildtools --with-mpc=/builds/idf/crosstool-NG/.build/xtensa-esp-elf/buildtools --with-isl=/builds/idf/crosstool-NG/.build/xtensa-esp-elf/buildtools --enable-lto --enable-target-optspace --without-long-double-128 --enable-plugin --disable-nls --enable-multiarch --enable-languages=c c++ --disable-libstdcxx-verbose --enable-threads=posix --enable-libstdcxx-time=yes --disable-win32-utf8-manifest]
  ignore line: [Thread model: posix]
  ignore line: [Supported LTO compression algorithms: zlib zstd]
  ignore line: [gcc version 14.2.0 (crosstool-NG esp-14.2.0_20260121) ]
  ignore line: [COLLECT_GCC_OPTIONS='-mdynconfig=xtensa_esp32.so' '-Wno-frame-address' '-mlongcalls' '-fno-builtin-memcpy' '-fno-builtin-memset' '-fno-builtin-bzero' '-fno-rtti' '-v' '-o' 'CMakeFiles/cmTC_4a2de.dir/CMakeCXXCompilerABI.cpp.obj' '-c' '-dumpdir' 'CMakeFiles/cmTC_4a2de.dir/']
  ignore line: [ /home/vietnq/.espressif/tools/xtensa-esp-elf/esp-14.2.0_20260121/xtensa-esp-elf/bin/../libexec/gcc/xtensa-esp-elf/14.2.0/cc1plus -quiet -v -imultilib esp32/no-rtti -iprefix /home/vietnq/.espressif/tools/xtensa-esp-elf/esp-14.2.0_20260121/xtensa-esp-elf/bin/../lib/gcc/xtensa-esp-elf/14.2.0/ -isysroot /home/vietnq/.espressif/tools/xtensa-esp-elf/esp-14.2.0_20260121/xtensa-esp-elf/bin/../xtensa-esp-elf /usr/share/cmake-3.22/Modules/CMakeCXXCompilerABI.cpp -quiet -dumpdir CMakeFiles/cmTC_4a2de.dir/ -dumpbase CMakeCXXCompilerABI.cpp.cpp -dumpbase-ext .cpp -mdynconfig=xtensa_esp32.so -mlongcalls -Wno-frame-address -version -fno-builtin-memcpy -fno-builtin-memset -fno-builtin-bzero -fno-rtti -o /tmp/ccFjn82Z.s]
  ignore line: [GNU C++17 (crosstool-NG esp-14.2.0_20260121) version 14.2.0 (xtensa-esp-elf)]
  ignore line: [	compiled by GNU C version 6.3.0  GMP version 6.3.0  MPFR version 4.2.1  MPC version 1.3.1  isl version isl-0.26-GMP]
  ignore line: []
  ignore line: [GGC heuristics: --param ggc-min-expand=100 --param ggc-min-heapsize=131072]
  ignore line: [ignoring duplicate directory "/home/vietnq/.espressif/tools/xtensa-esp-elf/esp-14.2.0_20260121/xtensa-esp-elf/bin/../lib/gcc/../../lib/gcc/xtensa-esp-elf/14.2.0/../../../../xtensa-esp-elf/include/c++/14.2.0"]
  ignore line: [ignoring duplicate directory "/home/vietnq/.espressif/tools/xtensa-esp-elf/esp-14.2.0_20260121/xtensa-esp-elf/bin/../lib/gcc/../../lib/gcc/xtensa-esp-elf/14.2.0/../../../../xtensa-esp-elf/include/c++/14.2.0/xtensa-esp-elf/esp32/no-rtti"]
  ignore line: [ignoring duplicate directory "/home/vietnq/.espressif/tools/xtensa-esp-elf/esp-14.2.0_20260121/xtensa-esp-elf/bin/../lib/gcc/../../lib/gcc/xtensa-esp-elf/14.2.0/../../../../xtensa-esp-elf/include/c++/14.2.0/backward"]
  ignore line: [ignoring duplicate directory "/home/vietnq/.espressif/tools/xtensa-esp-elf/esp-14.2.0_20260121/xtensa-esp-elf/bin/../lib/gcc/../../lib/gcc/xtensa-esp-elf/14.2.0/include"]
  ignore line: [ignoring nonexistent directory "/home/vietnq/.espressif/tools/xtensa-esp-elf/esp-14.2.0_20260121/xtensa-esp-elf/bin/../xtensa-esp-elf/builds/idf/crosstool-NG/builds/xtensa-esp-elf/xtensa-esp-elf/include"]
  ignore line: [ignoring duplicate directory "/home/vietnq/.espressif/tools/xtensa-esp-elf/esp-14.2.0_20260121/xtensa-esp-elf/bin/../lib/gcc/../../lib/gcc/xtensa-esp-elf/14.2.0/include-fixed"]
  ignore line: [ignoring duplicate directory "/home/vietnq/.espressif/tools/xtensa-esp-elf/esp-14.2.0_20260121/xtensa-esp-elf/bin/../lib/gcc/../../lib/gcc/xtensa-esp-elf/14.2.0/../../../../xtensa-esp-elf/include"]
  ignore line: [ignoring duplicate directory "/home/vietnq/.espressif/tools/xtensa-esp-elf/esp-14.2.0_20260121/xtensa-esp-elf/bin/../xtensa-esp-elf/include"]
  ignore line: [#include "..." search starts here:]
  ignore line: [#include <...> search starts here:]
  ignore line: [ /home/vietnq/.espressif/tools/xtensa-esp-elf/esp-14.2.0_20260121/xtensa-esp-elf/bin/../lib/gcc/xtensa-esp-elf/14.2.0/../../../../xtensa-esp-elf/include/c++/14.2.0]
  ignore line: [ /home/vietnq/.espressif/tools/xtensa-esp-elf/esp-14.2.0_20260121/xtensa-esp-elf/bin/../lib/gcc/xtensa-esp-elf/14.2.0/../../../../xtensa-esp-elf/include/c++/14.2.0/xtensa-esp-elf/esp32/no-rtti]
  ignore line: [ /home/vietnq/.espressif/tools/xtensa-esp-elf/esp-14.2.0_20260121/xtensa-esp-elf/bin/../lib/gcc/xtensa-esp-elf/14.2.0/../../../../xtensa-esp-elf/include/c++/14.2.0/backward]
  ignore line: [ /home/vietnq/.espressif/tools/xtensa-esp-elf/esp-14.2.0_20260121/xtensa-esp-elf/bin/../lib/gcc/xtensa-esp-elf/14.2.0/include]
  ignore line: [ /home/vietnq/.espressif/tools/xtensa-esp-elf/esp-14.2.0_20260121/xtensa-esp-elf/bin/../lib/gcc/xtensa-esp-elf/14.2.0/include-fixed]
  ignore line: [ /home/vietnq/.espressif/tools/xtensa-esp-elf/esp-14.2.0_20260121/xtensa-esp-elf/bin/../lib/gcc/xtensa-esp-elf/14.2.0/../../../../xtensa-esp-elf/include]
  ignore line: [End of search list.]
  ignore line: [Compiler executable checksum: a254981dd59757a59628c9ca49d36a87]
  ignore line: [COLLECT_GCC_OPTIONS='-mdynconfig=xtensa_esp32.so' '-Wno-frame-address' '-mlongcalls' '-fno-builtin-memcpy' '-fno-builtin-memset' '-fno-builtin-bzero' '-fno-rtti' '-v' '-o' 'CMakeFiles/cmTC_4a2de.dir/CMakeCXXCompilerABI.cpp.obj' '-c' '-dumpdir' 'CMakeFiles/cmTC_4a2de.dir/']
  ignore line: [ /home/vietnq/.espressif/tools/xtensa-esp-elf/esp-14.2.0_20260121/xtensa-esp-elf/bin/../lib/gcc/xtensa-esp-elf/14.2.0/../../../../xtensa-esp-elf/bin/as --traditional-format --longcalls --dynconfig=xtensa_esp32.so -o CMakeFiles/cmTC_4a2de.dir/CMakeCXXCompilerABI.cpp.obj /tmp/ccFjn82Z.s]
  ignore line: [COMPILER_PATH=/home/vietnq/.espressif/tools/xtensa-esp-elf/esp-14.2.0_20260121/xtensa-esp-elf/bin/../libexec/gcc/xtensa-esp-elf/14.2.0/:/home/vietnq/.espressif/tools/xtensa-esp-elf/esp-14.2.0_20260121/xtensa-esp-elf/bin/../libexec/gcc/:/home/vietnq/.espressif/tools/xtensa-esp-elf/esp-14.2.0_20260121/xtensa-esp-elf/bin/../lib/gcc/xtensa-esp-elf/14.2.0/../../../../xtensa-esp-elf/bin/]
  ignore line: [LIBRARY_PATH=/home/vietnq/.espressif/tools/xtensa-esp-elf/esp-14.2.0_20260121/xtensa-esp-elf/bin/../lib/gcc/xtensa-esp-elf/14.2.0/esp32/no-rtti/:/home/vietnq/.espressif/tools/xtensa-esp-elf/esp-14.2.0_20260121/xtensa-esp-elf/bin/../lib/gcc/xtensa-esp-elf/14.2.0/../../../../xtensa-esp-elf/lib/esp32/no-rtti/:/home/vietnq/.espressif/tools/xtensa-esp-elf/esp-14.2.0_20260121/xtensa-esp-elf/bin/../xtensa-esp-elf/lib/esp32/no-rtti/:/home/vietnq/.espressif/tools/xtensa-esp-elf/esp-14.2.0_20260121/xtensa-esp-elf/bin/../lib/gcc/xtensa-esp-elf/14.2.0/:/home/vietnq/.espressif/tools/xtensa-esp-elf/esp-14.2.0_20260121/xtensa-esp-elf/bin/../lib/gcc/:/home/vietnq/.espressif/tools/xtensa-esp-elf/esp-14.2.0_20260121/xtensa-esp-elf/bin/../lib/gcc/xtensa-esp-elf/14.2.0/../../../../xtensa-esp-elf/lib/:/home/vietnq/.espressif/tools/xtensa-esp-elf/esp-14.2.0_20260121/xtensa-esp-elf/bin/../xtensa-esp-elf/lib/:/home/vietnq/.espressif/tools/xtensa-esp-elf/esp-14.2.0_20260121/xtensa-esp-elf/bin/../xtensa-esp-elf/usr/lib/]
  ignore line: [COLLECT_GCC_OPTIONS='-mdynconfig=xtensa_esp32.so' '-Wno-frame-address' '-mlongcalls' '-fno-builtin-memcpy' '-fno-builtin-memset' '-fno-builtin-bzero' '-fno-rtti' '-v' '-o' 'CMakeFiles/cmTC_4a2de.dir/CMakeCXXCompilerABI.cpp.obj' '-c' '-dumpdir' 'CMakeFiles/cmTC_4a2de.dir/CMakeCXXCompilerABI.cpp.']
  ignore line: [[2/2] Linking CXX executable cmTC_4a2de]
  ignore line: [Using built-in specs.]
  ignore line: [COLLECT_GCC=/home/vietnq/.espressif/tools/xtensa-esp-elf/esp-14.2.0_20260121/xtensa-esp-elf/bin/xtensa-esp-elf-g++]
  ignore line: [COLLECT_LTO_WRAPPER=/home/vietnq/.espressif/tools/xtensa-esp-elf/esp-14.2.0_20260121/xtensa-esp-elf/bin/../libexec/gcc/xtensa-esp-elf/14.2.0/lto-wrapper]
  ignore line: [Target: xtensa-esp-elf]
  ignore line: [Configured with: /builds/idf/crosstool-NG/.build/xtensa-esp-elf/src/gcc/configure --build=x86_64-build_pc-linux-gnu --host=x86_64-build_pc-linux-gnu --target=xtensa-esp-elf --prefix=/builds/idf/crosstool-NG/builds/xtensa-esp-elf --exec_prefix=/builds/idf/crosstool-NG/builds/xtensa-esp-elf --with-local-prefix=/builds/idf/crosstool-NG/builds/xtensa-esp-elf/xtensa-esp-elf --with-sysroot=/builds/idf/crosstool-NG/builds/xtensa-esp-elf/xtensa-esp-elf --with-native-system-header-dir=/include --with-headers=/builds/idf/crosstool-NG/builds/xtensa-esp-elf/xtensa-esp-elf/include --with-newlib --enable-threads=no --disable-shared --with-pkgversion='crosstool-NG esp-14.2.0_20260121' --disable-__cxa_atexit --enable-cxx-flags='-ffunction-sections -fdata-sections' --disable-libgomp --disable-libmudflap --disable-libmpx --disable-libssp --disable-libquadmath --disable-libquadmath-support --disable-libstdcxx-verbose --with-gmp=/builds/idf/crosstool-NG/.build/xtensa-esp-elf/buildtools --with-mpfr=/builds/idf/crosstool-NG/.build/xtensa-esp-elf/buildtools --with-mpc=/builds/idf/crosstool-NG/.build/xtensa-esp-elf/buildtools --with-isl=/builds/idf/crosstool-NG/.build/xtensa-esp-elf/buildtools --enable-lto --enable-target-optspace --without-long-double-128 --enable-plugin --disable-nls --enable-multiarch --enable-languages=c c++ --disable-libstdcxx-verbose --enable-threads=posix --enable-libstdcxx-time=yes --disable-win32-utf8-manifest]
  ignore line: [Thread model: posix]
  ignore line: [Supported LTO compression algorithms: zlib zstd]
  ignore line: [gcc version 14.2.0 (crosstool-NG esp-14.2.0_20260121) ]
  ignore line: [COMPILER_PATH=/home/vietnq/.espressif/tools/xtensa-esp-elf/esp-14.2.0_20260121/xtensa-esp-elf/bin/../libexec/gcc/xtensa-esp-elf/14.2.0/:/home/vietnq/.espressif/tools/xtensa-esp-elf/esp-14.2.0_20260121/xtensa-esp-elf/bin/../libexec/gcc/:/home/vietnq/.espressif/tools/xtensa-esp-elf/esp-14.2.0_20260121/xtensa-esp-elf/bin/../lib/gcc/xtensa-esp-elf/14.2.0/../../../../xtensa-esp-elf/bin/]
  ignore line: [LIBRARY_PATH=/home/vietnq/.espressif/tools/xtensa-esp-elf/esp-14.2.0_20260121/xtensa-esp-elf/bin/../lib/gcc/xtensa-esp-elf/14.2.0/esp32/no-rtti/:/home/vietnq/.espressif/tools/xtensa-esp-elf/esp-14.2.0_20260121/xtensa-esp-elf/bin/../lib/gcc/xtensa-esp-elf/14.2.0/../../../../xtensa-esp-elf/lib/esp32/no-rtti/:/home/vietnq/.espressif/tools/xtensa-esp-elf/esp-14.2.0_20260121/xtensa-esp-elf/bin/../xtensa-esp-elf/lib/esp32/no-rtti/:/home/vietnq/.espressif/tools/xtensa-esp-elf/esp-14.2.0_20260121/xtensa-esp-elf/bin/../lib/gcc/xtensa-esp-elf/14.2.0/:/home/vietnq/.espressif/tools/xtensa-esp-elf/esp-14.2.0_20260121/xtensa-esp-elf/bin/../lib/gcc/:/home/vietnq/.espressif/tools/xtensa-esp-elf/esp-14.2.0_20260121/xtensa-esp-elf/bin/../lib/gcc/xtensa-esp-elf/14.2.0/../../../../xtensa-esp-elf/lib/:/home/vietnq/.espressif/tools/xtensa-esp-elf/esp-14.2.0_20260121/xtensa-esp-elf/bin/../xtensa-esp-elf/lib/:/home/vietnq/.espressif/tools/xtensa-esp-elf/esp-14.2.0_20260121/xtensa-esp-elf/bin/../xtensa-esp-elf/usr/lib/]
  ignore line: [COLLECT_GCC_OPTIONS='-mdynconfig=xtensa_esp32.so' '-Wno-frame-address' '-mlongcalls' '-fno-builtin-memcpy' '-fno-builtin-memset' '-fno-builtin-bzero' '-nostartfiles' '-fno-rtti' '-v' '-o' 'cmTC_4a2de' '-dumpdir' 'cmTC_4a2de.']
  link line: [ /home/vietnq/.espressif/tools/xtensa-esp-elf/esp-14.2.0_20260121/xtensa-esp-elf/bin/../libexec/gcc/xtensa-esp-elf/14.2.0/collect2 -plugin /home/vietnq/.espressif/tools/xtensa-esp-elf/esp-14.2.0_20260121/xtensa-esp-elf/bin/../libexec/gcc/xtensa-esp-elf/14.2.0/liblto_plugin.so -plugin-opt=/home/vietnq/.espressif/tools/xtensa-esp-elf/esp-14.2.0_20260121/xtensa-esp-elf/bin/../libexec/gcc/xtensa-esp-elf/14.2.0/lto-wrapper -plugin-opt=-fresolution=/tmp/ccP7C5Bq.res -plugin-opt=-pass-through=-lgcc -plugin-opt=-pass-through=-lc -plugin-opt=-pass-through=-lnosys -plugin-opt=-pass-through=-lc -plugin-opt=-pass-through=-lgcc --sysroot=/home/vietnq/.espressif/tools/xtensa-esp-elf/esp-14.2.0_20260121/xtensa-esp-elf/bin/../xtensa-esp-elf --dynconfig=xtensa_esp32.so -o cmTC_4a2de -L/home/vietnq/.espressif/tools/xtensa-esp-elf/esp-14.2.0_20260121/xtensa-esp-elf/bin/../lib/gcc/xtensa-esp-elf/14.2.0/esp32/no-rtti -L/home/vietnq/.espressif/tools/xtensa-esp-elf/esp-14.2.0_20260121/xtensa-esp-elf/bin/../lib/gcc/xtensa-esp-elf/14.2.0/../../../../xtensa-esp-elf/lib/esp32/no-rtti -L/home/vietnq/.espressif/tools/xtensa-esp-elf/esp-14.2.0_20260121/xtensa-esp-elf/bin/../xtensa-esp-elf/lib/esp32/no-rtti -L/home/vietnq/.espressif/tools/xtensa-esp-elf/esp-14.2.0_20260121/xtensa-esp-elf/bin/../lib/gcc/xtensa-esp-elf/14.2.0 -L/home/vietnq/.espressif/tools/xtensa-esp-elf/esp-14.2.0_20260121/xtensa-esp-elf/bin/../lib/gcc -L/home/vietnq/.espressif/tools/xtensa-esp-elf/esp-14.2.0_20260121/xtensa-esp-elf/bin/../lib/gcc/xtensa-esp-elf/14.2.0/../../../../xtensa-esp-elf/lib -L/home/vietnq/.espressif/tools/xtensa-esp-elf/esp-14.2.0_20260121/xtensa-esp-elf/bin/../xtensa-esp-elf/lib -L/home/vietnq/.espressif/tools/xtensa-esp-elf/esp-14.2.0_20260121/xtensa-esp-elf/bin/../xtensa-esp-elf/usr/lib @/tmp/ccY0pEib -lgcc -lc -lnosys -lc -lgcc]
    arg [/home/vietnq/.espressif/tools/xtensa-esp-elf/esp-14.2.0_20260121/xtensa-esp-elf/bin/../libexec/gcc/xtensa-esp-elf/14.2.0/collect2] ==> ignore
    arg [-plugin] ==> ignore
    arg [/home/vietnq/.espressif/tools/xtensa-esp-elf/esp-14.2.0_20260121/xtensa-esp-elf/bin/../libexec/gcc/xtensa-esp-elf/14.2.0/liblto_plugin.so] ==> ignore
    arg [-plugin-opt=/home/vietnq/.espressif/tools/xtensa-esp-elf/esp-14.2.0_20260121/xtensa-esp-elf/bin/../libexec/gcc/xtensa-esp-elf/14.2.0/lto-wrapper] ==> ignore
    arg [-plugin-opt=-fresolution=/tmp/ccP7C5Bq.res] ==> ignore
    arg [-plugin-opt=-pass-through=-lgcc] ==> ignore
    arg [-plugin-opt=-pass-through=-lc] ==> ignore
    arg [-plugin-opt=-pass-through=-lnosys] ==> ignore
    arg [-plugin-opt=-pass-through=-lc] ==> ignore
    arg [-plugin-opt=-pass-through=-lgcc] ==> ignore
    arg [--sysroot=/home/vietnq/.espressif/tools/xtensa-esp-elf/esp-14.2.0_20260121/xtensa-esp-elf/bin/../xtensa-esp-elf] ==> ignore
    arg [--dynconfig=xtensa_esp32.so] ==> ignore
    arg [-o] ==> ignore
    arg [cmTC_4a2de] ==> ignore
    arg [-L/home/vietnq/.espressif/tools/xtensa-esp-elf/esp-14.2.0_20260121/xtensa-esp-elf/bin/../lib/gcc/xtensa-esp-elf/14.2.0/esp32/no-rtti] ==> dir [/home/vietnq/.espressif/tools/xtensa-esp-elf/esp-14.2.0_20260121/xtensa-esp-elf/bin/../lib/gcc/xtensa-esp-elf/14.2.0/esp32/no-rtti]
    arg [-L/home/vietnq/.espressif/tools/xtensa-esp-elf/esp-14.2.0_20260121/xtensa-esp-elf/bin/../lib/gcc/xtensa-esp-elf/14.2.0/../../../../xtensa-esp-elf/lib/esp32/no-rtti] ==> dir [/home/vietnq/.espressif/tools/xtensa-esp-elf/esp-14.2.0_20260121/xtensa-esp-elf/bin/../lib/gcc/xtensa-esp-elf/14.2.0/../../../../xtensa-esp-elf/lib/esp32/no-rtti]
    arg [-L/home/vietnq/.espressif/tools/xtensa-esp-elf/esp-14.2.0_20260121/xtensa-esp-elf/bin/../xtensa-esp-elf/lib/esp32/no-rtti] ==> dir [/home/vietnq/.espressif/tools/xtensa-esp-elf/esp-14.2.0_20260121/xtensa-esp-elf/bin/../xtensa-esp-elf/lib/esp32/no-rtti]
    arg [-L/home/vietnq/.espressif/tools/xtensa-esp-elf/esp-14.2.0_20260121/xtensa-esp-elf/bin/../lib/gcc/xtensa-esp-elf/14.2.0] ==> dir [/home/vietnq/.espressif/tools/xtensa-esp-elf/esp-14.2.0_20260121/xtensa-esp-elf/bin/../lib/gcc/xtensa-esp-elf/14.2.0]
    arg [-L/home/vietnq/.espressif/tools/xtensa-esp-elf/esp-14.2.0_20260121/xtensa-esp-elf/bin/../lib/gcc] ==> dir [/home/vietnq/.espressif/tools/xtensa-esp-elf/esp-14.2.0_20260121/xtensa-esp-elf/bin/../lib/gcc]
    arg [-L/home/vietnq/.espressif/tools/xtensa-esp-elf/esp-14.2.0_20260121/xtensa-esp-elf/bin/../lib/gcc/xtensa-esp-elf/14.2.0/../../../../xtensa-esp-elf/lib] ==> dir [/home/vietnq/.espressif/tools/xtensa-esp-elf/esp-14.2.0_20260121/xtensa-esp-elf/bin/../lib/gcc/xtensa-esp-elf/14.2.0/../../../../xtensa-esp-elf/lib]
    arg [-L/home/vietnq/.espressif/tools/xtensa-esp-elf/esp-14.2.0_20260121/xtensa-esp-elf/bin/../xtensa-esp-elf/lib] ==> dir [/home/vietnq/.espressif/tools/xtensa-esp-elf/esp-14.2.0_20260121/xtensa-esp-elf/bin/../xtensa-esp-elf/lib]
    arg [-L/home/vietnq/.espressif/tools/xtensa-esp-elf/esp-14.2.0_20260121/xtensa-esp-elf/bin/../xtensa-esp-elf/usr/lib] ==> dir [/home/vietnq/.espressif/tools/xtensa-esp-elf/esp-14.2.0_20260121/xtensa-esp-elf/bin/../xtensa-esp-elf/usr/lib]
    arg [@/tmp/ccY0pEib] ==> ignore
    arg [-lgcc] ==> lib [gcc]
    arg [-lc] ==> lib [c]
    arg [-lnosys] ==> lib [nosys]
    arg [-lc] ==> lib [c]
    arg [-lgcc] ==> lib [gcc]
  collapse library dir [/home/vietnq/.espressif/tools/xtensa-esp-elf/esp-14.2.0_20260121/xtensa-esp-elf/bin/../lib/gcc/xtensa-esp-elf/14.2.0/esp32/no-rtti] ==> [/home/vietnq/.espressif/tools/xtensa-esp-elf/esp-14.2.0_20260121/xtensa-esp-elf/lib/gcc/xtensa-esp-elf/14.2.0/esp32/no-rtti]
  collapse library dir [/home/vietnq/.espressif/tools/xtensa-esp-elf/esp-14.2.0_20260121/xtensa-esp-elf/bin/../lib/gcc/xtensa-esp-elf/14.2.0/../../../../xtensa-esp-elf/lib/esp32/no-rtti] ==> [/home/vietnq/.espressif/tools/xtensa-esp-elf/esp-14.2.0_20260121/xtensa-esp-elf/xtensa-esp-elf/lib/esp32/no-rtti]
  collapse library dir [/home/vietnq/.espressif/tools/xtensa-esp-elf/esp-14.2.0_20260121/xtensa-esp-elf/bin/../xtensa-esp-elf/lib/esp32/no-rtti] ==> [/home/vietnq/.espressif/tools/xtensa-esp-elf/esp-14.2.0_20260121/xtensa-esp-elf/xtensa-esp-elf/lib/esp32/no-rtti]
  collapse library dir [/home/vietnq/.espressif/tools/xtensa-esp-elf/esp-14.2.0_20260121/xtensa-esp-elf/bin/../lib/gcc/xtensa-esp-elf/14.2.0] ==> [/home/vietnq/.espressif/tools/xtensa-esp-elf/esp-14.2.0_20260121/xtensa-esp-elf/lib/gcc/xtensa-esp-elf/14.2.0]
  collapse library dir [/home/vietnq/.espressif/tools/xtensa-esp-elf/esp-14.2.0_20260121/xtensa-esp-elf/bin/../lib/gcc] ==> [/home/vietnq/.espressif/tools/xtensa-esp-elf/esp-14.2.0_20260121/xtensa-esp-elf/lib/gcc]
  collapse library dir [/home/vietnq/.espressif/tools/xtensa-esp-elf/esp-14.2.0_20260121/xtensa-esp-elf/bin/../lib/gcc/xtensa-esp-elf/14.2.0/../../../../xtensa-esp-elf/lib] ==> [/home/vietnq/.espressif/tools/xtensa-esp-elf/esp-14.2.0_20260121/xtensa-esp-elf/xtensa-esp-elf/lib]
  collapse library dir [/home/vietnq/.espressif/tools/xtensa-esp-elf/esp-14.2.0_20260121/xtensa-esp-elf/bin/../xtensa-esp-elf/lib] ==> [/home/vietnq/.espressif/tools/xtensa-esp-elf/esp-14.2.0_20260121/xtensa-esp-elf/xtensa-esp-elf/lib]
  collapse library dir [/home/vietnq/.espressif/tools/xtensa-esp-elf/esp-14.2.0_20260121/xtensa-esp-elf/bin/../xtensa-esp-elf/usr/lib] ==> [/home/vietnq/.espressif/tools/xtensa-esp-elf/esp-14.2.0_20260121/xtensa-esp-elf/xtensa-esp-elf/usr/lib]
  implicit libs: [gcc;c;nosys;c;gcc]
  implicit objs: []
  implicit dirs: [/home/vietnq/.espressif/tools/xtensa-esp-elf/esp-14.2.0_20260121/xtensa-esp-elf/lib/gcc/xtensa-esp-elf/14.2.0/esp32/no-rtti;/home/vietnq/.espressif/tools/xtensa-esp-elf/esp-14.2.0_20260121/xtensa-esp-elf/xtensa-esp-elf/lib/esp32/no-rtti;/home/vietnq/.espressif/tools/xtensa-esp-elf/esp-14.2.0_20260121/xtensa-esp-elf/lib/gcc/xtensa-esp-elf/14.2.0;/home/vietnq/.espressif/tools/xtensa-esp-elf/esp-14.2.0_20260121/xtensa-esp-elf/lib/gcc;/home/vietnq/.espressif/tools/xtensa-esp-elf/esp-14.2.0_20260121/xtensa-esp-elf/xtensa-esp-elf/lib;/home/vietnq/.espressif/tools/xtensa-esp-elf/esp-14.2.0_20260121/xtensa-esp-elf/xtensa-esp-elf/usr/lib]
  implicit fwks: []


Detecting C compiler ABI info compiled with the following output:
Change Dir: /home/vietnq/esp/ota/build/bootloader/CMakeFiles/CMakeTmp

Run Build Command(s):/usr/bin/ninja cmTC_8dc37 && [1/2] Building C object CMakeFiles/cmTC_8dc37.dir/CMakeCCompilerABI.c.obj
Using built-in specs.
COLLECT_GCC=/home/vietnq/.espressif/tools/xtensa-esp-elf/esp-14.2.0_20260121/xtensa-esp-elf/bin/xtensa-esp-elf-gcc
Target: xtensa-esp-elf
Configured with: /builds/idf/crosstool-NG/.build/xtensa-esp-elf/src/gcc/configure --build=x86_64-build_pc-linux-gnu --host=x86_64-build_pc-linux-gnu --target=xtensa-esp-elf --prefix=/builds/idf/crosstool-NG/builds/xtensa-esp-elf --exec_prefix=/builds/idf/crosstool-NG/builds/xtensa-esp-elf --with-local-prefix=/builds/idf/crosstool-NG/builds/xtensa-esp-elf/xtensa-esp-elf --with-sysroot=/builds/idf/crosstool-NG/builds/xtensa-esp-elf/xtensa-esp-elf --with-native-system-header-dir=/include --with-headers=/builds/idf/crosstool-NG/builds/xtensa-esp-elf/xtensa-esp-elf/include --with-newlib --enable-threads=no --disable-shared --with-pkgversion='crosstool-NG esp-14.2.0_20260121' --disable-__cxa_atexit --enable-cxx-flags='-ffunction-sections -fdata-sections' --disable-libgomp --disable-libmudflap --disable-libmpx --disable-libssp --disable-libquadmath --disable-libquadmath-support --disable-libstdcxx-verbose --with-gmp=/builds/idf/crosstool-NG/.build/xtensa-esp-elf/buildtools --with-mpfr=/builds/idf/crosstool-NG/.build/xtensa-esp-elf/buildtools --with-mpc=/builds/idf/crosstool-NG/.build/xtensa-esp-elf/buildtools --with-isl=/builds/idf/crosstool-NG/.build/xtensa-esp-elf/buildtools --enable-lto --enable-target-optspace --without-long-double-128 --enable-plugin --disable-nls --enable-multiarch --enable-languages=c,c++ --disable-libstdcxx-verbose --enable-threads=posix --enable-libstdcxx-time=yes --disable-win32-utf8-manifest
Thread model: posix
Supported LTO compression algorithms: zlib zstd
gcc version 14.2.0 (crosstool-NG esp-14.2.0_20260121) 
COLLECT_GCC_OPTIONS='-mdynconfig=xtensa_esp32.so' '-Wno-frame-address' '-mlongcalls' '-fno-builtin-memcpy' '-fno-builtin-memset' '-fno-builtin-bzero' '-v' '-o' 'CMakeFiles/cmTC_8dc37.dir/CMakeCCompilerABI.c.obj' '-c' '-dumpdir' 'CMakeFiles/cmTC_8dc37.dir/'
 /home/vietnq/.espressif/tools/xtensa-esp-elf/esp-14.2.0_20260121/xtensa-esp-elf/bin/../libexec/gcc/xtensa-esp-elf/14.2.0/cc1 -quiet -v -imultilib esp32 -iprefix /home/vietnq/.espressif/tools/xtensa-esp-elf/esp-14.2.0_20260121/xtensa-esp-elf/bin/../lib/gcc/xtensa-esp-elf/14.2.0/ -isysroot /home/vietnq/.espressif/tools/xtensa-esp-elf/esp-14.2.0_20260121/xtensa-esp-elf/bin/../xtensa-esp-elf /usr/share/cmake-3.22/Modules/CMakeCCompilerABI.c -quiet -dumpdir CMakeFiles/cmTC_8dc37.dir/ -dumpbase CMakeCCompilerABI.c.c -dumpbase-ext .c -mdynconfig=xtensa_esp32.so -mlongcalls -Wno-frame-address -version -fno-builtin-memcpy -fno-builtin-memset -fno-builtin-bzero -o /tmp/ccECtpGl.s
GNU C17 (crosstool-NG esp-14.2.0_20260121) version 14.2.0 (xtensa-esp-elf)
	compiled by GNU C version 6.3.0, GMP version 6.3.0, MPFR version 4.2.1, MPC version 1.3.1, isl version isl-0.26-GMP

GGC heuristics: --param ggc-min-expand=100 --param ggc-min-heapsize=131072
ignoring duplicate directory "/home/vietnq/.espressif/tools/xtensa-esp-elf/esp-14.2.0_20260121/xtensa-esp-elf/bin/../lib/gcc/../../lib/gcc/xtensa-esp-elf/14.2.0/include"
ignoring nonexistent directory "/home/vietnq/.espressif/tools/xtensa-esp-elf/esp-14.2.0_20260121/xtensa-esp-elf/bin/../xtensa-esp-elf/builds/idf/crosstool-NG/builds/xtensa-esp-elf/xtensa-esp-elf/include"
ignoring duplicate directory "/home/vietnq/.espressif/tools/xtensa-esp-elf/esp-14.2.0_20260121/xtensa-esp-elf/bin/../lib/gcc/../../lib/gcc/xtensa-esp-elf/14.2.0/include-fixed"
ignoring duplicate directory "/home/vietnq/.espressif/tools/xtensa-esp-elf/esp-14.2.0_20260121/xtensa-esp-elf/bin/../lib/gcc/../../lib/gcc/xtensa-esp-elf/14.2.0/../../../../xtensa-esp-elf/include"
ignoring duplicate directory "/home/vietnq/.espressif/tools/xtensa-esp-elf/esp-14.2.0_20260121/xtensa-esp-elf/bin/../xtensa-esp-elf/include"
#include "..." search starts here:
#include <...> search starts here:
 /home/vietnq/.espressif/tools/xtensa-esp-elf/esp-14.2.0_20260121/xtensa-esp-elf/bin/../lib/gcc/xtensa-esp-elf/14.2.0/include
 /home/vietnq/.espressif/tools/xtensa-esp-elf/esp-14.2.0_20260121/xtensa-esp-elf/bin/../lib/gcc/xtensa-esp-elf/14.2.0/include-fixed
 /home/vietnq/.espressif/tools/xtensa-esp-elf/esp-14.2.0_20260121/xtensa-esp-elf/bin/../lib/gcc/xtensa-esp-elf/14.2.0/../../../../xtensa-esp-elf/include
End of search list.
Compiler executable checksum: 709abf7e99d4c633116df3b91860509f
COLLECT_GCC_OPTIONS='-mdynconfig=xtensa_esp32.so' '-Wno-frame-address' '-mlongcalls' '-fno-builtin-memcpy' '-fno-builtin-memset' '-fno-builtin-bzero' '-v' '-o' 'CMakeFiles/cmTC_8dc37.dir/CMakeCCompilerABI.c.obj' '-c' '-dumpdir' 'CMakeFiles/cmTC_8dc37.dir/'
 /home/vietnq/.espressif/tools/xtensa-esp-elf/esp-14.2.0_20260121/xtensa-esp-elf/bin/../lib/gcc/xtensa-esp-elf/14.2.0/../../../../xtensa-esp-elf/bin/as --traditional-format --longcalls --dynconfig=xtensa_esp32.so -o CMakeFiles/cmTC_8dc37.dir/CMakeCCompilerABI.c.obj /tmp/ccECtpGl.s
COMPILER_PATH=/home/vietnq/.espressif/tools/xtensa-esp-elf/esp-14.2.0_20260121/xtensa-esp-elf/bin/../libexec/gcc/xtensa-esp-elf/14.2.0/:/home/vietnq/.espressif/tools/xtensa-esp-elf/esp-14.2.0_20260121/xtensa-esp-elf/bin/../libexec/gcc/:/home/vietnq/.espressif/tools/xtensa-esp-elf/esp-14.2.0_20260121/xtensa-esp-elf/bin/../lib/gcc/xtensa-esp-elf/14.2.0/../../../../xtensa-esp-elf/bin/
LIBRARY_PATH=/home/vietnq/.espressif/tools/xtensa-esp-elf/esp-14.2.0_20260121/xtensa-esp-elf/bin/../lib/gcc/xtensa-esp-elf/14.2.0/esp32/:/home/vietnq/.espressif/tools/xtensa-esp-elf/esp-14.2.0_20260121/xtensa-esp-elf/bin/../lib/gcc/xtensa-esp-elf/14.2.0/../../../../xtensa-esp-elf/lib/esp32/:/home/vietnq/.espressif/tools/xtensa-esp-elf/esp-14.2.0_20260121/xtensa-esp-elf/bin/../xtensa-esp-elf/lib/esp32/:/home/vietnq/.espressif/tools/xtensa-esp-elf/esp-14.2.0_20260121/xtensa-esp-elf/bin/../lib/gcc/xtensa-esp-elf/14.2.0/:/home/vietnq/.espressif/tools/xtensa-esp-elf/esp-14.2.0_20260121/xtensa-esp-elf/bin/../lib/gcc/:/home/vietnq/.espressif/tools/xtensa-esp-elf/esp-14.2.0_20260121/xtensa-esp-elf/bin/../lib/gcc/xtensa-esp-elf/14.2.0/../../../../xtensa-esp-elf/lib/:/home/vietnq/.espressif/tools/xtensa-esp-elf/esp-14.2.0_20260121/xtensa-esp-elf/bin/../xtensa-esp-elf/lib/:/home/vietnq/.espressif/tools/xtensa-esp-elf/esp-14.2.0_20260121/xtensa-esp-elf/bin/../xtensa-esp-elf/usr/lib/
COLLECT_GCC_OPTIONS='-mdynconfig=xtensa_esp32.so' '-Wno-frame-address' '-mlongcalls' '-fno-builtin-memcpy' '-fno-builtin-memset' '-fno-builtin-bzero' '-v' '-o' 'CMakeFiles/cmTC_8dc37.dir/CMakeCCompilerABI.c.obj' '-c' '-dumpdir' 'CMakeFiles/cmTC_8dc37.dir/CMakeCCompilerABI.c.'
[2/2] Linking C executable cmTC_8dc37
Using built-in specs.
COLLECT_GCC=/home/vietnq/.espressif/tools/xtensa-esp-elf/esp-14.2.0_20260121/xtensa-esp-elf/bin/xtensa-esp-elf-gcc
COLLECT_LTO_WRAPPER=/home/vietnq/.espressif/tools/xtensa-esp-elf/esp-14.2.0_20260121/xtensa-esp-elf/bin/../libexec/gcc/xtensa-esp-elf/14.2.0/lto-wrapper
Target: xtensa-esp-elf
Configured with: /builds/idf/crosstool-NG/.build/xtensa-esp-elf/src/gcc/configure --build=x86_64-build_pc-linux-gnu --host=x86_64-build_pc-linux-gnu --target=xtensa-esp-elf --prefix=/builds/idf/crosstool-NG/builds/xtensa-esp-elf --exec_prefix=/builds/idf/crosstool-NG/builds/xtensa-esp-elf --with-local-prefix=/builds/idf/crosstool-NG/builds/xtensa-esp-elf/xtensa-esp-elf --with-sysroot=/builds/idf/crosstool-NG/builds/xtensa-esp-elf/xtensa-esp-elf --with-native-system-header-dir=/include --with-headers=/builds/idf/crosstool-NG/builds/xtensa-esp-elf/xtensa-esp-elf/include --with-newlib --enable-threads=no --disable-shared --with-pkgversion='crosstool-NG esp-14.2.0_20260121' --disable-__cxa_atexit --enable-cxx-flags='-ffunction-sections -fdata-sections' --disable-libgomp --disable-libmudflap --disable-libmpx --disable-libssp --disable-libquadmath --disable-libquadmath-support --disable-libstdcxx-verbose --with-gmp=/builds/idf/crosstool-NG/.build/xtensa-esp-elf/buildtools --with-mpfr=/builds/idf/crosstool-NG/.build/xtensa-esp-elf/buildtools --with-mpc=/builds/idf/crosstool-NG/.build/xtensa-esp-elf/buildtools --with-isl=/builds/idf/crosstool-NG/.build/xtensa-esp-elf/buildtools --enable-lto --enable-target-optspace --without-long-double-128 --enable-plugin --disable-nls --enable-multiarch --enable-languages=c,c++ --disable-libstdcxx-verbose --enable-threads=posix --enable-libstdcxx-time=yes --disable-win32-utf8-manifest
Thread model: posix
Supported LTO compression algorithms: zlib zstd
gcc version 14.2.0 (crosstool-NG esp-14.2.0_20260121) 
COMPILER_PATH=/home/vietnq/.espressif/tools/xtensa-esp-elf/esp-14.2.0_20260121/xtensa-esp-elf/bin/../libexec/gcc/xtensa-esp-elf/14.2.0/:/home/vietnq/.espressif/tools/xtensa-esp-elf/esp-14.2.0_20260121/xtensa-esp-elf/bin/../libexec/gcc/:/home/vietnq/.espressif/tools/xtensa-esp-elf/esp-14.2.0_20260121/xtensa-esp-elf/bin/../lib/gcc/xtensa-esp-elf/14.2.0/../../../../xtensa-esp-elf/bin/
LIBRARY_PATH=/home/vietnq/.espressif/tools/xtensa-esp-elf/esp-14.2.0_20260121/xtensa-esp-elf/bin/../lib/gcc/xtensa-esp-elf/14.2.0/esp32/no-rtti/:/home/vietnq/.espressif/tools/xtensa-esp-elf/esp-14.2.0_20260121/xtensa-esp-elf/bin/../lib/gcc/xtensa-esp-elf/14.2.0/../../../../xtensa-esp-elf/lib/esp32/no-rtti/:/home/vietnq/.espressif/tools/xtensa-esp-elf/esp-14.2.0_20260121/xtensa-esp-elf/bin/../xtensa-esp-elf/lib/esp32/no-rtti/:/home/vietnq/.espressif/tools/xtensa-esp-elf/esp-14.2.0_20260121/xtensa-esp-elf/bin/../lib/gcc/xtensa-esp-elf/14.2.0/:/home/vietnq/.espressif/tools/xtensa-esp-elf/esp-14.2.0_20260121/xtensa-esp-elf/bin/../lib/gcc/:/home/vietnq/.espressif/tools/xtensa-esp-elf/esp-14.2.0_20260121/xtensa-esp-elf/bin/../lib/gcc/xtensa-esp-elf/14.2.0/../../../../xtensa-esp-elf/lib/:/home/vietnq/.espressif/tools/xtensa-esp-elf/esp-14.2.0_20260121/xtensa-esp-elf/bin/../xtensa-esp-elf/lib/:/home/vietnq/.espressif/tools/xtensa-esp-elf/esp-14.2.0_20260121/xtensa-esp-elf/bin/../xtensa-esp-elf/usr/lib/
COLLECT_GCC_OPTIONS='-mdynconfig=xtensa_esp32.so' '-Wno-frame-address' '-mlongcalls' '-fno-builtin-memcpy' '-fno-builtin-memset' '-fno-builtin-bzero' '-nostartfiles' '-fno-rtti' '-v' '-o' 'cmTC_8dc37' '-dumpdir' 'cmTC_8dc37.'
 /home/vietnq/.espressif/tools/xtensa-esp-elf/esp-14.2.0_20260121/xtensa-esp-elf/bin/../libexec/gcc/xtensa-esp-elf/14.2.0/collect2 -plugin /home/vietnq/.espressif/tools/xtensa-esp-elf/esp-14.2.0_20260121/xtensa-esp-elf/bin/../libexec/gcc/xtensa-esp-elf/14.2.0/liblto_plugin.so -plugin-opt=/home/vietnq/.espressif/tools/xtensa-esp-elf/esp-14.2.0_20260121/xtensa-esp-elf/bin/../libexec/gcc/xtensa-esp-elf/14.2.0/lto-wrapper -plugin-opt=-fresolution=/tmp/cceAltOf.res -plugin-opt=-pass-through=-lgcc -plugin-opt=-pass-through=-lc -plugin-opt=-pass-through=-lnosys -plugin-opt=-pass-through=-lc -plugin-opt=-pass-through=-lgcc --sysroot=/home/vietnq/.espressif/tools/xtensa-esp-elf/esp-14.2.0_20260121/xtensa-esp-elf/bin/../xtensa-esp-elf --dynconfig=xtensa_esp32.so -o cmTC_8dc37 -L/home/vietnq/.espressif/tools/xtensa-esp-elf/esp-14.2.0_20260121/xtensa-esp-elf/bin/../lib/gcc/xtensa-esp-elf/14.2.0/esp32/no-rtti -L/home/vietnq/.espressif/tools/xtensa-esp-elf/esp-14.2.0_20260121/xtensa-esp-elf/bin/../lib/gcc/xtensa-esp-elf/14.2.0/../../../../xtensa-esp-elf/lib/esp32/no-rtti -L/home/vietnq/.espressif/tools/xtensa-esp-elf/esp-14.2.0_20260121/xtensa-esp-elf/bin/../xtensa-esp-elf/lib/esp32/no-rtti -L/home/vietnq/.espressif/tools/xtensa-esp-elf/esp-14.2.0_20260121/xtensa-esp-elf/bin/../lib/gcc/xtensa-esp-elf/14.2.0 -L/home/vietnq/.espressif/tools/xtensa-esp-elf/esp-14.2.0_20260121/xtensa-esp-elf/bin/../lib/gcc -L/home/vietnq/.espressif/tools/xtensa-esp-elf/esp-14.2.0_20260121/xtensa-esp-elf/bin/../lib/gcc/xtensa-esp-elf/14.2.0/../../../../xtensa-esp-elf/lib -L/home/vietnq/.espressif/tools/xtensa-esp-elf/esp-14.2.0_20260121/xtensa-esp-elf/bin/../xtensa-esp-elf/lib -L/home/vietnq/.espressif/tools/xtensa-esp-elf/esp-14.2.0_20260121/xtensa-esp-elf/bin/../xtensa-esp-elf/usr/lib @/tmp/ccwuX4Nc -lgcc -lc -lnosys -lc -lgcc
/home/vietnq/.espressif/tools/xtensa-esp-elf/esp-14.2.0_20260121/xtensa-esp-elf/bin/../lib/gcc/xtensa-esp-elf/14.2.0/../../../../xtensa-esp-elf/bin/ld: warning: cannot find entry symbol _start; defaulting to 00400054
COLLECT_GCC_OPTIONS='-mdynconfig=xtensa_esp32.so' '-Wno-frame-address' '-mlongcalls' '-fno-builtin-memcpy' '-fno-builtin-memset' '-fno-builtin-bzero' '-nostartfiles' '-fno-rtti' '-v' '-o' 'cmTC_8dc37' '-dumpdir' 'cmTC_8dc37.'



Parsed C implicit include dir info from above output: rv=done
  found start of include info
  found start of implicit include info
    add: [/home/vietnq/.espressif/tools/xtensa-esp-elf/esp-14.2.0_20260121/xtensa-esp-elf/bin/../lib/gcc/xtensa-esp-elf/14.2.0/include]
    add: [/home/vietnq/.espressif/tools/xtensa-esp-elf/esp-14.2.0_20260121/xtensa-esp-elf/bin/../lib/gcc/xtensa-esp-elf/14.2.0/include-fixed]
    add: [/home/vietnq/.espressif/tools/xtensa-esp-elf/esp-14.2.0_20260121/xtensa-esp-elf/bin/../lib/gcc/xtensa-esp-elf/14.2.0/../../../../xtensa-esp-elf/include]
  end of search list found
  collapse include dir [/home/vietnq/.espressif/tools/xtensa-esp-elf/esp-14.2.0_20260121/xtensa-esp-elf/bin/../lib/gcc/xtensa-esp-elf/14.2.0/include] ==> [/home/vietnq/.espressif/tools/xtensa-esp-elf/esp-14.2.0_20260121/xtensa-esp-elf/lib/gcc/xtensa-esp-elf/14.2.0/include]
  collapse include dir [/home/vietnq/.espressif/tools/xtensa-esp-elf/esp-14.2.0_20260121/xtensa-esp-elf/bin/../lib/gcc/xtensa-esp-elf/14.2.0/include-fixed] ==> [/home/vietnq/.espressif/tools/xtensa-esp-elf/esp-14.2.0_20260121/xtensa-esp-elf/lib/gcc/xtensa-esp-elf/14.2.0/include-fixed]
  collapse include dir [/home/vietnq/.espressif/tools/xtensa-esp-elf/esp-14.2.0_20260121/xtensa-esp-elf/bin/../lib/gcc/xtensa-esp-elf/14.2.0/../../../../xtensa-esp-elf/include] ==> [/home/vietnq/.espressif/tools/xtensa-esp-elf/esp-14.2.0_20260121/xtensa-esp-elf/xtensa-esp-elf/include]
  implicit include dirs: [/home/vietnq/.espressif/tools/xtensa-esp-elf/esp-14.2.0_20260121/xtensa-esp-elf/lib/gcc/xtensa-esp-elf/14.2.0/include;/home/vietnq/.espressif/tools/xtensa-esp-elf/esp-14.2.0_20260121/xtensa-esp-elf/lib/gcc/xtensa-esp-elf/14.2.0/include-fixed;/home/vietnq/.espressif/tools/xtensa-esp-elf/esp-14.2.0_20260121/xtensa-esp-elf/xtensa-esp-elf/include]


Parsed C implicit link information from above output:
  link line regex: [^( *|.*[/\])(xtensa-esp32-elf-ld|CMAKE_LINK_STARTFILE-NOTFOUND|([^/\]+-)?ld|collect2)[^/\]*( |$)]
  ignore line: [Change Dir: /home/vietnq/esp/ota/build/bootloader/CMakeFiles/CMakeTmp]
  ignore line: []
  ignore line: [Run Build Command(s):/usr/bin/ninja cmTC_8dc37 && [1/2] Building C object CMakeFiles/cmTC_8dc37.dir/CMakeCCompilerABI.c.obj]
  ignore line: [Using built-in specs.]
  ignore line: [COLLECT_GCC=/home/vietnq/.espressif/tools/xtensa-esp-elf/esp-14.2.0_20260121/xtensa-esp-elf/bin/xtensa-esp-elf-gcc]
  ignore line: [Target: xtensa-esp-elf]
  ignore line: [Configured with: /builds/idf/crosstool-NG/.build/xtensa-esp-elf/src/gcc/configure --build=x86_64-build_pc-linux-gnu --host=x86_64-build_pc-linux-gnu --target=xtensa-esp-elf --prefix=/builds/idf/crosstool-NG/builds/xtensa-esp-elf --exec_prefix=/builds/idf/crosstool-NG/builds/xtensa-esp-elf --with-local-prefix=/builds/idf/crosstool-NG/builds/xtensa-esp-elf/xtensa-esp-elf --with-sysroot=/builds/idf/crosstool-NG/builds/xtensa-esp-elf/xtensa-esp-elf --with-native-system-header-dir=/include --with-headers=/builds/idf/crosstool-NG/builds/xtensa-esp-elf/xtensa-esp-elf/include --with-newlib --enable-threads=no --disable-shared --with-pkgversion='crosstool-NG esp-14.2.0_20260121' --disable-__cxa_atexit --enable-cxx-flags='-ffunction-sections -fdata-sections' --disable-libgomp --disable-libmudflap --disable-libmpx --disable-libssp --disable-libquadmath --disable-libquadmath-support --disable-libstdcxx-verbose --with-gmp=/builds/idf/crosstool-NG/.build/xtensa-esp-elf/buildtools --with-mpfr=/builds/idf/crosstool-NG/.build/xtensa-esp-elf/buildtools --with-mpc=/builds/idf/crosstool-NG/.build/xtensa-esp-elf/buildtools --with-isl=/builds/idf/crosstool-NG/.build/xtensa-esp-elf/buildtools --enable-lto --enable-target-optspace --without-long-double-128 --enable-plugin --disable-nls --enable-multiarch --enable-languages=c c++ --disable-libstdcxx-verbose --enable-threads=posix --enable-libstdcxx-time=yes --disable-win32-utf8-manifest]
  ignore line: [Thread model: posix]
  ignore line: [Supported LTO compression algorithms: zlib zstd]
  ignore line: [gcc version 14.2.0 (crosstool-NG esp-14.2.0_20260121) ]
  ignore line: [COLLECT_GCC_OPTIONS='-mdynconfig=xtensa_esp32.so' '-Wno-frame-address' '-mlongcalls' '-fno-builtin-memcpy' '-fno-builtin-memset' '-fno-builtin-bzero' '-v' '-o' 'CMakeFiles/cmTC_8dc37.dir/CMakeCCompilerABI.c.obj' '-c' '-dumpdir' 'CMakeFiles/cmTC_8dc37.dir/']
  ignore line: [ /home/vietnq/.espressif/tools/xtensa-esp-elf/esp-14.2.0_20260121/xtensa-esp-elf/bin/../libexec/gcc/xtensa-esp-elf/14.2.0/cc1 -quiet -v -imultilib esp32 -iprefix /home/vietnq/.espressif/tools/xtensa-esp-elf/esp-14.2.0_20260121/xtensa-esp-elf/bin/../lib/gcc/xtensa-esp-elf/14.2.0/ -isysroot /home/vietnq/.espressif/tools/xtensa-esp-elf/esp-14.2.0_20260121/xtensa-esp-elf/bin/../xtensa-esp-elf /usr/share/cmake-3.22/Modules/CMakeCCompilerABI.c -quiet -dumpdir CMakeFiles/cmTC_8dc37.dir/ -dumpbase CMakeCCompilerABI.c.c -dumpbase-ext .c -mdynconfig=xtensa_esp32.so -mlongcalls -Wno-frame-address -version -fno-builtin-memcpy -fno-builtin-memset -fno-builtin-bzero -o /tmp/ccECtpGl.s]
  ignore line: [GNU C17 (crosstool-NG esp-14.2.0_20260121) version 14.2.0 (xtensa-esp-elf)]
  ignore line: [	compiled by GNU C version 6.3.0  GMP version 6.3.0  MPFR version 4.2.1  MPC version 1.3.1  isl version isl-0.26-GMP]
  ignore line: []
  ignore line: [GGC heuristics: --param ggc-min-expand=100 --param ggc-min-heapsize=131072]
  ignore line: [ignoring duplicate directory "/home/vietnq/.espressif/tools/xtensa-esp-elf/esp-14.2.0_20260121/xtensa-esp-elf/bin/../lib/gcc/../../lib/gcc/xtensa-esp-elf/14.2.0/include"]
  ignore line: [ignoring nonexistent directory "/home/vietnq/.espressif/tools/xtensa-esp-elf/esp-14.2.0_20260121/xtensa-esp-elf/bin/../xtensa-esp-elf/builds/idf/crosstool-NG/builds/xtensa-esp-elf/xtensa-esp-elf/include"]
  ignore line: [ignoring duplicate directory "/home/vietnq/.espressif/tools/xtensa-esp-elf/esp-14.2.0_20260121/xtensa-esp-elf/bin/../lib/gcc/../../lib/gcc/xtensa-esp-elf/14.2.0/include-fixed"]
  ignore line: [ignoring duplicate directory "/home/vietnq/.espressif/tools/xtensa-esp-elf/esp-14.2.0_20260121/xtensa-esp-elf/bin/../lib/gcc/../../lib/gcc/xtensa-esp-elf/14.2.0/../../../../xtensa-esp-elf/include"]
  ignore line: [ignoring duplicate directory "/home/vietnq/.espressif/tools/xtensa-esp-elf/esp-14.2.0_20260121/xtensa-esp-elf/bin/../xtensa-esp-elf/include"]
  ignore line: [#include "..." search starts here:]
  ignore line: [#include <...> search starts here:]
  ignore line: [ /home/vietnq/.espressif/tools/xtensa-esp-elf/esp-14.2.0_20260121/xtensa-esp-elf/bin/../lib/gcc/xtensa-esp-elf/14.2.0/include]
  ignore line: [ /home/vietnq/.espressif/tools/xtensa-esp-elf/esp-14.2.0_20260121/xtensa-esp-elf/bin/../lib/gcc/xtensa-esp-elf/14.2.0/include-fixed]
  ignore line: [ /home/vietnq/.espressif/tools/xtensa-esp-elf/esp-14.2.0_20260121/xtensa-esp-elf/bin/../lib/gcc/xtensa-esp-elf/14.2.0/../../../../xtensa-esp-elf/include]
  ignore line: [End of search list.]
  ignore line: [Compiler executable checksum: 709abf7e99d4c633116df3b91860509f]
  ignore line: [COLLECT_GCC_OPTIONS='-mdynconfig=xtensa_esp32.so' '-Wno-frame-address' '-mlongcalls' '-fno-builtin-memcpy' '-fno-builtin-memset' '-fno-builtin-bzero' '-v' '-o' 'CMakeFiles/cmTC_8dc37.dir/CMakeCCompilerABI.c.obj' '-c' '-dumpdir' 'CMakeFiles/cmTC_8dc37.dir/']
  ignore line: [ /home/vietnq/.espressif/tools/xtensa-esp-elf/esp-14.2.0_20260121/xtensa-esp-elf/bin/../lib/gcc/xtensa-esp-elf/14.2.0/../../../../xtensa-esp-elf/bin/as --traditional-format --longcalls --dynconfig=xtensa_esp32.so -o CMakeFiles/cmTC_8dc37.dir/CMakeCCompilerABI.c.obj /tmp/ccECtpGl.s]
  ignore line: [COMPILER_PATH=/home/vietnq/.espressif/tools/xtensa-esp-elf/esp-14.2.0_20260121/xtensa-esp-elf/bin/../libexec/gcc/xtensa-esp-elf/14.2.0/:/home/vietnq/.espressif/tools/xtensa-esp-elf/esp-14.2.0_20260121/xtensa-esp-elf/bin/../libexec/gcc/:/home/vietnq/.espressif/tools/xtensa-esp-elf/esp-14.2.0_20260121/xtensa-esp-elf/bin/../lib/gcc/xtensa-esp-elf/14.2.0/../../../../xtensa-esp-elf/bin/]
  ignore line: [LIBRARY_PATH=/home/vietnq/.espressif/tools/xtensa-esp-elf/esp-14.2.0_20260121/xtensa-esp-elf/bin/../lib/gcc/xtensa-esp-elf/14.2.0/esp32/:/home/vietnq/.espressif/tools/xtensa-esp-elf/esp-14.2.0_20260121/xtensa-esp-elf/bin/../lib/gcc/xtensa-esp-elf/14.2.0/../../../../xtensa-esp-elf/lib/esp32/:/home/vietnq/.espressif/tools/xtensa-esp-elf/esp-14.2.0_20260121/xtensa-esp-elf/bin/../xtensa-esp-elf/lib/esp32/:/home/vietnq/.espressif/tools/xtensa-esp-elf/esp-14.2.0_20260121/xtensa-esp-elf/bin/../lib/gcc/xtensa-esp-elf/14.2.0/:/home/vietnq/.espressif/tools/xtensa-esp-elf/esp-14.2.0_20260121/xtensa-esp-elf/bin/../lib/gcc/:/home/vietnq/.espressif/tools/xtensa-esp-elf/esp-14.2.0_20260121/xtensa-esp-elf/bin/../lib/gcc/xtensa-esp-elf/14.2.0/../../../../xtensa-esp-elf/lib/:/home/vietnq/.espressif/tools/xtensa-esp-elf/esp-14.2.0_20260121/xtensa-esp-elf/bin/../xtensa-esp-elf/lib/:/home/vietnq/.espressif/tools/xtensa-esp-elf/esp-14.2.0_20260121/xtensa-esp-elf/bin/../xtensa-esp-elf/usr/lib/]
  ignore line: [COLLECT_GCC_OPTIONS='-mdynconfig=xtensa_esp32.so' '-Wno-frame-address' '-mlongcalls' '-fno-builtin-memcpy' '-fno-builtin-memset' '-fno-builtin-bzero' '-v' '-o' 'CMakeFiles/cmTC_8dc37.dir/CMakeCCompilerABI.c.obj' '-c' '-dumpdir' 'CMakeFiles/cmTC_8dc37.dir/CMakeCCompilerABI.c.']
  ignore line: [[2/2] Linking C executable cmTC_8dc37]
  ignore line: [Using built-in specs.]
  ignore line: [COLLECT_GCC=/home/vietnq/.espressif/tools/xtensa-esp-elf/esp-14.2.0_20260121/xtensa-esp-elf/bin/xtensa-esp-elf-gcc]
  ignore line: [COLLECT_LTO_WRAPPER=/home/vietnq/.espressif/tools/xtensa-esp-elf/esp-14.2.0_20260121/xtensa-esp-elf/bin/../libexec/gcc/xtensa-esp-elf/14.2.0/lto-wrapper]
  ignore line: [Target: xtensa-esp-elf]
  ignore line: [Configured with: /builds/idf/crosstool-NG/.build/xtensa-esp-elf/src/gcc/configure --build=x86_64-build_pc-linux-gnu --host=x86_64-build_pc-linux-gnu --target=xtensa-esp-elf --prefix=/builds/idf/crosstool-NG/builds/xtensa-esp-elf --exec_prefix=/builds/idf/crosstool-NG/builds/xtensa-esp-elf --with-local-prefix=/builds/idf/crosstool-NG/builds/xtensa-esp-elf/xtensa-esp-elf --with-sysroot=/builds/idf/crosstool-NG/builds/xtensa-esp-elf/xtensa-esp-elf --with-native-system-header-dir=/include --with-headers=/builds/idf/crosstool-NG/builds/xtensa-esp-elf/xtensa-esp-elf/include --with-newlib --enable-threads=no --disable-shared --with-pkgversion='crosstool-NG esp-14.2.0_20260121' --disable-__cxa_atexit --enable-cxx-flags='-ffunction-sections -fdata-sections' --disable-libgomp --disable-libmudflap --disable-libmpx --disable-libssp --disable-libquadmath --disable-libquadmath-support --disable-libstdcxx-verbose --with-gmp=/builds/idf/crosstool-NG/.build/xtensa-esp-elf/buildtools --with-mpfr=/builds/idf/crosstool-NG/.build/xtensa-esp-elf/buildtools --with-mpc=/builds/idf/crosstool-NG/.build/xtensa-esp-elf/buildtools --with-isl=/builds/idf/crosstool-NG/.build/xtensa-esp-elf/buildtools --enable-lto --enable-target-optspace --without-long-double-128 --enable-plugin --disable-nls --enable-multiarch --enable-languages=c c++ --disable-libstdcxx-verbose --enable-threads=posix --enable-libstdcxx-time=yes --disable-win32-utf8-manifest]
  ignore line: [Thread model: posix]
  ignore line: [Supported LTO compression algorithms: zlib zstd]
  ignore line: [gcc version 14.2.0 (crosstool-NG esp-14.2.0_20260121) ]
  ignore line: [COMPILER_PATH=/home/vietnq/.espressif/tools/xtensa-esp-elf/esp-14.2.0_20260121/xtensa-esp-elf/bin/../libexec/gcc/xtensa-esp-elf/14.2.0/:/home/vietnq/.espressif/tools/xtensa-esp-elf/esp-14.2.0_20260121/xtensa-esp-elf/bin/../libexec/gcc/:/home/vietnq/.espressif/tools/xtensa-esp-elf/esp-14.2.0_20260121/xtensa-esp-elf/bin/../lib/gcc/xtensa-esp-elf/14.2.0/../../../../xtensa-esp-elf/bin/]
  ignore line: [LIBRARY_PATH=/home/vietnq/.espressif/tools/xtensa-esp-elf/esp-14.2.0_20260121/xtensa-esp-elf/bin/../lib/gcc/xtensa-esp-elf/14.2.0/esp32/no-rtti/:/home/vietnq/.espressif/tools/xtensa-esp-elf/esp-14.2.0_20260121/xtensa-esp-elf/bin/../lib/gcc/xtensa-esp-elf/14.2.0/../../../../xtensa-esp-elf/lib/esp32/no-rtti/:/home/vietnq/.espressif/tools/xtensa-esp-elf/esp-14.2.0_20260121/xtensa-esp-elf/bin/../xtensa-esp-elf/lib/esp32/no-rtti/:/home/vietnq/.espressif/tools/xtensa-esp-elf/esp-14.2.0_20260121/xtensa-esp-elf/bin/../lib/gcc/xtensa-esp-elf/14.2.0/:/home/vietnq/.espressif/tools/xtensa-esp-elf/esp-14.2.0_20260121/xtensa-esp-elf/bin/../lib/gcc/:/home/vietnq/.espressif/tools/xtensa-esp-elf/esp-14.2.0_20260121/xtensa-esp-elf/bin/../lib/gcc/xtensa-esp-elf/14.2.0/../../../../xtensa-esp-elf/lib/:/home/vietnq/.espressif/tools/xtensa-esp-elf/esp-14.2.0_20260121/xtensa-esp-elf/bin/../xtensa-esp-elf/lib/:/home/vietnq/.espressif/tools/xtensa-esp-elf/esp-14.2.0_20260121/xtensa-esp-elf/bin/../xtensa-esp-elf/usr/lib/]
  ignore line: [COLLECT_GCC_OPTIONS='-mdynconfig=xtensa_esp32.so' '-Wno-frame-address' '-mlongcalls' '-fno-builtin-memcpy' '-fno-builtin-memset' '-fno-builtin-bzero' '-nostartfiles' '-fno-rtti' '-v' '-o' 'cmTC_8dc37' '-dumpdir' 'cmTC_8dc37.']
  link line: [ /home/vietnq/.espressif/tools/xtensa-esp-elf/esp-14.2.0_20260121/xtensa-esp-elf/bin/../libexec/gcc/xtensa-esp-elf/14.2.0/collect2 -plugin /home/vietnq/.espressif/tools/xtensa-esp-elf/esp-14.2.0_20260121/xtensa-esp-elf/bin/../libexec/gcc/xtensa-esp-elf/14.2.0/liblto_plugin.so -plugin-opt=/home/vietnq/.espressif/tools/xtensa-esp-elf/esp-14.2.0_20260121/xtensa-esp-elf/bin/../libexec/gcc/xtensa-esp-elf/14.2.0/lto-wrapper -plugin-opt=-fresolution=/tmp/cceAltOf.res -plugin-opt=-pass-through=-lgcc -plugin-opt=-pass-through=-lc -plugin-opt=-pass-through=-lnosys -plugin-opt=-pass-through=-lc -plugin-opt=-pass-through=-lgcc --sysroot=/home/vietnq/.espressif/tools/xtensa-esp-elf/esp-14.2.0_20260121/xtensa-esp-elf/bin/../xtensa-esp-elf --dynconfig=xtensa_esp32.so -o cmTC_8dc37 -L/home/vietnq/.espressif/tools/xtensa-esp-elf/esp-14.2.0_20260121/xtensa-esp-elf/bin/../lib/gcc/xtensa-esp-elf/14.2.0/esp32/no-rtti -L/home/vietnq/.espressif/tools/xtensa-esp-elf/esp-14.2.0_20260121/xtensa-esp-elf/bin/../lib/gcc/xtensa-esp-elf/14.2.0/../../../../xtensa-esp-elf/lib/esp32/no-rtti -L/home/vietnq/.espressif/tools/xtensa-esp-elf/esp-14.2.0_20260121/xtensa-esp-elf/bin/../xtensa-esp-elf/lib/esp32/no-rtti -L/home/vietnq/.espressif/tools/xtensa-esp-elf/esp-14.2.0_20260121/xtensa-esp-elf/bin/../lib/gcc/xtensa-esp-elf/14.2.0 -L/home/vietnq/.espressif/tools/xtensa-esp-elf/esp-14.2.0_20260121/xtensa-esp-elf/bin/../lib/gcc -L/home/vietnq/.espressif/tools/xtensa-esp-elf/esp-14.2.0_20260121/xtensa-esp-elf/bin/../lib/gcc/xtensa-esp-elf/14.2.0/../../../../xtensa-esp-elf/lib -L/home/vietnq/.espressif/tools/xtensa-esp-elf/esp-14.2.0_20260121/xtensa-esp-elf/bin/../xtensa-esp-elf/lib -L/home/vietnq/.espressif/tools/xtensa-esp-elf/esp-14.2.0_20260121/xtensa-esp-elf/bin/../xtensa-esp-elf/usr/lib @/tmp/ccwuX4Nc -lgcc -lc -lnosys -lc -lgcc]
    arg [/home/vietnq/.espressif/tools/xtensa-esp-elf/esp-14.2.0_20260121/xtensa-esp-elf/bin/../libexec/gcc/xtensa-esp-elf/14.2.0/collect2] ==> ignore
    arg [-plugin] ==> ignore
    arg [/home/vietnq/.espressif/tools/xtensa-esp-elf/esp-14.2.0_20260121/xtensa-esp-elf/bin/../libexec/gcc/xtensa-esp-elf/14.2.0/liblto_plugin.so] ==> ignore
    arg [-plugin-opt=/home/vietnq/.espressif/tools/xtensa-esp-elf/esp-14.2.0_20260121/xtensa-esp-elf/bin/../libexec/gcc/xtensa-esp-elf/14.2.0/lto-wrapper] ==> ignore
    arg [-plugin-opt=-fresolution=/tmp/cceAltOf.res] ==> ignore
    arg [-plugin-opt=-pass-through=-lgcc] ==> ignore
    arg [-plugin-opt=-pass-through=-lc] ==> ignore
    arg [-plugin-opt=-pass-through=-lnosys] ==> ignore
    arg [-plugin-opt=-pass-through=-lc] ==> ignore
    arg [-plugin-opt=-pass-through=-lgcc] ==> ignore
    arg [--sysroot=/home/vietnq/.espressif/tools/xtensa-esp-elf/esp-14.2.0_20260121/xtensa-esp-elf/bin/../xtensa-esp-elf] ==> ignore
    arg [--dynconfig=xtensa_esp32.so] ==> ignore
    arg [-o] ==> ignore
    arg [cmTC_8dc37] ==> ignore
    arg [-L/home/vietnq/.espressif/tools/xtensa-esp-elf/esp-14.2.0_20260121/xtensa-esp-elf/bin/../lib/gcc/xtensa-esp-elf/14.2.0/esp32/no-rtti] ==> dir [/home/vietnq/.espressif/tools/xtensa-esp-elf/esp-14.2.0_20260121/xtensa-esp-elf/bin/../lib/gcc/xtensa-esp-elf/14.2.0/esp32/no-rtti]
    arg [-L/home/vietnq/.espressif/tools/xtensa-esp-elf/esp-14.2.0_20260121/xtensa-esp-elf/bin/../lib/gcc/xtensa-esp-elf/14.2.0/../../../../xtensa-esp-elf/lib/esp32/no-rtti] ==> dir [/home/vietnq/.espressif/tools/xtensa-esp-elf/esp-14.2.0_20260121/xtensa-esp-elf/bin/../lib/gcc/xtensa-esp-elf/14.2.0/../../../../xtensa-esp-elf/lib/esp32/no-rtti]
    arg [-L/home/vietnq/.espressif/tools/xtensa-esp-elf/esp-14.2.0_20260121/xtensa-esp-elf/bin/../xtensa-esp-elf/lib/esp32/no-rtti] ==> dir [/home/vietnq/.espressif/tools/xtensa-esp-elf/esp-14.2.0_20260121/xtensa-esp-elf/bin/../xtensa-esp-elf/lib/esp32/no-rtti]
    arg [-L/home/vietnq/.espressif/tools/xtensa-esp-elf/esp-14.2.0_20260121/xtensa-esp-elf/bin/../lib/gcc/xtensa-esp-elf/14.2.0] ==> dir [/home/vietnq/.espressif/tools/xtensa-esp-elf/esp-14.2.0_20260121/xtensa-esp-elf/bin/../lib/gcc/xtensa-esp-elf/14.2.0]
    arg [-L/home/vietnq/.espressif/tools/xtensa-esp-elf/esp-14.2.0_20260121/xtensa-esp-elf/bin/../lib/gcc] ==> dir [/home/vietnq/.espressif/tools/xtensa-esp-elf/esp-14.2.0_20260121/xtensa-esp-elf/bin/../lib/gcc]
    arg [-L/home/vietnq/.espressif/tools/xtensa-esp-elf/esp-14.2.0_20260121/xtensa-esp-elf/bin/../lib/gcc/xtensa-esp-elf/14.2.0/../../../../xtensa-esp-elf/lib] ==> dir [/home/vietnq/.espressif/tools/xtensa-esp-elf/esp-14.2.0_20260121/xtensa-esp-elf/bin/../lib/gcc/xtensa-esp-elf/14.2.0/../../../../xtensa-esp-elf/lib]
    arg [-L/home/vietnq/.espressif/tools/xtensa-esp-elf/esp-14.2.0_20260121/xtensa-esp-elf/bin/../xtensa-esp-elf/lib] ==> dir [/home/vietnq/.espressif/tools/xtensa-esp-elf/esp-14.2.0_20260121/xtensa-esp-elf/bin/../xtensa-esp-elf/lib]
    arg [-L/home/vietnq/.espressif/tools/xtensa-esp-elf/esp-14.2.0_20260121/xtensa-esp-elf/bin/../xtensa-esp-elf/usr/lib] ==> dir [/home/vietnq/.espressif/tools/xtensa-esp-elf/esp-14.2.0_20260121/xtensa-esp-elf/bin/../xtensa-esp-elf/usr/lib]
    arg [@/tmp/ccwuX4Nc] ==> ignore
    arg [-lgcc] ==> lib [gcc]
    arg [-lc] ==> lib [c]
    arg [-lnosys] ==> lib [nosys]
    arg [-lc] ==> lib [c]
    arg [-lgcc] ==> lib [gcc]
  collapse library dir [/home/vietnq/.espressif/tools/xtensa-esp-elf/esp-14.2.0_20260121/xtensa-esp-elf/bin/../lib/gcc/xtensa-esp-elf/14.2.0/esp32/no-rtti] ==> [/home/vietnq/.espressif/tools/xtensa-esp-elf/esp-14.2.0_20260121/xtensa-esp-elf/lib/gcc/xtensa-esp-elf/14.2.0/esp32/no-rtti]
  collapse library dir [/home/vietnq/.espressif/tools/xtensa-esp-elf/esp-14.2.0_20260121/xtensa-esp-elf/bin/../lib/gcc/xtensa-esp-elf/14.2.0/../../../../xtensa-esp-elf/lib/esp32/no-rtti] ==> [/home/vietnq/.espressif/tools/xtensa-esp-elf/esp-14.2.0_20260121/xtensa-esp-elf/xtensa-esp-elf/lib/esp32/no-rtti]
  collapse library dir [/home/vietnq/.espressif/tools/xtensa-esp-elf/esp-14.2.0_20260121/xtensa-esp-elf/bin/../xtensa-esp-elf/lib/esp32/no-rtti] ==> [/home/vietnq/.espressif/tools/xtensa-esp-elf/esp-14.2.0_20260121/xtensa-esp-elf/xtensa-esp-elf/lib/esp32/no-rtti]
  collapse library dir [/home/vietnq/.espressif/tools/xtensa-esp-elf/esp-14.2.0_20260121/xtensa-esp-elf/bin/../lib/gcc/xtensa-esp-elf/14.2.0] ==> [/home/vietnq/.espressif/tools/xtensa-esp-elf/esp-14.2.0_20260121/xtensa-esp-elf/lib/gcc/xtensa-esp-elf/14.2.0]
  collapse library dir [/home/vietnq/.espressif/tools/xtensa-esp-elf/esp-14.2.0_20260121/xtensa-esp-elf/bin/../lib/gcc] ==> [/home/vietnq/.espressif/tools/xtensa-esp-elf/esp-14.2.0_20260121/xtensa-esp-elf/lib/gcc]
  collapse library dir [/home/vietnq/.espressif/tools/xtensa-esp-elf/esp-14.2.0_20260121/xtensa-esp-elf/bin/../lib/gcc/xtensa-esp-elf/14.2.0/../../../../xtensa-esp-elf/lib] ==> [/home/vietnq/.espressif/tools/xtensa-esp-elf/esp-14.2.0_20260121/xtensa-esp-elf/xtensa-esp-elf/lib]
  collapse library dir [/home/vietnq/.espressif/tools/xtensa-esp-elf/esp-14.2.0_20260121/xtensa-esp-elf/bin/../xtensa-esp-elf/lib] ==> [/home/vietnq/.espressif/tools/xtensa-esp-elf/esp-14.2.0_20260121/xtensa-esp-elf/xtensa-esp-elf/lib]
  collapse library dir [/home/vietnq/.espressif/tools/xtensa-esp-elf/esp-14.2.0_20260121/xtensa-esp-elf/bin/../xtensa-esp-elf/usr/lib] ==> [/home/vietnq/.espressif/tools/xtensa-esp-elf/esp-14.2.0_20260121/xtensa-esp-elf/xtensa-esp-elf/usr/lib]
  implicit libs: [gcc;c;nosys;c;gcc]
  implicit objs: []
  implicit dirs: [/home/vietnq/.espressif/tools/xtensa-esp-elf/esp-14.2.0_20260121/xtensa-esp-elf/lib/gcc/xtensa-esp-elf/14.2.0/esp32/no-rtti;/home/vietnq/.espressif/tools/xtensa-esp-elf/esp-14.2.0_20260121/xtensa-esp-elf/xtensa-esp-elf/lib/esp32/no-rtti;/home/vietnq/.espressif/tools/xtensa-esp-elf/esp-14.2.0_20260121/xtensa-esp-elf/lib/gcc/xtensa-esp-elf/14.2.0;/home/vietnq/.espressif/tools/xtensa-esp-elf/esp-14.2.0_20260121/xtensa-esp-elf/lib/gcc;/home/vietnq/.espressif/tools/xtensa-esp-elf/esp-14.2.0_20260121/xtensa-esp-elf/xtensa-esp-elf/lib;/home/vietnq/.espressif/tools/xtensa-esp-elf/esp-14.2.0_20260121/xtensa-esp-elf/xtensa-esp-elf/usr/lib]
  implicit fwks: []


Detecting CXX compiler ABI info compiled with the following output:
Change Dir: /home/vietnq/esp/ota/build/bootloader/CMakeFiles/CMakeTmp

Run Build Command(s):/usr/bin/ninja cmTC_9c9f0 && [1/2] Building CXX object CMakeFiles/cmTC_9c9f0.dir/CMakeCXXCompilerABI.cpp.obj
Using built-in specs.
COLLECT_GCC=/home/vietnq/.espressif/tools/xtensa-esp-elf/esp-14.2.0_20260121/xtensa-esp-elf/bin/xtensa-esp-elf-g++
Target: xtensa-esp-elf
Configured with: /builds/idf/crosstool-NG/.build/xtensa-esp-elf/src/gcc/configure --build=x86_64-build_pc-linux-gnu --host=x86_64-build_pc-linux-gnu --target=xtensa-esp-elf --prefix=/builds/idf/crosstool-NG/builds/xtensa-esp-elf --exec_prefix=/builds/idf/crosstool-NG/builds/xtensa-esp-elf --with-local-prefix=/builds/idf/crosstool-NG/builds/xtensa-esp-elf/xtensa-esp-elf --with-sysroot=/builds/idf/crosstool-NG/builds/xtensa-esp-elf/xtensa-esp-elf --with-native-system-header-dir=/include --with-headers=/builds/idf/crosstool-NG/builds/xtensa-esp-elf/xtensa-esp-elf/include --with-newlib --enable-threads=no --disable-shared --with-pkgversion='crosstool-NG esp-14.2.0_20260121' --disable-__cxa_atexit --enable-cxx-flags='-ffunction-sections -fdata-sections' --disable-libgomp --disable-libmudflap --disable-libmpx --disable-libssp --disable-libquadmath --disable-libquadmath-support --disable-libstdcxx-verbose --with-gmp=/builds/idf/crosstool-NG/.build/xtensa-esp-elf/buildtools --with-mpfr=/builds/idf/crosstool-NG/.build/xtensa-esp-elf/buildtools --with-mpc=/builds/idf/crosstool-NG/.build/xtensa-esp-elf/buildtools --with-isl=/builds/idf/crosstool-NG/.build/xtensa-esp-elf/buildtools --enable-lto --enable-target-optspace --without-long-double-128 --enable-plugin --disable-nls --enable-multiarch --enable-languages=c,c++ --disable-libstdcxx-verbose --enable-threads=posix --enable-libstdcxx-time=yes --disable-win32-utf8-manifest
Thread model: posix
Supported LTO compression algorithms: zlib zstd
gcc version 14.2.0 (crosstool-NG esp-14.2.0_20260121) 
COLLECT_GCC_OPTIONS='-mdynconfig=xtensa_esp32.so' '-Wno-frame-address' '-mlongcalls' '-fno-builtin-memcpy' '-fno-builtin-memset' '-fno-builtin-bzero' '-fno-rtti' '-v' '-o' 'CMakeFiles/cmTC_9c9f0.dir/CMakeCXXCompilerABI.cpp.obj' '-c' '-dumpdir' 'CMakeFiles/cmTC_9c9f0.dir/'
 /home/vietnq/.espressif/tools/xtensa-esp-elf/esp-14.2.0_20260121/xtensa-esp-elf/bin/../libexec/gcc/xtensa-esp-elf/14.2.0/cc1plus -quiet -v -imultilib esp32/no-rtti -iprefix /home/vietnq/.espressif/tools/xtensa-esp-elf/esp-14.2.0_20260121/xtensa-esp-elf/bin/../lib/gcc/xtensa-esp-elf/14.2.0/ -isysroot /home/vietnq/.espressif/tools/xtensa-esp-elf/esp-14.2.0_20260121/xtensa-esp-elf/bin/../xtensa-esp-elf /usr/share/cmake-3.22/Modules/CMakeCXXCompilerABI.cpp -quiet -dumpdir CMakeFiles/cmTC_9c9f0.dir/ -dumpbase CMakeCXXCompilerABI.cpp.cpp -dumpbase-ext .cpp -mdynconfig=xtensa_esp32.so -mlongcalls -Wno-frame-address -version -fno-builtin-memcpy -fno-builtin-memset -fno-builtin-bzero -fno-rtti -o /tmp/cc1vtrWU.s
GNU C++17 (crosstool-NG esp-14.2.0_20260121) version 14.2.0 (xtensa-esp-elf)
	compiled by GNU C version 6.3.0, GMP version 6.3.0, MPFR version 4.2.1, MPC version 1.3.1, isl version isl-0.26-GMP

GGC heuristics: --param ggc-min-expand=100 --param ggc-min-heapsize=131072
ignoring duplicate directory "/home/vietnq/.espressif/tools/xtensa-esp-elf/esp-14.2.0_20260121/xtensa-esp-elf/bin/../lib/gcc/../../lib/gcc/xtensa-esp-elf/14.2.0/../../../../xtensa-esp-elf/include/c++/14.2.0"
ignoring duplicate directory "/home/vietnq/.espressif/tools/xtensa-esp-elf/esp-14.2.0_20260121/xtensa-esp-elf/bin/../lib/gcc/../../lib/gcc/xtensa-esp-elf/14.2.0/../../../../xtensa-esp-elf/include/c++/14.2.0/xtensa-esp-elf/esp32/no-rtti"
ignoring duplicate directory "/home/vietnq/.espressif/tools/xtensa-esp-elf/esp-14.2.0_20260121/xtensa-esp-elf/bin/../lib/gcc/../../lib/gcc/xtensa-esp-elf/14.2.0/../../../../xtensa-esp-elf/include/c++/14.2.0/backward"
ignoring duplicate directory "/home/vietnq/.espressif/tools/xtensa-esp-elf/esp-14.2.0_20260121/xtensa-esp-elf/bin/../lib/gcc/../../lib/gcc/xtensa-esp-elf/14.2.0/include"
ignoring nonexistent directory "/home/vietnq/.espressif/tools/xtensa-esp-elf/esp-14.2.0_20260121/xtensa-esp-elf/bin/../xtensa-esp-elf/builds/idf/crosstool-NG/builds/xtensa-esp-elf/xtensa-esp-elf/include"
ignoring duplicate directory "/home/vietnq/.espressif/tools/xtensa-esp-elf/esp-14.2.0_20260121/xtensa-esp-elf/bin/../lib/gcc/../../lib/gcc/xtensa-esp-elf/14.2.0/include-fixed"
ignoring duplicate directory "/home/vietnq/.espressif/tools/xtensa-esp-elf/esp-14.2.0_20260121/xtensa-esp-elf/bin/../lib/gcc/../../lib/gcc/xtensa-esp-elf/14.2.0/../../../../xtensa-esp-elf/include"
ignoring duplicate directory "/home/vietnq/.espressif/tools/xtensa-esp-elf/esp-14.2.0_20260121/xtensa-esp-elf/bin/../xtensa-esp-elf/include"
#include "..." search starts here:
#include <...> search starts here:
 /home/vietnq/.espressif/tools/xtensa-esp-elf/esp-14.2.0_20260121/xtensa-esp-elf/bin/../lib/gcc/xtensa-esp-elf/14.2.0/../../../../xtensa-esp-elf/include/c++/14.2.0
 /home/vietnq/.espressif/tools/xtensa-esp-elf/esp-14.2.0_20260121/xtensa-esp-elf/bin/../lib/gcc/xtensa-esp-elf/14.2.0/../../../../xtensa-esp-elf/include/c++/14.2.0/xtensa-esp-elf/esp32/no-rtti
 /home/vietnq/.espressif/tools/xtensa-esp-elf/esp-14.2.0_20260121/xtensa-esp-elf/bin/../lib/gcc/xtensa-esp-elf/14.2.0/../../../../xtensa-esp-elf/include/c++/14.2.0/backward
 /home/vietnq/.espressif/tools/xtensa-esp-elf/esp-14.2.0_20260121/xtensa-esp-elf/bin/../lib/gcc/xtensa-esp-elf/14.2.0/include
 /home/vietnq/.espressif/tools/xtensa-esp-elf/esp-14.2.0_20260121/xtensa-esp-elf/bin/../lib/gcc/xtensa-esp-elf/14.2.0/include-fixed
 /home/vietnq/.espressif/tools/xtensa-esp-elf/esp-14.2.0_20260121/xtensa-esp-elf/bin/../lib/gcc/xtensa-esp-elf/14.2.0/../../../../xtensa-esp-elf/include
End of search list.
Compiler executable checksum: a254981dd59757a59628c9ca49d36a87
COLLECT_GCC_OPTIONS='-mdynconfig=xtensa_esp32.so' '-Wno-frame-address' '-mlongcalls' '-fno-builtin-memcpy' '-fno-builtin-memset' '-fno-builtin-bzero' '-fno-rtti' '-v' '-o' 'CMakeFiles/cmTC_9c9f0.dir/CMakeCXXCompilerABI.cpp.obj' '-c' '-dumpdir' 'CMakeFiles/cmTC_9c9f0.dir/'
 /home/vietnq/.espressif/tools/xtensa-esp-elf/esp-14.2.0_20260121/xtensa-esp-elf/bin/../lib/gcc/xtensa-esp-elf/14.2.0/../../../../xtensa-esp-elf/bin/as --traditional-format --longcalls --dynconfig=xtensa_esp32.so -o CMakeFiles/cmTC_9c9f0.dir/CMakeCXXCompilerABI.cpp.obj /tmp/cc1vtrWU.s
COMPILER_PATH=/home/vietnq/.espressif/tools/xtensa-esp-elf/esp-14.2.0_20260121/xtensa-esp-elf/bin/../libexec/gcc/xtensa-esp-elf/14.2.0/:/home/vietnq/.espressif/tools/xtensa-esp-elf/esp-14.2.0_20260121/xtensa-esp-elf/bin/../libexec/gcc/:/home/vietnq/.espressif/tools/xtensa-esp-elf/esp-14.2.0_20260121/xtensa-esp-elf/bin/../lib/gcc/xtensa-esp-elf/14.2.0/../../../../xtensa-esp-elf/bin/
LIBRARY_PATH=/home/vietnq/.espressif/tools/xtensa-esp-elf/esp-14.2.0_20260121/xtensa-esp-elf/bin/../lib/gcc/xtensa-esp-elf/14.2.0/esp32/no-rtti/:/home/vietnq/.espressif/tools/xtensa-esp-elf/esp-14.2.0_20260121/xtensa-esp-elf/bin/../lib/gcc/xtensa-esp-elf/14.2.0/../../../../xtensa-esp-elf/lib/esp32/no-rtti/:/home/vietnq/.espressif/tools/xtensa-esp-elf/esp-14.2.0_20260121/xtensa-esp-elf/bin/../xtensa-esp-elf/lib/esp32/no-rtti/:/home/vietnq/.espressif/tools/xtensa-esp-elf/esp-14.2.0_20260121/xtensa-esp-elf/bin/../lib/gcc/xtensa-esp-elf/14.2.0/:/home/vietnq/.espressif/tools/xtensa-esp-elf/esp-14.2.0_20260121/xtensa-esp-elf/bin/../lib/gcc/:/home/vietnq/.espressif/tools/xtensa-esp-elf/esp-14.2.0_20260121/xtensa-esp-elf/bin/../lib/gcc/xtensa-esp-elf/14.2.0/../../../../xtensa-esp-elf/lib/:/home/vietnq/.espressif/tools/xtensa-esp-elf/esp-14.2.0_20260121/xtensa-esp-elf/bin/../xtensa-esp-elf/lib/:/home/vietnq/.espressif/tools/xtensa-esp-elf/esp-14.2.0_20260121/xtensa-esp-elf/bin/../xtensa-esp-elf/usr/lib/
COLLECT_GCC_OPTIONS='-mdynconfig=xtensa_esp32.so' '-Wno-frame-address' '-mlongcalls' '-fno-builtin-memcpy' '-fno-builtin-memset' '-fno-builtin-bzero' '-fno-rtti' '-v' '-o' 'CMakeFiles/cmTC_9c9f0.dir/CMakeCXXCompilerABI.cpp.obj' '-c' '-dumpdir' 'CMakeFiles/cmTC_9c9f0.dir/CMakeCXXCompilerABI.cpp.'
[2/2] Linking CXX executable cmTC_9c9f0
Using built-in specs.
COLLECT_GCC=/home/vietnq/.espressif/tools/xtensa-esp-elf/esp-14.2.0_20260121/xtensa-esp-elf/bin/xtensa-esp-elf-g++
COLLECT_LTO_WRAPPER=/home/vietnq/.espressif/tools/xtensa-esp-elf/esp-14.2.0_20260121/xtensa-esp-elf/bin/../libexec/gcc/xtensa-esp-elf/14.2.0/lto-wrapper
Target: xtensa-esp-elf
Configured with: /builds/idf/crosstool-NG/.build/xtensa-esp-elf/src/gcc/configure --build=x86_64-build_pc-linux-gnu --host=x86_64-build_pc-linux-gnu --target=xtensa-esp-elf --prefix=/builds/idf/crosstool-NG/builds/xtensa-esp-elf --exec_prefix=/builds/idf/crosstool-NG/builds/xtensa-esp-elf --with-local-prefix=/builds/idf/crosstool-NG/builds/xtensa-esp-elf/xtensa-esp-elf --with-sysroot=/builds/idf/crosstool-NG/builds/xtensa-esp-elf/xtensa-esp-elf --with-native-system-header-dir=/include --with-headers=/builds/idf/crosstool-NG/builds/xtensa-esp-elf/xtensa-esp-elf/include --with-newlib --enable-threads=no --disable-shared --with-pkgversion='crosstool-NG esp-14.2.0_20260121' --disable-__cxa_atexit --enable-cxx-flags='-ffunction-sections -fdata-sections' --disable-libgomp --disable-libmudflap --disable-libmpx --disable-libssp --disable-libquadmath --disable-libquadmath-support --disable-libstdcxx-verbose --with-gmp=/builds/idf/crosstool-NG/.build/xtensa-esp-elf/buildtools --with-mpfr=/builds/idf/crosstool-NG/.build/xtensa-esp-elf/buildtools --with-mpc=/builds/idf/crosstool-NG/.build/xtensa-esp-elf/buildtools --with-isl=/builds/idf/crosstool-NG/.build/xtensa-esp-elf/buildtools --enable-lto --enable-target-optspace --without-long-double-128 --enable-plugin --disable-nls --enable-multiarch --enable-languages=c,c++ --disable-libstdcxx-verbose --enable-threads=posix --enable-libstdcxx-time=yes --disable-win32-utf8-manifest
Thread model: posix
Supported LTO compression algorithms: zlib zstd
gcc version 14.2.0 (crosstool-NG esp-14.2.0_20260121) 
COMPILER_PATH=/home/vietnq/.espressif/tools/xtensa-esp-elf/esp-14.2.0_20260121/xtensa-esp-elf/bin/../libexec/gcc/xtensa-esp-elf/14.2.0/:/home/vietnq/.espressif/tools/xtensa-esp-elf/esp-14.2.0_20260121/xtensa-esp-elf/bin/../libexec/gcc/:/home/vietnq/.espressif/tools/xtensa-esp-elf/esp-14.2.0_20260121/xtensa-esp-elf/bin/../lib/gcc/xtensa-esp-elf/14.2.0/../../../../xtensa-esp-elf/bin/
LIBRARY_PATH=/home/vietnq/.espressif/tools/xtensa-esp-elf/esp-14.2.0_20260121/xtensa-esp-elf/bin/../lib/gcc/xtensa-esp-elf/14.2.0/esp32/no-rtti/:/home/vietnq/.espressif/tools/xtensa-esp-elf/esp-14.2.0_20260121/xtensa-esp-elf/bin/../lib/gcc/xtensa-esp-elf/14.2.0/../../../../xtensa-esp-elf/lib/esp32/no-rtti/:/home/vietnq/.espressif/tools/xtensa-esp-elf/esp-14.2.0_20260121/xtensa-esp-elf/bin/../xtensa-esp-elf/lib/esp32/no-rtti/:/home/vietnq/.espressif/tools/xtensa-esp-elf/esp-14.2.0_20260121/xtensa-esp-elf/bin/../lib/gcc/xtensa-esp-elf/14.2.0/:/home/vietnq/.espressif/tools/xtensa-esp-elf/esp-14.2.0_20260121/xtensa-esp-elf/bin/../lib/gcc/:/home/vietnq/.espressif/tools/xtensa-esp-elf/esp-14.2.0_20260121/xtensa-esp-elf/bin/../lib/gcc/xtensa-esp-elf/14.2.0/../../../../xtensa-esp-elf/lib/:/home/vietnq/.espressif/tools/xtensa-esp-elf/esp-14.2.0_20260121/xtensa-esp-elf/bin/../xtensa-esp-elf/lib/:/home/vietnq/.espressif/tools/xtensa-esp-elf/esp-14.2.0_20260121/xtensa-esp-elf/bin/../xtensa-esp-elf/usr/lib/
COLLECT_GCC_OPTIONS='-mdynconfig=xtensa_esp32.so' '-Wno-frame-address' '-mlongcalls' '-fno-builtin-memcpy' '-fno-builtin-memset' '-fno-builtin-bzero' '-nostartfiles' '-fno-rtti' '-v' '-o' 'cmTC_9c9f0' '-dumpdir' 'cmTC_9c9f0.'
 /home/vietnq/.espressif/tools/xtensa-esp-elf/esp-14.2.0_20260121/xtensa-esp-elf/bin/../libexec/gcc/xtensa-esp-elf/14.2.0/collect2 -plugin /home/vietnq/.espressif/tools/xtensa-esp-elf/esp-14.2.0_20260121/xtensa-esp-elf/bin/../libexec/gcc/xtensa-esp-elf/14.2.0/liblto_plugin.so -plugin-opt=/home/vietnq/.espressif/tools/xtensa-esp-elf/esp-14.2.0_20260121/xtensa-esp-elf/bin/../libexec/gcc/xtensa-esp-elf/14.2.0/lto-wrapper -plugin-opt=-fresolution=/tmp/ccHxwxnh.res -plugin-opt=-pass-through=-lgcc -plugin-opt=-pass-through=-lc -plugin-opt=-pass-through=-lnosys -plugin-opt=-pass-through=-lc -plugin-opt=-pass-through=-lgcc --sysroot=/home/vietnq/.espressif/tools/xtensa-esp-elf/esp-14.2.0_20260121/xtensa-esp-elf/bin/../xtensa-esp-elf --dynconfig=xtensa_esp32.so -o cmTC_9c9f0 -L/home/vietnq/.espressif/tools/xtensa-esp-elf/esp-14.2.0_20260121/xtensa-esp-elf/bin/../lib/gcc/xtensa-esp-elf/14.2.0/esp32/no-rtti -L/home/vietnq/.espressif/tools/xtensa-esp-elf/esp-14.2.0_20260121/xtensa-esp-elf/bin/../lib/gcc/xtensa-esp-elf/14.2.0/../../../../xtensa-esp-elf/lib/esp32/no-rtti -L/home/vietnq/.espressif/tools/xtensa-esp-elf/esp-14.2.0_20260121/xtensa-esp-elf/bin/../xtensa-esp-elf/lib/esp32/no-rtti -L/home/vietnq/.espressif/tools/xtensa-esp-elf/esp-14.2.0_20260121/xtensa-esp-elf/bin/../lib/gcc/xtensa-esp-elf/14.2.0 -L/home/vietnq/.espressif/tools/xtensa-esp-elf/esp-14.2.0_20260121/xtensa-esp-elf/bin/../lib/gcc -L/home/vietnq/.espressif/tools/xtensa-esp-elf/esp-14.2.0_20260121/xtensa-esp-elf/bin/../lib/gcc/xtensa-esp-elf/14.2.0/../../../../xtensa-esp-elf/lib -L/home/vietnq/.espressif/tools/xtensa-esp-elf/esp-14.2.0_20260121/xtensa-esp-elf/bin/../xtensa-esp-elf/lib -L/home/vietnq/.espressif/tools/xtensa-esp-elf/esp-14.2.0_20260121/xtensa-esp-elf/bin/../xtensa-esp-elf/usr/lib @/tmp/ccKzPOKl -lgcc -lc -lnosys -lc -lgcc
/home/vietnq/.espressif/tools/xtensa-esp-elf/esp-14.2.0_20260121/xtensa-esp-elf/bin/../lib/gcc/xtensa-esp-elf/14.2.0/../../../../xtensa-esp-elf/bin/ld: warning: cannot find entry symbol _start; defaulting to 00400054
COLLECT_GCC_OPTIONS='-mdynconfig=xtensa_esp32.so' '-Wno-frame-address' '-mlongcalls' '-fno-builtin-memcpy' '-fno-builtin-memset' '-fno-builtin-bzero' '-nostartfiles' '-fno-rtti' '-v' '-o' 'cmTC_9c9f0' '-dumpdir' 'cmTC_9c9f0.'



Parsed CXX implicit include dir info from above output: rv=done
  found start of include info
  found start of implicit include info
    add: [/home/vietnq/.espressif/tools/xtensa-esp-elf/esp-14.2.0_20260121/xtensa-esp-elf/bin/../lib/gcc/xtensa-esp-elf/14.2.0/../../../../xtensa-esp-elf/include/c++/14.2.0]
    add: [/home/vietnq/.espressif/tools/xtensa-esp-elf/esp-14.2.0_20260121/xtensa-esp-elf/bin/../lib/gcc/xtensa-esp-elf/14.2.0/../../../../xtensa-esp-elf/include/c++/14.2.0/xtensa-esp-elf/esp32/no-rtti]
    add: [/home/vietnq/.espressif/tools/xtensa-esp-elf/esp-14.2.0_20260121/xtensa-esp-elf/bin/../lib/gcc/xtensa-esp-elf/14.2.0/../../../../xtensa-esp-elf/include/c++/14.2.0/backward]
    add: [/home/vietnq/.espressif/tools/xtensa-esp-elf/esp-14.2.0_20260121/xtensa-esp-elf/bin/../lib/gcc/xtensa-esp-elf/14.2.0/include]
    add: [/home/vietnq/.espressif/tools/xtensa-esp-elf/esp-14.2.0_20260121/xtensa-esp-elf/bin/../lib/gcc/xtensa-esp-elf/14.2.0/include-fixed]
    add: [/home/vietnq/.espressif/tools/xtensa-esp-elf/esp-14.2.0_20260121/xtensa-esp-elf/bin/../lib/gcc/xtensa-esp-elf/14.2.0/../../../../xtensa-esp-elf/include]
  end of search list found
  collapse include dir [/home/vietnq/.espressif/tools/xtensa-esp-elf/esp-14.2.0_20260121/xtensa-esp-elf/bin/../lib/gcc/xtensa-esp-elf/14.2.0/../../../../xtensa-esp-elf/include/c++/14.2.0] ==> [/home/vietnq/.espressif/tools/xtensa-esp-elf/esp-14.2.0_20260121/xtensa-esp-elf/xtensa-esp-elf/include/c++/14.2.0]
  collapse include dir [/home/vietnq/.espressif/tools/xtensa-esp-elf/esp-14.2.0_20260121/xtensa-esp-elf/bin/../lib/gcc/xtensa-esp-elf/14.2.0/../../../../xtensa-esp-elf/include/c++/14.2.0/xtensa-esp-elf/esp32/no-rtti] ==> [/home/vietnq/.espressif/tools/xtensa-esp-elf/esp-14.2.0_20260121/xtensa-esp-elf/xtensa-esp-elf/include/c++/14.2.0/xtensa-esp-elf/esp32/no-rtti]
  collapse include dir [/home/vietnq/.espressif/tools/xtensa-esp-elf/esp-14.2.0_20260121/xtensa-esp-elf/bin/../lib/gcc/xtensa-esp-elf/14.2.0/../../../../xtensa-esp-elf/include/c++/14.2.0/backward] ==> [/home/vietnq/.espressif/tools/xtensa-esp-elf/esp-14.2.0_20260121/xtensa-esp-elf/xtensa-esp-elf/include/c++/14.2.0/backward]
  collapse include dir [/home/vietnq/.espressif/tools/xtensa-esp-elf/esp-14.2.0_20260121/xtensa-esp-elf/bin/../lib/gcc/xtensa-esp-elf/14.2.0/include] ==> [/home/vietnq/.espressif/tools/xtensa-esp-elf/esp-14.2.0_20260121/xtensa-esp-elf/lib/gcc/xtensa-esp-elf/14.2.0/include]
  collapse include dir [/home/vietnq/.espressif/tools/xtensa-esp-elf/esp-14.2.0_20260121/xtensa-esp-elf/bin/../lib/gcc/xtensa-esp-elf/14.2.0/include-fixed] ==> [/home/vietnq/.espressif/tools/xtensa-esp-elf/esp-14.2.0_20260121/xtensa-esp-elf/lib/gcc/xtensa-esp-elf/14.2.0/include-fixed]
  collapse include dir [/home/vietnq/.espressif/tools/xtensa-esp-elf/esp-14.2.0_20260121/xtensa-esp-elf/bin/../lib/gcc/xtensa-esp-elf/14.2.0/../../../../xtensa-esp-elf/include] ==> [/home/vietnq/.espressif/tools/xtensa-esp-elf/esp-14.2.0_20260121/xtensa-esp-elf/xtensa-esp-elf/include]
  implicit include dirs: [/home/vietnq/.espressif/tools/xtensa-esp-elf/esp-14.2.0_20260121/xtensa-esp-elf/xtensa-esp-elf/include/c++/14.2.0;/home/vietnq/.espressif/tools/xtensa-esp-elf/esp-14.2.0_20260121/xtensa-esp-elf/xtensa-esp-elf/include/c++/14.2.0/xtensa-esp-elf/esp32/no-rtti;/home/vietnq/.espressif/tools/xtensa-esp-elf/esp-14.2.0_20260121/xtensa-esp-elf/xtensa-esp-elf/include/c++/14.2.0/backward;/home/vietnq/.espressif/tools/xtensa-esp-elf/esp-14.2.0_20260121/xtensa-esp-elf/lib/gcc/xtensa-esp-elf/14.2.0/include;/home/vietnq/.espressif/tools/xtensa-esp-elf/esp-14.2.0_20260121/xtensa-esp-elf/lib/gcc/xtensa-esp-elf/14.2.0/include-fixed;/home/vietnq/.espressif/tools/xtensa-esp-elf/esp-14.2.0_20260121/xtensa-esp-elf/xtensa-esp-elf/include]


Parsed CXX implicit link information from above output:
  link line regex: [^( *|.*[/\])(xtensa-esp32-elf-ld|CMAKE_LINK_STARTFILE-NOTFOUND|([^/\]+-)?ld|collect2)[^/\]*( |$)]
  ignore line: [Change Dir: /home/vietnq/esp/ota/build/bootloader/CMakeFiles/CMakeTmp]
  ignore line: []
  ignore line: [Run Build Command(s):/usr/bin/ninja cmTC_9c9f0 && [1/2] Building CXX object CMakeFiles/cmTC_9c9f0.dir/CMakeCXXCompilerABI.cpp.obj]
  ignore line: [Using built-in specs.]
  ignore line: [COLLECT_GCC=/home/vietnq/.espressif/tools/xtensa-esp-elf/esp-14.2.0_20260121/xtensa-esp-elf/bin/xtensa-esp-elf-g++]
  ignore line: [Target: xtensa-esp-elf]
  ignore line: [Configured with: /builds/idf/crosstool-NG/.build/xtensa-esp-elf/src/gcc/configure --build=x86_64-build_pc-linux-gnu --host=x86_64-build_pc-linux-gnu --target=xtensa-esp-elf --prefix=/builds/idf/crosstool-NG/builds/xtensa-esp-elf --exec_prefix=/builds/idf/crosstool-NG/builds/xtensa-esp-elf --with-local-prefix=/builds/idf/crosstool-NG/builds/xtensa-esp-elf/xtensa-esp-elf --with-sysroot=/builds/idf/crosstool-NG/builds/xtensa-esp-elf/xtensa-esp-elf --with-native-system-header-dir=/include --with-headers=/builds/idf/crosstool-NG/builds/xtensa-esp-elf/xtensa-esp-elf/include --with-newlib --enable-threads=no --disable-shared --with-pkgversion='crosstool-NG esp-14.2.0_20260121' --disable-__cxa_atexit --enable-cxx-flags='-ffunction-sections -fdata-sections' --disable-libgomp --disable-libmudflap --disable-libmpx --disable-libssp --disable-libquadmath --disable-libquadmath-support --disable-libstdcxx-verbose --with-gmp=/builds/idf/crosstool-NG/.build/xtensa-esp-elf/buildtools --with-mpfr=/builds/idf/crosstool-NG/.build/xtensa-esp-elf/buildtools --with-mpc=/builds/idf/crosstool-NG/.build/xtensa-esp-elf/buildtools --with-isl=/builds/idf/crosstool-NG/.build/xtensa-esp-elf/buildtools --enable-lto --enable-target-optspace --without-long-double-128 --enable-plugin --disable-nls --enable-multiarch --enable-languages=c c++ --disable-libstdcxx-verbose --enable-threads=posix --enable-libstdcxx-time=yes --disable-win32-utf8-manifest]
  ignore line: [Thread model: posix]
  ignore line: [Supported LTO compression algorithms: zlib zstd]
  ignore line: [gcc version 14.2.0 (crosstool-NG esp-14.2.0_20260121) ]
  ignore line: [COLLECT_GCC_OPTIONS='-mdynconfig=xtensa_esp32.so' '-Wno-frame-address' '-mlongcalls' '-fno-builtin-memcpy' '-fno-builtin-memset' '-fno-builtin-bzero' '-fno-rtti' '-v' '-o' 'CMakeFiles/cmTC_9c9f0.dir/CMakeCXXCompilerABI.cpp.obj' '-c' '-dumpdir' 'CMakeFiles/cmTC_9c9f0.dir/']
  ignore line: [ /home/vietnq/.espressif/tools/xtensa-esp-elf/esp-14.2.0_20260121/xtensa-esp-elf/bin/../libexec/gcc/xtensa-esp-elf/14.2.0/cc1plus -quiet -v -imultilib esp32/no-rtti -iprefix /home/vietnq/.espressif/tools/xtensa-esp-elf/esp-14.2.0_20260121/xtensa-esp-elf/bin/../lib/gcc/xtensa-esp-elf/14.2.0/ -isysroot /home/vietnq/.espressif/tools/xtensa-esp-elf/esp-14.2.0_20260121/xtensa-esp-elf/bin/../xtensa-esp-elf /usr/share/cmake-3.22/Modules/CMakeCXXCompilerABI.cpp -quiet -dumpdir CMakeFiles/cmTC_9c9f0.dir/ -dumpbase CMakeCXXCompilerABI.cpp.cpp -dumpbase-ext .cpp -mdynconfig=xtensa_esp32.so -mlongcalls -Wno-frame-address -version -fno-builtin-memcpy -fno-builtin-memset -fno-builtin-bzero -fno-rtti -o /tmp/cc1vtrWU.s]
  ignore line: [GNU C++17 (crosstool-NG esp-14.2.0_20260121) version 14.2.0 (xtensa-esp-elf)]
  ignore line: [	compiled by GNU C version 6.3.0  GMP version 6.3.0  MPFR version 4.2.1  MPC version 1.3.1  isl version isl-0.26-GMP]
  ignore line: []
  ignore line: [GGC heuristics: --param ggc-min-expand=100 --param ggc-min-heapsize=131072]
  ignore line: [ignoring duplicate directory "/home/vietnq/.espressif/tools/xtensa-esp-elf/esp-14.2.0_20260121/xtensa-esp-elf/bin/../lib/gcc/../../lib/gcc/xtensa-esp-elf/14.2.0/../../../../xtensa-esp-elf/include/c++/14.2.0"]
  ignore line: [ignoring duplicate directory "/home/vietnq/.espressif/tools/xtensa-esp-elf/esp-14.2.0_20260121/xtensa-esp-elf/bin/../lib/gcc/../../lib/gcc/xtensa-esp-elf/14.2.0/../../../../xtensa-esp-elf/include/c++/14.2.0/xtensa-esp-elf/esp32/no-rtti"]
  ignore line: [ignoring duplicate directory "/home/vietnq/.espressif/tools/xtensa-esp-elf/esp-14.2.0_20260121/xtensa-esp-elf/bin/../lib/gcc/../../lib/gcc/xtensa-esp-elf/14.2.0/../../../../xtensa-esp-elf/include/c++/14.2.0/backward"]
  ignore line: [ignoring duplicate directory "/home/vietnq/.espressif/tools/xtensa-esp-elf/esp-14.2.0_20260121/xtensa-esp-elf/bin/../lib/gcc/../../lib/gcc/xtensa-esp-elf/14.2.0/include"]
  ignore line: [ignoring nonexistent directory "/home/vietnq/.espressif/tools/xtensa-esp-elf/esp-14.2.0_20260121/xtensa-esp-elf/bin/../xtensa-esp-elf/builds/idf/crosstool-NG/builds/xtensa-esp-elf/xtensa-esp-elf/include"]
  ignore line: [ignoring duplicate directory "/home/vietnq/.espressif/tools/xtensa-esp-elf/esp-14.2.0_20260121/xtensa-esp-elf/bin/../lib/gcc/../../lib/gcc/xtensa-esp-elf/14.2.0/include-fixed"]
  ignore line: [ignoring duplicate directory "/home/vietnq/.espressif/tools/xtensa-esp-elf/esp-14.2.0_20260121/xtensa-esp-elf/bin/../lib/gcc/../../lib/gcc/xtensa-esp-elf/14.2.0/../../../../xtensa-esp-elf/include"]
  ignore line: [ignoring duplicate directory "/home/vietnq/.espressif/tools/xtensa-esp-elf/esp-14.2.0_20260121/xtensa-esp-elf/bin/../xtensa-esp-elf/include"]
  ignore line: [#include "..." search starts here:]
  ignore line: [#include <...> search starts here:]
  ignore line: [ /home/vietnq/.espressif/tools/xtensa-esp-elf/esp-14.2.0_20260121/xtensa-esp-elf/bin/../lib/gcc/xtensa-esp-elf/14.2.0/../../../../xtensa-esp-elf/include/c++/14.2.0]
  ignore line: [ /home/vietnq/.espressif/tools/xtensa-esp-elf/esp-14.2.0_20260121/xtensa-esp-elf/bin/../lib/gcc/xtensa-esp-elf/14.2.0/../../../../xtensa-esp-elf/include/c++/14.2.0/xtensa-esp-elf/esp32/no-rtti]
  ignore line: [ /home/vietnq/.espressif/tools/xtensa-esp-elf/esp-14.2.0_20260121/xtensa-esp-elf/bin/../lib/gcc/xtensa-esp-elf/14.2.0/../../../../xtensa-esp-elf/include/c++/14.2.0/backward]
  ignore line: [ /home/vietnq/.espressif/tools/xtensa-esp-elf/esp-14.2.0_20260121/xtensa-esp-elf/bin/../lib/gcc/xtensa-esp-elf/14.2.0/include]
  ignore line: [ /home/vietnq/.espressif/tools/xtensa-esp-elf/esp-14.2.0_20260121/xtensa-esp-elf/bin/../lib/gcc/xtensa-esp-elf/14.2.0/include-fixed]
  ignore line: [ /home/vietnq/.espressif/tools/xtensa-esp-elf/esp-14.2.0_20260121/xtensa-esp-elf/bin/../lib/gcc/xtensa-esp-elf/14.2.0/../../../../xtensa-esp-elf/include]
  ignore line: [End of search list.]
  ignore line: [Compiler executable checksum: a254981dd59757a59628c9ca49d36a87]
  ignore line: [COLLECT_GCC_OPTIONS='-mdynconfig=xtensa_esp32.so' '-Wno-frame-address' '-mlongcalls' '-fno-builtin-memcpy' '-fno-builtin-memset' '-fno-builtin-bzero' '-fno-rtti' '-v' '-o' 'CMakeFiles/cmTC_9c9f0.dir/CMakeCXXCompilerABI.cpp.obj' '-c' '-dumpdir' 'CMakeFiles/cmTC_9c9f0.dir/']
  ignore line: [ /home/vietnq/.espressif/tools/xtensa-esp-elf/esp-14.2.0_20260121/xtensa-esp-elf/bin/../lib/gcc/xtensa-esp-elf/14.2.0/../../../../xtensa-esp-elf/bin/as --traditional-format --longcalls --dynconfig=xtensa_esp32.so -o CMakeFiles/cmTC_9c9f0.dir/CMakeCXXCompilerABI.cpp.obj /tmp/cc1vtrWU.s]
  ignore line: [COMPILER_PATH=/home/vietnq/.espressif/tools/xtensa-esp-elf/esp-14.2.0_20260121/xtensa-esp-elf/bin/../libexec/gcc/xtensa-esp-elf/14.2.0/:/home/vietnq/.espressif/tools/xtensa-esp-elf/esp-14.2.0_20260121/xtensa-esp-elf/bin/../libexec/gcc/:/home/vietnq/.espressif/tools/xtensa-esp-elf/esp-14.2.0_20260121/xtensa-esp-elf/bin/../lib/gcc/xtensa-esp-elf/14.2.0/../../../../xtensa-esp-elf/bin/]
  ignore line: [LIBRARY_PATH=/home/vietnq/.espressif/tools/xtensa-esp-elf/esp-14.2.0_20260121/xtensa-esp-elf/bin/../lib/gcc/xtensa-esp-elf/14.2.0/esp32/no-rtti/:/home/vietnq/.espressif/tools/xtensa-esp-elf/esp-14.2.0_20260121/xtensa-esp-elf/bin/../lib/gcc/xtensa-esp-elf/14.2.0/../../../../xtensa-esp-elf/lib/esp32/no-rtti/:/home/vietnq/.espressif/tools/xtensa-esp-elf/esp-14.2.0_20260121/xtensa-esp-elf/bin/../xtensa-esp-elf/lib/esp32/no-rtti/:/home/vietnq/.espressif/tools/xtensa-esp-elf/esp-14.2.0_20260121/xtensa-esp-elf/bin/../lib/gcc/xtensa-esp-elf/14.2.0/:/home/vietnq/.espressif/tools/xtensa-esp-elf/esp-14.2.0_20260121/xtensa-esp-elf/bin/../lib/gcc/:/home/vietnq/.espressif/tools/xtensa-esp-elf/esp-14.2.0_20260121/xtensa-esp-elf/bin/../lib/gcc/xtensa-esp-elf/14.2.0/../../../../xtensa-esp-elf/lib/:/home/vietnq/.espressif/tools/xtensa-esp-elf/esp-14.2.0_20260121/xtensa-esp-elf/bin/../xtensa-esp-elf/lib/:/home/vietnq/.espressif/tools/xtensa-esp-elf/esp-14.2.0_20260121/xtensa-esp-elf/bin/../xtensa-esp-elf/usr/lib/]
  ignore line: [COLLECT_GCC_OPTIONS='-mdynconfig=xtensa_esp32.so' '-Wno-frame-address' '-mlongcalls' '-fno-builtin-memcpy' '-fno-builtin-memset' '-fno-builtin-bzero' '-fno-rtti' '-v' '-o' 'CMakeFiles/cmTC_9c9f0.dir/CMakeCXXCompilerABI.cpp.obj' '-c' '-dumpdir' 'CMakeFiles/cmTC_9c9f0.dir/CMakeCXXCompilerABI.cpp.']
  ignore line: [[2/2] Linking CXX executable cmTC_9c9f0]
  ignore line: [Using built-in specs.]
  ignore line: [COLLECT_GCC=/home/vietnq/.espressif/tools/xtensa-esp-elf/esp-14.2.0_20260121/xtensa-esp-elf/bin/xtensa-esp-elf-g++]
  ignore line: [COLLECT_LTO_WRAPPER=/home/vietnq/.espressif/tools/xtensa-esp-elf/esp-14.2.0_20260121/xtensa-esp-elf/bin/../libexec/gcc/xtensa-esp-elf/14.2.0/lto-wrapper]
  ignore line: [Target: xtensa-esp-elf]
  ignore line: [Configured with: /builds/idf/crosstool-NG/.build/xtensa-esp-elf/src/gcc/configure --build=x86_64-build_pc-linux-gnu --host=x86_64-build_pc-linux-gnu --target=xtensa-esp-elf --prefix=/builds/idf/crosstool-NG/builds/xtensa-esp-elf --exec_prefix=/builds/idf/crosstool-NG/builds/xtensa-esp-elf --with-local-prefix=/builds/idf/crosstool-NG/builds/xtensa-esp-elf/xtensa-esp-elf --with-sysroot=/builds/idf/crosstool-NG/builds/xtensa-esp-elf/xtensa-esp-elf --with-native-system-header-dir=/include --with-headers=/builds/idf/crosstool-NG/builds/xtensa-esp-elf/xtensa-esp-elf/include --with-newlib --enable-threads=no --disable-shared --with-pkgversion='crosstool-NG esp-14.2.0_20260121' --disable-__cxa_atexit --enable-cxx-flags='-ffunction-sections -fdata-sections' --disable-libgomp --disable-libmudflap --disable-libmpx --disable-libssp --disable-libquadmath --disable-libquadmath-support --disable-libstdcxx-verbose --with-gmp=/builds/idf/crosstool-NG/.build/xtensa-esp-elf/buildtools --with-mpfr=/builds/idf/crosstool-NG/.build/xtensa-esp-elf/buildtools --with-mpc=/builds/idf/crosstool-NG/.build/xtensa-esp-elf/buildtools --with-isl=/builds/idf/crosstool-NG/.build/xtensa-esp-elf/buildtools --enable-lto --enable-target-optspace --without-long-double-128 --enable-plugin --disable-nls --enable-multiarch --enable-languages=c c++ --disable-libstdcxx-verbose --enable-threads=posix --enable-libstdcxx-time=yes --disable-win32-utf8-manifest]
  ignore line: [Thread model: posix]
  ignore line: [Supported LTO compression algorithms: zlib zstd]
  ignore line: [gcc version 14.2.0 (crosstool-NG esp-14.2.0_20260121) ]
  ignore line: [COMPILER_PATH=/home/vietnq/.espressif/tools/xtensa-esp-elf/esp-14.2.0_20260121/xtensa-esp-elf/bin/../libexec/gcc/xtensa-esp-elf/14.2.0/:/home/vietnq/.espressif/tools/xtensa-esp-elf/esp-14.2.0_20260121/xtensa-esp-elf/bin/../libexec/gcc/:/home/vietnq/.espressif/tools/xtensa-esp-elf/esp-14.2.0_20260121/xtensa-esp-elf/bin/../lib/gcc/xtensa-esp-elf/14.2.0/../../../../xtensa-esp-elf/bin/]
  ignore line: [LIBRARY_PATH=/home/vietnq/.espressif/tools/xtensa-esp-elf/esp-14.2.0_20260121/xtensa-esp-elf/bin/../lib/gcc/xtensa-esp-elf/14.2.0/esp32/no-rtti/:/home/vietnq/.espressif/tools/xtensa-esp-elf/esp-14.2.0_20260121/xtensa-esp-elf/bin/../lib/gcc/xtensa-esp-elf/14.2.0/../../../../xtensa-esp-elf/lib/esp32/no-rtti/:/home/vietnq/.espressif/tools/xtensa-esp-elf/esp-14.2.0_20260121/xtensa-esp-elf/bin/../xtensa-esp-elf/lib/esp32/no-rtti/:/home/vietnq/.espressif/tools/xtensa-esp-elf/esp-14.2.0_20260121/xtensa-esp-elf/bin/../lib/gcc/xtensa-esp-elf/14.2.0/:/home/vietnq/.espressif/tools/xtensa-esp-elf/esp-14.2.0_20260121/xtensa-esp-elf/bin/../lib/gcc/:/home/vietnq/.espressif/tools/xtensa-esp-elf/esp-14.2.0_20260121/xtensa-esp-elf/bin/../lib/gcc/xtensa-esp-elf/14.2.0/../../../../xtensa-esp-elf/lib/:/home/vietnq/.espressif/tools/xtensa-esp-elf/esp-14.2.0_20260121/xtensa-esp-elf/bin/../xtensa-esp-elf/lib/:/home/vietnq/.espressif/tools/xtensa-esp-elf/esp-14.2.0_20260121/xtensa-esp-elf/bin/../xtensa-esp-elf/usr/lib/]
  ignore line: [COLLECT_GCC_OPTIONS='-mdynconfig=xtensa_esp32.so' '-Wno-frame-address' '-mlongcalls' '-fno-builtin-memcpy' '-fno-builtin-memset' '-fno-builtin-bzero' '-nostartfiles' '-fno-rtti' '-v' '-o' 'cmTC_9c9f0' '-dumpdir' 'cmTC_9c9f0.']
  link line: [ /home/vietnq/.espressif/tools/xtensa-esp-elf/esp-14.2.0_20260121/xtensa-esp-elf/bin/../libexec/gcc/xtensa-esp-elf/14.2.0/collect2 -plugin /home/vietnq/.espressif/tools/xtensa-esp-elf/esp-14.2.0_20260121/xtensa-esp-elf/bin/../libexec/gcc/xtensa-esp-elf/14.2.0/liblto_plugin.so -plugin-opt=/home/vietnq/.espressif/tools/xtensa-esp-elf/esp-14.2.0_20260121/xtensa-esp-elf/bin/../libexec/gcc/xtensa-esp-elf/14.2.0/lto-wrapper -plugin-opt=-fresolution=/tmp/ccHxwxnh.res -plugin-opt=-pass-through=-lgcc -plugin-opt=-pass-through=-lc -plugin-opt=-pass-through=-lnosys -plugin-opt=-pass-through=-lc -plugin-opt=-pass-through=-lgcc --sysroot=/home/vietnq/.espressif/tools/xtensa-esp-elf/esp-14.2.0_20260121/xtensa-esp-elf/bin/../xtensa-esp-elf --dynconfig=xtensa_esp32.so -o cmTC_9c9f0 -L/home/vietnq/.espressif/tools/xtensa-esp-elf/esp-14.2.0_20260121/xtensa-esp-elf/bin/../lib/gcc/xtensa-esp-elf/14.2.0/esp32/no-rtti -L/home/vietnq/.espressif/tools/xtensa-esp-elf/esp-14.2.0_20260121/xtensa-esp-elf/bin/../lib/gcc/xtensa-esp-elf/14.2.0/../../../../xtensa-esp-elf/lib/esp32/no-rtti -L/home/vietnq/.espressif/tools/xtensa-esp-elf/esp-14.2.0_20260121/xtensa-esp-elf/bin/../xtensa-esp-elf/lib/esp32/no-rtti -L/home/vietnq/.espressif/tools/xtensa-esp-elf/esp-14.2.0_20260121/xtensa-esp-elf/bin/../lib/gcc/xtensa-esp-elf/14.2.0 -L/home/vietnq/.espressif/tools/xtensa-esp-elf/esp-14.2.0_20260121/xtensa-esp-elf/bin/../lib/gcc -L/home/vietnq/.espressif/tools/xtensa-esp-elf/esp-14.2.0_20260121/xtensa-esp-elf/bin/../lib/gcc/xtensa-esp-elf/14.2.0/../../../../xtensa-esp-elf/lib -L/home/vietnq/.espressif/tools/xtensa-esp-elf/esp-14.2.0_20260121/xtensa-esp-elf/bin/../xtensa-esp-elf/lib -L/home/vietnq/.espressif/tools/xtensa-esp-elf/esp-14.2.0_20260121/xtensa-esp-elf/bin/../xtensa-esp-elf/usr/lib @/tmp/ccKzPOKl -lgcc -lc -lnosys -lc -lgcc]
    arg [/home/vietnq/.espressif/tools/xtensa-esp-elf/esp-14.2.0_20260121/xtensa-esp-elf/bin/../libexec/gcc/xtensa-esp-elf/14.2.0/collect2] ==> ignore
    arg [-plugin] ==> ignore
    arg [/home/vietnq/.espressif/tools/xtensa-esp-elf/esp-14.2.0_20260121/xtensa-esp-elf/bin/../libexec/gcc/xtensa-esp-elf/14.2.0/liblto_plugin.so] ==> ignore
    arg [-plugin-opt=/home/vietnq/.espressif/tools/xtensa-esp-elf/esp-14.2.0_20260121/xtensa-esp-elf/bin/../libexec/gcc/xtensa-esp-elf/14.2.0/lto-wrapper] ==> ignore
    arg [-plugin-opt=-fresolution=/tmp/ccHxwxnh.res] ==> ignore
    arg [-plugin-opt=-pass-through=-lgcc] ==> ignore
    arg [-plugin-opt=-pass-through=-lc] ==> ignore
    arg [-plugin-opt=-pass-through=-lnosys] ==> ignore
    arg [-plugin-opt=-pass-through=-lc] ==> ignore
    arg [-plugin-opt=-pass-through=-lgcc] ==> ignore
    arg [--sysroot=/home/vietnq/.espressif/tools/xtensa-esp-elf/esp-14.2.0_20260121/xtensa-esp-elf/bin/../xtensa-esp-elf] ==> ignore
    arg [--dynconfig=xtensa_esp32.so] ==> ignore
    arg [-o] ==> ignore
    arg [cmTC_9c9f0] ==> ignore
    arg [-L/home/vietnq/.espressif/tools/xtensa-esp-elf/esp-14.2.0_20260121/xtensa-esp-elf/bin/../lib/gcc/xtensa-esp-elf/14.2.0/esp32/no-rtti] ==> dir [/home/vietnq/.espressif/tools/xtensa-esp-elf/esp-14.2.0_20260121/xtensa-esp-elf/bin/../lib/gcc/xtensa-esp-elf/14.2.0/esp32/no-rtti]
    arg [-L/home/vietnq/.espressif/tools/xtensa-esp-elf/esp-14.2.0_20260121/xtensa-esp-elf/bin/../lib/gcc/xtensa-esp-elf/14.2.0/../../../../xtensa-esp-elf/lib/esp32/no-rtti] ==> dir [/home/vietnq/.espressif/tools/xtensa-esp-elf/esp-14.2.0_20260121/xtensa-esp-elf/bin/../lib/gcc/xtensa-esp-elf/14.2.0/../../../../xtensa-esp-elf/lib/esp32/no-rtti]
    arg [-L/home/vietnq/.espressif/tools/xtensa-esp-elf/esp-14.2.0_20260121/xtensa-esp-elf/bin/../xtensa-esp-elf/lib/esp32/no-rtti] ==> dir [/home/vietnq/.espressif/tools/xtensa-esp-elf/esp-14.2.0_20260121/xtensa-esp-elf/bin/../xtensa-esp-elf/lib/esp32/no-rtti]
    arg [-L/home/vietnq/.espressif/tools/xtensa-esp-elf/esp-14.2.0_20260121/xtensa-esp-elf/bin/../lib/gcc/xtensa-esp-elf/14.2.0] ==> dir [/home/vietnq/.espressif/tools/xtensa-esp-elf/esp-14.2.0_20260121/xtensa-esp-elf/bin/../lib/gcc/xtensa-esp-elf/14.2.0]
    arg [-L/home/vietnq/.espressif/tools/xtensa-esp-elf/esp-14.2.0_20260121/xtensa-esp-elf/bin/../lib/gcc] ==> dir [/home/vietnq/.espressif/tools/xtensa-esp-elf/esp-14.2.0_20260121/xtensa-esp-elf/bin/../lib/gcc]
    arg [-L/home/vietnq/.espressif/tools/xtensa-esp-elf/esp-14.2.0_20260121/xtensa-esp-elf/bin/../lib/gcc/xtensa-esp-elf/14.2.0/../../../../xtensa-esp-elf/lib] ==> dir [/home/vietnq/.espressif/tools/xtensa-esp-elf/esp-14.2.0_20260121/xtensa-esp-elf/bin/../lib/gcc/xtensa-esp-elf/14.2.0/../../../../xtensa-esp-elf/lib]
    arg [-L/home/vietnq/.espressif/tools/xtensa-esp-elf/esp-14.2.0_20260121/xtensa-esp-elf/bin/../xtensa-esp-elf/lib] ==> dir [/home/vietnq/.espressif/tools/xtensa-esp-elf/esp-14.2.0_20260121/xtensa-esp-elf/bin/../xtensa-esp-elf/lib]
    arg [-L/home/vietnq/.espressif/tools/xtensa-esp-elf/esp-14.2.0_20260121/xtensa-esp-elf/bin/../xtensa-esp-elf/usr/lib] ==> dir [/home/vietnq/.espressif/tools/xtensa-esp-elf/esp-14.2.0_20260121/xtensa-esp-elf/bin/../xtensa-esp-elf/usr/lib]
    arg [@/tmp/ccKzPOKl] ==> ignore
    arg [-lgcc] ==> lib [gcc]
    arg [-lc] ==> lib [c]
    arg [-lnosys] ==> lib [nosys]
    arg [-lc] ==> lib [c]
    arg [-lgcc] ==> lib [gcc]
  collapse library dir [/home/vietnq/.espressif/tools/xtensa-esp-elf/esp-14.2.0_20260121/xtensa-esp-elf/bin/../lib/gcc/xtensa-esp-elf/14.2.0/esp32/no-rtti] ==> [/home/vietnq/.espressif/tools/xtensa-esp-elf/esp-14.2.0_20260121/xtensa-esp-elf/lib/gcc/xtensa-esp-elf/14.2.0/esp32/no-rtti]
  collapse library dir [/home/vietnq/.espressif/tools/xtensa-esp-elf/esp-14.2.0_20260121/xtensa-esp-elf/bin/../lib/gcc/xtensa-esp-elf/14.2.0/../../../../xtensa-esp-elf/lib/esp32/no-rtti] ==> [/home/vietnq/.espressif/tools/xtensa-esp-elf/esp-14.2.0_20260121/xtensa-esp-elf/xtensa-esp-elf/lib/esp32/no-rtti]
  collapse library dir [/home/vietnq/.espressif/tools/xtensa-esp-elf/esp-14.2.0_20260121/xtensa-esp-elf/bin/../xtensa-esp-elf/lib/esp32/no-rtti] ==> [/home/vietnq/.espressif/tools/xtensa-esp-elf/esp-14.2.0_20260121/xtensa-esp-elf/xtensa-esp-elf/lib/esp32/no-rtti]
  collapse library dir [/home/vietnq/.espressif/tools/xtensa-esp-elf/esp-14.2.0_20260121/xtensa-esp-elf/bin/../lib/gcc/xtensa-esp-elf/14.2.0] ==> [/home/vietnq/.espressif/tools/xtensa-esp-elf/esp-14.2.0_20260121/xtensa-esp-elf/lib/gcc/xtensa-esp-elf/14.2.0]
  collapse library dir [/home/vietnq/.espressif/tools/xtensa-esp-elf/esp-14.2.0_20260121/xtensa-esp-elf/bin/../lib/gcc] ==> [/home/vietnq/.espressif/tools/xtensa-esp-elf/esp-14.2.0_20260121/xtensa-esp-elf/lib/gcc]
  collapse library dir [/home/vietnq/.espressif/tools/xtensa-esp-elf/esp-14.2.0_20260121/xtensa-esp-elf/bin/../lib/gcc/xtensa-esp-elf/14.2.0/../../../../xtensa-esp-elf/lib] ==> [/home/vietnq/.espressif/tools/xtensa-esp-elf/esp-14.2.0_20260121/xtensa-esp-elf/xtensa-esp-elf/lib]
  collapse library dir [/home/vietnq/.espressif/tools/xtensa-esp-elf/esp-14.2.0_20260121/xtensa-esp-elf/bin/../xtensa-esp-elf/lib] ==> [/home/vietnq/.espressif/tools/xtensa-esp-elf/esp-14.2.0_20260121/xtensa-esp-elf/xtensa-esp-elf/lib]
  collapse library dir [/home/vietnq/.espressif/tools/xtensa-esp-elf/esp-14.2.0_20260121/xtensa-esp-elf/bin/../xtensa-esp-elf/usr/lib] ==> [/home/vietnq/.espressif/tools/xtensa-esp-elf/esp-14.2.0_20260121/xtensa-esp-elf/xtensa-esp-elf/usr/lib]
  implicit libs: [gcc;c;nosys;c;gcc]
  implicit objs: []
  implicit dirs: [/home/vietnq/.espressif/tools/xtensa-esp-elf/esp-14.2.0_20260121/xtensa-esp-elf/lib/gcc/xtensa-esp-elf/14.2.0/esp32/no-rtti;/home/vietnq/.espressif/tools/xtensa-esp-elf/esp-14.2.0_20260121/xtensa-esp-elf/xtensa-esp-elf/lib/esp32/no-rtti;/home/vietnq/.espressif/tools/xtensa-esp-elf/esp-14.2.0_20260121/xtensa-esp-elf/lib/gcc/xtensa-esp-elf/14.2.0;/home/vietnq/.espressif/tools/xtensa-esp-elf/esp-14.2.0_20260121/xtensa-esp-elf/lib/gcc;/home/vietnq/.espressif/tools/xtensa-esp-elf/esp-14.2.0_20260121/xtensa-esp-elf/xtensa-esp-elf/lib;/home/vietnq/.espressif/tools/xtensa-esp-elf/esp-14.2.0_20260121/xtensa-esp-elf/xtensa-esp-elf/usr/lib]
  implicit fwks: []


Detecting C compiler ABI info compiled with the following output:
Change Dir: /home/vietnq/esp/ota/build/bootloader/CMakeFiles/CMakeTmp

Run Build Command(s):/usr/bin/ninja cmTC_5a618 && [1/2] Building C object CMakeFiles/cmTC_5a618.dir/CMakeCCompilerABI.c.obj
Using built-in specs.
COLLECT_GCC=/home/vietnq/.espressif/tools/xtensa-esp-elf/esp-14.2.0_20260121/xtensa-esp-elf/bin/xtensa-esp-elf-gcc
Target: xtensa-esp-elf
Configured with: /builds/idf/crosstool-NG/.build/xtensa-esp-elf/src/gcc/configure --build=x86_64-build_pc-linux-gnu --host=x86_64-build_pc-linux-gnu --target=xtensa-esp-elf --prefix=/builds/idf/crosstool-NG/builds/xtensa-esp-elf --exec_prefix=/builds/idf/crosstool-NG/builds/xtensa-esp-elf --with-local-prefix=/builds/idf/crosstool-NG/builds/xtensa-esp-elf/xtensa-esp-elf --with-sysroot=/builds/idf/crosstool-NG/builds/xtensa-esp-elf/xtensa-esp-elf --with-native-system-header-dir=/include --with-headers=/builds/idf/crosstool-NG/builds/xtensa-esp-elf/xtensa-esp-elf/include --with-newlib --enable-threads=no --disable-shared --with-pkgversion='crosstool-NG esp-14.2.0_20260121' --disable-__cxa_atexit --enable-cxx-flags='-ffunction-sections -fdata-sections' --disable-libgomp --disable-libmudflap --disable-libmpx --disable-libssp --disable-libquadmath --disable-libquadmath-support --disable-libstdcxx-verbose --with-gmp=/builds/idf/crosstool-NG/.build/xtensa-esp-elf/buildtools --with-mpfr=/builds/idf/crosstool-NG/.build/xtensa-esp-elf/buildtools --with-mpc=/builds/idf/crosstool-NG/.build/xtensa-esp-elf/buildtools --with-isl=/builds/idf/crosstool-NG/.build/xtensa-esp-elf/buildtools --enable-lto --enable-target-optspace --without-long-double-128 --enable-plugin --disable-nls --enable-multiarch --enable-languages=c,c++ --disable-libstdcxx-verbose --enable-threads=posix --enable-libstdcxx-time=yes --disable-win32-utf8-manifest
Thread model: posix
Supported LTO compression algorithms: zlib zstd
gcc version 14.2.0 (crosstool-NG esp-14.2.0_20260121) 
COLLECT_GCC_OPTIONS='-mdynconfig=xtensa_esp32.so' '-Wno-frame-address' '-mlongcalls' '-fno-builtin-memcpy' '-fno-builtin-memset' '-fno-builtin-bzero' '-v' '-o' 'CMakeFiles/cmTC_5a618.dir/CMakeCCompilerABI.c.obj' '-c' '-dumpdir' 'CMakeFiles/cmTC_5a618.dir/'
 /home/vietnq/.espressif/tools/xtensa-esp-elf/esp-14.2.0_20260121/xtensa-esp-elf/bin/../libexec/gcc/xtensa-esp-elf/14.2.0/cc1 -quiet -v -imultilib esp32 -iprefix /home/vietnq/.espressif/tools/xtensa-esp-elf/esp-14.2.0_20260121/xtensa-esp-elf/bin/../lib/gcc/xtensa-esp-elf/14.2.0/ -isysroot /home/vietnq/.espressif/tools/xtensa-esp-elf/esp-14.2.0_20260121/xtensa-esp-elf/bin/../xtensa-esp-elf /usr/share/cmake-3.22/Modules/CMakeCCompilerABI.c -quiet -dumpdir CMakeFiles/cmTC_5a618.dir/ -dumpbase CMakeCCompilerABI.c.c -dumpbase-ext .c -mdynconfig=xtensa_esp32.so -mlongcalls -Wno-frame-address -version -fno-builtin-memcpy -fno-builtin-memset -fno-builtin-bzero -o /tmp/ccx1LXyE.s
GNU C17 (crosstool-NG esp-14.2.0_20260121) version 14.2.0 (xtensa-esp-elf)
	compiled by GNU C version 6.3.0, GMP version 6.3.0, MPFR version 4.2.1, MPC version 1.3.1, isl version isl-0.26-GMP

GGC heuristics: --param ggc-min-expand=100 --param ggc-min-heapsize=131072
ignoring duplicate directory "/home/vietnq/.espressif/tools/xtensa-esp-elf/esp-14.2.0_20260121/xtensa-esp-elf/bin/../lib/gcc/../../lib/gcc/xtensa-esp-elf/14.2.0/include"
ignoring nonexistent directory "/home/vietnq/.espressif/tools/xtensa-esp-elf/esp-14.2.0_20260121/xtensa-esp-elf/bin/../xtensa-esp-elf/builds/idf/crosstool-NG/builds/xtensa-esp-elf/xtensa-esp-elf/include"
ignoring duplicate directory "/home/vietnq/.espressif/tools/xtensa-esp-elf/esp-14.2.0_20260121/xtensa-esp-elf/bin/../lib/gcc/../../lib/gcc/xtensa-esp-elf/14.2.0/include-fixed"
ignoring duplicate directory "/home/vietnq/.espressif/tools/xtensa-esp-elf/esp-14.2.0_20260121/xtensa-esp-elf/bin/../lib/gcc/../../lib/gcc/xtensa-esp-elf/14.2.0/../../../../xtensa-esp-elf/include"
ignoring duplicate directory "/home/vietnq/.espressif/tools/xtensa-esp-elf/esp-14.2.0_20260121/xtensa-esp-elf/bin/../xtensa-esp-elf/include"
#include "..." search starts here:
#include <...> search starts here:
 /home/vietnq/.espressif/tools/xtensa-esp-elf/esp-14.2.0_20260121/xtensa-esp-elf/bin/../lib/gcc/xtensa-esp-elf/14.2.0/include
 /home/vietnq/.espressif/tools/xtensa-esp-elf/esp-14.2.0_20260121/xtensa-esp-elf/bin/../lib/gcc/xtensa-esp-elf/14.2.0/include-fixed
 /home/vietnq/.espressif/tools/xtensa-esp-elf/esp-14.2.0_20260121/xtensa-esp-elf/bin/../lib/gcc/xtensa-esp-elf/14.2.0/../../../../xtensa-esp-elf/include
End of search list.
Compiler executable checksum: 709abf7e99d4c633116df3b91860509f
COLLECT_GCC_OPTIONS='-mdynconfig=xtensa_esp32.so' '-Wno-frame-address' '-mlongcalls' '-fno-builtin-memcpy' '-fno-builtin-memset' '-fno-builtin-bzero' '-v' '-o' 'CMakeFiles/cmTC_5a618.dir/CMakeCCompilerABI.c.obj' '-c' '-dumpdir' 'CMakeFiles/cmTC_5a618.dir/'
 /home/vietnq/.espressif/tools/xtensa-esp-elf/esp-14.2.0_20260121/xtensa-esp-elf/bin/../lib/gcc/xtensa-esp-elf/14.2.0/../../../../xtensa-esp-elf/bin/as --traditional-format --longcalls --dynconfig=xtensa_esp32.so -o CMakeFiles/cmTC_5a618.dir/CMakeCCompilerABI.c.obj /tmp/ccx1LXyE.s
COMPILER_PATH=/home/vietnq/.espressif/tools/xtensa-esp-elf/esp-14.2.0_20260121/xtensa-esp-elf/bin/../libexec/gcc/xtensa-esp-elf/14.2.0/:/home/vietnq/.espressif/tools/xtensa-esp-elf/esp-14.2.0_20260121/xtensa-esp-elf/bin/../libexec/gcc/:/home/vietnq/.espressif/tools/xtensa-esp-elf/esp-14.2.0_20260121/xtensa-esp-elf/bin/../lib/gcc/xtensa-esp-elf/14.2.0/../../../../xtensa-esp-elf/bin/
LIBRARY_PATH=/home/vietnq/.espressif/tools/xtensa-esp-elf/esp-14.2.0_20260121/xtensa-esp-elf/bin/../lib/gcc/xtensa-esp-elf/14.2.0/esp32/:/home/vietnq/.espressif/tools/xtensa-esp-elf/esp-14.2.0_20260121/xtensa-esp-elf/bin/../lib/gcc/xtensa-esp-elf/14.2.0/../../../../xtensa-esp-elf/lib/esp32/:/home/vietnq/.espressif/tools/xtensa-esp-elf/esp-14.2.0_20260121/xtensa-esp-elf/bin/../xtensa-esp-elf/lib/esp32/:/home/vietnq/.espressif/tools/xtensa-esp-elf/esp-14.2.0_20260121/xtensa-esp-elf/bin/../lib/gcc/xtensa-esp-elf/14.2.0/:/home/vietnq/.espressif/tools/xtensa-esp-elf/esp-14.2.0_20260121/xtensa-esp-elf/bin/../lib/gcc/:/home/vietnq/.espressif/tools/xtensa-esp-elf/esp-14.2.0_20260121/xtensa-esp-elf/bin/../lib/gcc/xtensa-esp-elf/14.2.0/../../../../xtensa-esp-elf/lib/:/home/vietnq/.espressif/tools/xtensa-esp-elf/esp-14.2.0_20260121/xtensa-esp-elf/bin/../xtensa-esp-elf/lib/:/home/vietnq/.espressif/tools/xtensa-esp-elf/esp-14.2.0_20260121/xtensa-esp-elf/bin/../xtensa-esp-elf/usr/lib/
COLLECT_GCC_OPTIONS='-mdynconfig=xtensa_esp32.so' '-Wno-frame-address' '-mlongcalls' '-fno-builtin-memcpy' '-fno-builtin-memset' '-fno-builtin-bzero' '-v' '-o' 'CMakeFiles/cmTC_5a618.dir/CMakeCCompilerABI.c.obj' '-c' '-dumpdir' 'CMakeFiles/cmTC_5a618.dir/CMakeCCompilerABI.c.'
[2/2] Linking C executable cmTC_5a618
Using built-in specs.
COLLECT_GCC=/home/vietnq/.espressif/tools/xtensa-esp-elf/esp-14.2.0_20260121/xtensa-esp-elf/bin/xtensa-esp-elf-gcc
COLLECT_LTO_WRAPPER=/home/vietnq/.espressif/tools/xtensa-esp-elf/esp-14.2.0_20260121/xtensa-esp-elf/bin/../libexec/gcc/xtensa-esp-elf/14.2.0/lto-wrapper
Target: xtensa-esp-elf
Configured with: /builds/idf/crosstool-NG/.build/xtensa-esp-elf/src/gcc/configure --build=x86_64-build_pc-linux-gnu --host=x86_64-build_pc-linux-gnu --target=xtensa-esp-elf --prefix=/builds/idf/crosstool-NG/builds/xtensa-esp-elf --exec_prefix=/builds/idf/crosstool-NG/builds/xtensa-esp-elf --with-local-prefix=/builds/idf/crosstool-NG/builds/xtensa-esp-elf/xtensa-esp-elf --with-sysroot=/builds/idf/crosstool-NG/builds/xtensa-esp-elf/xtensa-esp-elf --with-native-system-header-dir=/include --with-headers=/builds/idf/crosstool-NG/builds/xtensa-esp-elf/xtensa-esp-elf/include --with-newlib --enable-threads=no --disable-shared --with-pkgversion='crosstool-NG esp-14.2.0_20260121' --disable-__cxa_atexit --enable-cxx-flags='-ffunction-sections -fdata-sections' --disable-libgomp --disable-libmudflap --disable-libmpx --disable-libssp --disable-libquadmath --disable-libquadmath-support --disable-libstdcxx-verbose --with-gmp=/builds/idf/crosstool-NG/.build/xtensa-esp-elf/buildtools --with-mpfr=/builds/idf/crosstool-NG/.build/xtensa-esp-elf/buildtools --with-mpc=/builds/idf/crosstool-NG/.build/xtensa-esp-elf/buildtools --with-isl=/builds/idf/crosstool-NG/.build/xtensa-esp-elf/buildtools --enable-lto --enable-target-optspace --without-long-double-128 --enable-plugin --disable-nls --enable-multiarch --enable-languages=c,c++ --disable-libstdcxx-verbose --enable-threads=posix --enable-libstdcxx-time=yes --disable-win32-utf8-manifest
Thread model: posix
Supported LTO compression algorithms: zlib zstd
gcc version 14.2.0 (crosstool-NG esp-14.2.0_20260121) 
COMPILER_PATH=/home/vietnq/.espressif/tools/xtensa-esp-elf/esp-14.2.0_20260121/xtensa-esp-elf/bin/../libexec/gcc/xtensa-esp-elf/14.2.0/:/home/vietnq/.espressif/tools/xtensa-esp-elf/esp-14.2.0_20260121/xtensa-esp-elf/bin/../libexec/gcc/:/home/vietnq/.espressif/tools/xtensa-esp-elf/esp-14.2.0_20260121/xtensa-esp-elf/bin/../lib/gcc/xtensa-esp-elf/14.2.0/../../../../xtensa-esp-elf/bin/
LIBRARY_PATH=/home/vietnq/.espressif/tools/xtensa-esp-elf/esp-14.2.0_20260121/xtensa-esp-elf/bin/../lib/gcc/xtensa-esp-elf/14.2.0/esp32/no-rtti/:/home/vietnq/.espressif/tools/xtensa-esp-elf/esp-14.2.0_20260121/xtensa-esp-elf/bin/../lib/gcc/xtensa-esp-elf/14.2.0/../../../../xtensa-esp-elf/lib/esp32/no-rtti/:/home/vietnq/.espressif/tools/xtensa-esp-elf/esp-14.2.0_20260121/xtensa-esp-elf/bin/../xtensa-esp-elf/lib/esp32/no-rtti/:/home/vietnq/.espressif/tools/xtensa-esp-elf/esp-14.2.0_20260121/xtensa-esp-elf/bin/../lib/gcc/xtensa-esp-elf/14.2.0/:/home/vietnq/.espressif/tools/xtensa-esp-elf/esp-14.2.0_20260121/xtensa-esp-elf/bin/../lib/gcc/:/home/vietnq/.espressif/tools/xtensa-esp-elf/esp-14.2.0_20260121/xtensa-esp-elf/bin/../lib/gcc/xtensa-esp-elf/14.2.0/../../../../xtensa-esp-elf/lib/:/home/vietnq/.espressif/tools/xtensa-esp-elf/esp-14.2.0_20260121/xtensa-esp-elf/bin/../xtensa-esp-elf/lib/:/home/vietnq/.espressif/tools/xtensa-esp-elf/esp-14.2.0_20260121/xtensa-esp-elf/bin/../xtensa-esp-elf/usr/lib/
COLLECT_GCC_OPTIONS='-mdynconfig=xtensa_esp32.so' '-Wno-frame-address' '-mlongcalls' '-fno-builtin-memcpy' '-fno-builtin-memset' '-fno-builtin-bzero' '-nostartfiles' '-fno-rtti' '-v' '-o' 'cmTC_5a618' '-dumpdir' 'cmTC_5a618.'
 /home/vietnq/.espressif/tools/xtensa-esp-elf/esp-14.2.0_20260121/xtensa-esp-elf/bin/../libexec/gcc/xtensa-esp-elf/14.2.0/collect2 -plugin /home/vietnq/.espressif/tools/xtensa-esp-elf/esp-14.2.0_20260121/xtensa-esp-elf/bin/../libexec/gcc/xtensa-esp-elf/14.2.0/liblto_plugin.so -plugin-opt=/home/vietnq/.espressif/tools/xtensa-esp-elf/esp-14.2.0_20260121/xtensa-esp-elf/bin/../libexec/gcc/xtensa-esp-elf/14.2.0/lto-wrapper -plugin-opt=-fresolution=/tmp/cc5C5Ct2.res -plugin-opt=-pass-through=-lgcc -plugin-opt=-pass-through=-lc -plugin-opt=-pass-through=-lnosys -plugin-opt=-pass-through=-lc -plugin-opt=-pass-through=-lgcc --sysroot=/home/vietnq/.espressif/tools/xtensa-esp-elf/esp-14.2.0_20260121/xtensa-esp-elf/bin/../xtensa-esp-elf --dynconfig=xtensa_esp32.so -o cmTC_5a618 -L/home/vietnq/.espressif/tools/xtensa-esp-elf/esp-14.2.0_20260121/xtensa-esp-elf/bin/../lib/gcc/xtensa-esp-elf/14.2.0/esp32/no-rtti -L/home/vietnq/.espressif/tools/xtensa-esp-elf/esp-14.2.0_20260121/xtensa-esp-elf/bin/../lib/gcc/xtensa-esp-elf/14.2.0/../../../../xtensa-esp-elf/lib/esp32/no-rtti -L/home/vietnq/.espressif/tools/xtensa-esp-elf/esp-14.2.0_20260121/xtensa-esp-elf/bin/../xtensa-esp-elf/lib/esp32/no-rtti -L/home/vietnq/.espressif/tools/xtensa-esp-elf/esp-14.2.0_20260121/xtensa-esp-elf/bin/../lib/gcc/xtensa-esp-elf/14.2.0 -L/home/vietnq/.espressif/tools/xtensa-esp-elf/esp-14.2.0_20260121/xtensa-esp-elf/bin/../lib/gcc -L/home/vietnq/.espressif/tools/xtensa-esp-elf/esp-14.2.0_20260121/xtensa-esp-elf/bin/../lib/gcc/xtensa-esp-elf/14.2.0/../../../../xtensa-esp-elf/lib -L/home/vietnq/.espressif/tools/xtensa-esp-elf/esp-14.2.0_20260121/xtensa-esp-elf/bin/../xtensa-esp-elf/lib -L/home/vietnq/.espressif/tools/xtensa-esp-elf/esp-14.2.0_20260121/xtensa-esp-elf/bin/../xtensa-esp-elf/usr/lib @/tmp/cc8ALrmR -lgcc -lc -lnosys -lc -lgcc
/home/vietnq/.espressif/tools/xtensa-esp-elf/esp-14.2.0_20260121/xtensa-esp-elf/bin/../lib/gcc/xtensa-esp-elf/14.2.0/../../../../xtensa-esp-elf/bin/ld: warning: cannot find entry symbol _start; defaulting to 00400054
COLLECT_GCC_OPTIONS='-mdynconfig=xtensa_esp32.so' '-Wno-frame-address' '-mlongcalls' '-fno-builtin-memcpy' '-fno-builtin-memset' '-fno-builtin-bzero' '-nostartfiles' '-fno-rtti' '-v' '-o' 'cmTC_5a618' '-dumpdir' 'cmTC_5a618.'



Parsed C implicit include dir info from above output: rv=done
  found start of include info
  found start of implicit include info
    add: [/home/vietnq/.espressif/tools/xtensa-esp-elf/esp-14.2.0_20260121/xtensa-esp-elf/bin/../lib/gcc/xtensa-esp-elf/14.2.0/include]
    add: [/home/vietnq/.espressif/tools/xtensa-esp-elf/esp-14.2.0_20260121/xtensa-esp-elf/bin/../lib/gcc/xtensa-esp-elf/14.2.0/include-fixed]
    add: [/home/vietnq/.espressif/tools/xtensa-esp-elf/esp-14.2.0_20260121/xtensa-esp-elf/bin/../lib/gcc/xtensa-esp-elf/14.2.0/../../../../xtensa-esp-elf/include]
  end of search list found
  collapse include dir [/home/vietnq/.espressif/tools/xtensa-esp-elf/esp-14.2.0_20260121/xtensa-esp-elf/bin/../lib/gcc/xtensa-esp-elf/14.2.0/include] ==> [/home/vietnq/.espressif/tools/xtensa-esp-elf/esp-14.2.0_20260121/xtensa-esp-elf/lib/gcc/xtensa-esp-elf/14.2.0/include]
  collapse include dir [/home/vietnq/.espressif/tools/xtensa-esp-elf/esp-14.2.0_20260121/xtensa-esp-elf/bin/../lib/gcc/xtensa-esp-elf/14.2.0/include-fixed] ==> [/home/vietnq/.espressif/tools/xtensa-esp-elf/esp-14.2.0_20260121/xtensa-esp-elf/lib/gcc/xtensa-esp-elf/14.2.0/include-fixed]
  collapse include dir [/home/vietnq/.espressif/tools/xtensa-esp-elf/esp-14.2.0_20260121/xtensa-esp-elf/bin/../lib/gcc/xtensa-esp-elf/14.2.0/../../../../xtensa-esp-elf/include] ==> [/home/vietnq/.espressif/tools/xtensa-esp-elf/esp-14.2.0_20260121/xtensa-esp-elf/xtensa-esp-elf/include]
  implicit include dirs: [/home/vietnq/.espressif/tools/xtensa-esp-elf/esp-14.2.0_20260121/xtensa-esp-elf/lib/gcc/xtensa-esp-elf/14.2.0/include;/home/vietnq/.espressif/tools/xtensa-esp-elf/esp-14.2.0_20260121/xtensa-esp-elf/lib/gcc/xtensa-esp-elf/14.2.0/include-fixed;/home/vietnq/.espressif/tools/xtensa-esp-elf/esp-14.2.0_20260121/xtensa-esp-elf/xtensa-esp-elf/include]


Parsed C implicit link information from above output:
  link line regex: [^( *|.*[/\])(xtensa-esp32-elf-ld|CMAKE_LINK_STARTFILE-NOTFOUND|([^/\]+-)?ld|collect2)[^/\]*( |$)]
  ignore line: [Change Dir: /home/vietnq/esp/ota/build/bootloader/CMakeFiles/CMakeTmp]
  ignore line: []
  ignore line: [Run Build Command(s):/usr/bin/ninja cmTC_5a618 && [1/2] Building C object CMakeFiles/cmTC_5a618.dir/CMakeCCompilerABI.c.obj]
  ignore line: [Using built-in specs.]
  ignore line: [COLLECT_GCC=/home/vietnq/.espressif/tools/xtensa-esp-elf/esp-14.2.0_20260121/xtensa-esp-elf/bin/xtensa-esp-elf-gcc]
  ignore line: [Target: xtensa-esp-elf]
  ignore line: [Configured with: /builds/idf/crosstool-NG/.build/xtensa-esp-elf/src/gcc/configure --build=x86_64-build_pc-linux-gnu --host=x86_64-build_pc-linux-gnu --target=xtensa-esp-elf --prefix=/builds/idf/crosstool-NG/builds/xtensa-esp-elf --exec_prefix=/builds/idf/crosstool-NG/builds/xtensa-esp-elf --with-local-prefix=/builds/idf/crosstool-NG/builds/xtensa-esp-elf/xtensa-esp-elf --with-sysroot=/builds/idf/crosstool-NG/builds/xtensa-esp-elf/xtensa-esp-elf --with-native-system-header-dir=/include --with-headers=/builds/idf/crosstool-NG/builds/xtensa-esp-elf/xtensa-esp-elf/include --with-newlib --enable-threads=no --disable-shared --with-pkgversion='crosstool-NG esp-14.2.0_20260121' --disable-__cxa_atexit --enable-cxx-flags='-ffunction-sections -fdata-sections' --disable-libgomp --disable-libmudflap --disable-libmpx --disable-libssp --disable-libquadmath --disable-libquadmath-support --disable-libstdcxx-verbose --with-gmp=/builds/idf/crosstool-NG/.build/xtensa-esp-elf/buildtools --with-mpfr=/builds/idf/crosstool-NG/.build/xtensa-esp-elf/buildtools --with-mpc=/builds/idf/crosstool-NG/.build/xtensa-esp-elf/buildtools --with-isl=/builds/idf/crosstool-NG/.build/xtensa-esp-elf/buildtools --enable-lto --enable-target-optspace --without-long-double-128 --enable-plugin --disable-nls --enable-multiarch --enable-languages=c c++ --disable-libstdcxx-verbose --enable-threads=posix --enable-libstdcxx-time=yes --disable-win32-utf8-manifest]
  ignore line: [Thread model: posix]
  ignore line: [Supported LTO compression algorithms: zlib zstd]
  ignore line: [gcc version 14.2.0 (crosstool-NG esp-14.2.0_20260121) ]
  ignore line: [COLLECT_GCC_OPTIONS='-mdynconfig=xtensa_esp32.so' '-Wno-frame-address' '-mlongcalls' '-fno-builtin-memcpy' '-fno-builtin-memset' '-fno-builtin-bzero' '-v' '-o' 'CMakeFiles/cmTC_5a618.dir/CMakeCCompilerABI.c.obj' '-c' '-dumpdir' 'CMakeFiles/cmTC_5a618.dir/']
  ignore line: [ /home/vietnq/.espressif/tools/xtensa-esp-elf/esp-14.2.0_20260121/xtensa-esp-elf/bin/../libexec/gcc/xtensa-esp-elf/14.2.0/cc1 -quiet -v -imultilib esp32 -iprefix /home/vietnq/.espressif/tools/xtensa-esp-elf/esp-14.2.0_20260121/xtensa-esp-elf/bin/../lib/gcc/xtensa-esp-elf/14.2.0/ -isysroot /home/vietnq/.espressif/tools/xtensa-esp-elf/esp-14.2.0_20260121/xtensa-esp-elf/bin/../xtensa-esp-elf /usr/share/cmake-3.22/Modules/CMakeCCompilerABI.c -quiet -dumpdir CMakeFiles/cmTC_5a618.dir/ -dumpbase CMakeCCompilerABI.c.c -dumpbase-ext .c -mdynconfig=xtensa_esp32.so -mlongcalls -Wno-frame-address -version -fno-builtin-memcpy -fno-builtin-memset -fno-builtin-bzero -o /tmp/ccx1LXyE.s]
  ignore line: [GNU C17 (crosstool-NG esp-14.2.0_20260121) version 14.2.0 (xtensa-esp-elf)]
  ignore line: [	compiled by GNU C version 6.3.0  GMP version 6.3.0  MPFR version 4.2.1  MPC version 1.3.1  isl version isl-0.26-GMP]
  ignore line: []
  ignore line: [GGC heuristics: --param ggc-min-expand=100 --param ggc-min-heapsize=131072]
  ignore line: [ignoring duplicate directory "/home/vietnq/.espressif/tools/xtensa-esp-elf/esp-14.2.0_20260121/xtensa-esp-elf/bin/../lib/gcc/../../lib/gcc/xtensa-esp-elf/14.2.0/include"]
  ignore line: [ignoring nonexistent directory "/home/vietnq/.espressif/tools/xtensa-esp-elf/esp-14.2.0_20260121/xtensa-esp-elf/bin/../xtensa-esp-elf/builds/idf/crosstool-NG/builds/xtensa-esp-elf/xtensa-esp-elf/include"]
  ignore line: [ignoring duplicate directory "/home/vietnq/.espressif/tools/xtensa-esp-elf/esp-14.2.0_20260121/xtensa-esp-elf/bin/../lib/gcc/../../lib/gcc/xtensa-esp-elf/14.2.0/include-fixed"]
  ignore line: [ignoring duplicate directory "/home/vietnq/.espressif/tools/xtensa-esp-elf/esp-14.2.0_20260121/xtensa-esp-elf/bin/../lib/gcc/../../lib/gcc/xtensa-esp-elf/14.2.0/../../../../xtensa-esp-elf/include"]
  ignore line: [ignoring duplicate directory "/home/vietnq/.espressif/tools/xtensa-esp-elf/esp-14.2.0_20260121/xtensa-esp-elf/bin/../xtensa-esp-elf/include"]
  ignore line: [#include "..." search starts here:]
  ignore line: [#include <...> search starts here:]
  ignore line: [ /home/vietnq/.espressif/tools/xtensa-esp-elf/esp-14.2.0_20260121/xtensa-esp-elf/bin/../lib/gcc/xtensa-esp-elf/14.2.0/include]
  ignore line: [ /home/vietnq/.espressif/tools/xtensa-esp-elf/esp-14.2.0_20260121/xtensa-esp-elf/bin/../lib/gcc/xtensa-esp-elf/14.2.0/include-fixed]
  ignore line: [ /home/vietnq/.espressif/tools/xtensa-esp-elf/esp-14.2.0_20260121/xtensa-esp-elf/bin/../lib/gcc/xtensa-esp-elf/14.2.0/../../../../xtensa-esp-elf/include]
  ignore line: [End of search list.]
  ignore line: [Compiler executable checksum: 709abf7e99d4c633116df3b91860509f]
  ignore line: [COLLECT_GCC_OPTIONS='-mdynconfig=xtensa_esp32.so' '-Wno-frame-address' '-mlongcalls' '-fno-builtin-memcpy' '-fno-builtin-memset' '-fno-builtin-bzero' '-v' '-o' 'CMakeFiles/cmTC_5a618.dir/CMakeCCompilerABI.c.obj' '-c' '-dumpdir' 'CMakeFiles/cmTC_5a618.dir/']
  ignore line: [ /home/vietnq/.espressif/tools/xtensa-esp-elf/esp-14.2.0_20260121/xtensa-esp-elf/bin/../lib/gcc/xtensa-esp-elf/14.2.0/../../../../xtensa-esp-elf/bin/as --traditional-format --longcalls --dynconfig=xtensa_esp32.so -o CMakeFiles/cmTC_5a618.dir/CMakeCCompilerABI.c.obj /tmp/ccx1LXyE.s]
  ignore line: [COMPILER_PATH=/home/vietnq/.espressif/tools/xtensa-esp-elf/esp-14.2.0_20260121/xtensa-esp-elf/bin/../libexec/gcc/xtensa-esp-elf/14.2.0/:/home/vietnq/.espressif/tools/xtensa-esp-elf/esp-14.2.0_20260121/xtensa-esp-elf/bin/../libexec/gcc/:/home/vietnq/.espressif/tools/xtensa-esp-elf/esp-14.2.0_20260121/xtensa-esp-elf/bin/../lib/gcc/xtensa-esp-elf/14.2.0/../../../../xtensa-esp-elf/bin/]
  ignore line: [LIBRARY_PATH=/home/vietnq/.espressif/tools/xtensa-esp-elf/esp-14.2.0_20260121/xtensa-esp-elf/bin/../lib/gcc/xtensa-esp-elf/14.2.0/esp32/:/home/vietnq/.espressif/tools/xtensa-esp-elf/esp-14.2.0_20260121/xtensa-esp-elf/bin/../lib/gcc/xtensa-esp-elf/14.2.0/../../../../xtensa-esp-elf/lib/esp32/:/home/vietnq/.espressif/tools/xtensa-esp-elf/esp-14.2.0_20260121/xtensa-esp-elf/bin/../xtensa-esp-elf/lib/esp32/:/home/vietnq/.espressif/tools/xtensa-esp-elf/esp-14.2.0_20260121/xtensa-esp-elf/bin/../lib/gcc/xtensa-esp-elf/14.2.0/:/home/vietnq/.espressif/tools/xtensa-esp-elf/esp-14.2.0_20260121/xtensa-esp-elf/bin/../lib/gcc/:/home/vietnq/.espressif/tools/xtensa-esp-elf/esp-14.2.0_20260121/xtensa-esp-elf/bin/../lib/gcc/xtensa-esp-elf/14.2.0/../../../../xtensa-esp-elf/lib/:/home/vietnq/.espressif/tools/xtensa-esp-elf/esp-14.2.0_20260121/xtensa-esp-elf/bin/../xtensa-esp-elf/lib/:/home/vietnq/.espressif/tools/xtensa-esp-elf/esp-14.2.0_20260121/xtensa-esp-elf/bin/../xtensa-esp-elf/usr/lib/]
  ignore line: [COLLECT_GCC_OPTIONS='-mdynconfig=xtensa_esp32.so' '-Wno-frame-address' '-mlongcalls' '-fno-builtin-memcpy' '-fno-builtin-memset' '-fno-builtin-bzero' '-v' '-o' 'CMakeFiles/cmTC_5a618.dir/CMakeCCompilerABI.c.obj' '-c' '-dumpdir' 'CMakeFiles/cmTC_5a618.dir/CMakeCCompilerABI.c.']
  ignore line: [[2/2] Linking C executable cmTC_5a618]
  ignore line: [Using built-in specs.]
  ignore line: [COLLECT_GCC=/home/vietnq/.espressif/tools/xtensa-esp-elf/esp-14.2.0_20260121/xtensa-esp-elf/bin/xtensa-esp-elf-gcc]
  ignore line: [COLLECT_LTO_WRAPPER=/home/vietnq/.espressif/tools/xtensa-esp-elf/esp-14.2.0_20260121/xtensa-esp-elf/bin/../libexec/gcc/xtensa-esp-elf/14.2.0/lto-wrapper]
  ignore line: [Target: xtensa-esp-elf]
  ignore line: [Configured with: /builds/idf/crosstool-NG/.build/xtensa-esp-elf/src/gcc/configure --build=x86_64-build_pc-linux-gnu --host=x86_64-build_pc-linux-gnu --target=xtensa-esp-elf --prefix=/builds/idf/crosstool-NG/builds/xtensa-esp-elf --exec_prefix=/builds/idf/crosstool-NG/builds/xtensa-esp-elf --with-local-prefix=/builds/idf/crosstool-NG/builds/xtensa-esp-elf/xtensa-esp-elf --with-sysroot=/builds/idf/crosstool-NG/builds/xtensa-esp-elf/xtensa-esp-elf --with-native-system-header-dir=/include --with-headers=/builds/idf/crosstool-NG/builds/xtensa-esp-elf/xtensa-esp-elf/include --with-newlib --enable-threads=no --disable-shared --with-pkgversion='crosstool-NG esp-14.2.0_20260121' --disable-__cxa_atexit --enable-cxx-flags='-ffunction-sections -fdata-sections' --disable-libgomp --disable-libmudflap --disable-libmpx --disable-libssp --disable-libquadmath --disable-libquadmath-support --disable-libstdcxx-verbose --with-gmp=/builds/idf/crosstool-NG/.build/xtensa-esp-elf/buildtools --with-mpfr=/builds/idf/crosstool-NG/.build/xtensa-esp-elf/buildtools --with-mpc=/builds/idf/crosstool-NG/.build/xtensa-esp-elf/buildtools --with-isl=/builds/idf/crosstool-NG/.build/xtensa-esp-elf/buildtools --enable-lto --enable-target-optspace --without-long-double-128 --enable-plugin --disable-nls --enable-multiarch --enable-languages=c c++ --disable-libstdcxx-verbose --enable-threads=posix --enable-libstdcxx-time=yes --disable-win32-utf8-manifest]
  ignore line: [Thread model: posix]
  ignore line: [Supported LTO compression algorithms: zlib zstd]
  ignore line: [gcc version 14.2.0 (crosstool-NG esp-14.2.0_20260121) ]
  ignore line: [COMPILER_PATH=/home/vietnq/.espressif/tools/xtensa-esp-elf/esp-14.2.0_20260121/xtensa-esp-elf/bin/../libexec/gcc/xtensa-esp-elf/14.2.0/:/home/vietnq/.espressif/tools/xtensa-esp-elf/esp-14.2.0_20260121/xtensa-esp-elf/bin/../libexec/gcc/:/home/vietnq/.espressif/tools/xtensa-esp-elf/esp-14.2.0_20260121/xtensa-esp-elf/bin/../lib/gcc/xtensa-esp-elf/14.2.0/../../../../xtensa-esp-elf/bin/]
  ignore line: [LIBRARY_PATH=/home/vietnq/.espressif/tools/xtensa-esp-elf/esp-14.2.0_20260121/xtensa-esp-elf/bin/../lib/gcc/xtensa-esp-elf/14.2.0/esp32/no-rtti/:/home/vietnq/.espressif/tools/xtensa-esp-elf/esp-14.2.0_20260121/xtensa-esp-elf/bin/../lib/gcc/xtensa-esp-elf/14.2.0/../../../../xtensa-esp-elf/lib/esp32/no-rtti/:/home/vietnq/.espressif/tools/xtensa-esp-elf/esp-14.2.0_20260121/xtensa-esp-elf/bin/../xtensa-esp-elf/lib/esp32/no-rtti/:/home/vietnq/.espressif/tools/xtensa-esp-elf/esp-14.2.0_20260121/xtensa-esp-elf/bin/../lib/gcc/xtensa-esp-elf/14.2.0/:/home/vietnq/.espressif/tools/xtensa-esp-elf/esp-14.2.0_20260121/xtensa-esp-elf/bin/../lib/gcc/:/home/vietnq/.espressif/tools/xtensa-esp-elf/esp-14.2.0_20260121/xtensa-esp-elf/bin/../lib/gcc/xtensa-esp-elf/14.2.0/../../../../xtensa-esp-elf/lib/:/home/vietnq/.espressif/tools/xtensa-esp-elf/esp-14.2.0_20260121/xtensa-esp-elf/bin/../xtensa-esp-elf/lib/:/home/vietnq/.espressif/tools/xtensa-esp-elf/esp-14.2.0_20260121/xtensa-esp-elf/bin/../xtensa-esp-elf/usr/lib/]
  ignore line: [COLLECT_GCC_OPTIONS='-mdynconfig=xtensa_esp32.so' '-Wno-frame-address' '-mlongcalls' '-fno-builtin-memcpy' '-fno-builtin-memset' '-fno-builtin-bzero' '-nostartfiles' '-fno-rtti' '-v' '-o' 'cmTC_5a618' '-dumpdir' 'cmTC_5a618.']
  link line: [ /home/vietnq/.espressif/tools/xtensa-esp-elf/esp-14.2.0_20260121/xtensa-esp-elf/bin/../libexec/gcc/xtensa-esp-elf/14.2.0/collect2 -plugin /home/vietnq/.espressif/tools/xtensa-esp-elf/esp-14.2.0_20260121/xtensa-esp-elf/bin/../libexec/gcc/xtensa-esp-elf/14.2.0/liblto_plugin.so -plugin-opt=/home/vietnq/.espressif/tools/xtensa-esp-elf/esp-14.2.0_20260121/xtensa-esp-elf/bin/../libexec/gcc/xtensa-esp-elf/14.2.0/lto-wrapper -plugin-opt=-fresolution=/tmp/cc5C5Ct2.res -plugin-opt=-pass-through=-lgcc -plugin-opt=-pass-through=-lc -plugin-opt=-pass-through=-lnosys -plugin-opt=-pass-through=-lc -plugin-opt=-pass-through=-lgcc --sysroot=/home/vietnq/.espressif/tools/xtensa-esp-elf/esp-14.2.0_20260121/xtensa-esp-elf/bin/../xtensa-esp-elf --dynconfig=xtensa_esp32.so -o cmTC_5a618 -L/home/vietnq/.espressif/tools/xtensa-esp-elf/esp-14.2.0_20260121/xtensa-esp-elf/bin/../lib/gcc/xtensa-esp-elf/14.2.0/esp32/no-rtti -L/home/vietnq/.espressif/tools/xtensa-esp-elf/esp-14.2.0_20260121/xtensa-esp-elf/bin/../lib/gcc/xtensa-esp-elf/14.2.0/../../../../xtensa-esp-elf/lib/esp32/no-rtti -L/home/vietnq/.espressif/tools/xtensa-esp-elf/esp-14.2.0_20260121/xtensa-esp-elf/bin/../xtensa-esp-elf/lib/esp32/no-rtti -L/home/vietnq/.espressif/tools/xtensa-esp-elf/esp-14.2.0_20260121/xtensa-esp-elf/bin/../lib/gcc/xtensa-esp-elf/14.2.0 -L/home/vietnq/.espressif/tools/xtensa-esp-elf/esp-14.2.0_20260121/xtensa-esp-elf/bin/../lib/gcc -L/home/vietnq/.espressif/tools/xtensa-esp-elf/esp-14.2.0_20260121/xtensa-esp-elf/bin/../lib/gcc/xtensa-esp-elf/14.2.0/../../../../xtensa-esp-elf/lib -L/home/vietnq/.espressif/tools/xtensa-esp-elf/esp-14.2.0_20260121/xtensa-esp-elf/bin/../xtensa-esp-elf/lib -L/home/vietnq/.espressif/tools/xtensa-esp-elf/esp-14.2.0_20260121/xtensa-esp-elf/bin/../xtensa-esp-elf/usr/lib @/tmp/cc8ALrmR -lgcc -lc -lnosys -lc -lgcc]
    arg [/home/vietnq/.espressif/tools/xtensa-esp-elf/esp-14.2.0_20260121/xtensa-esp-elf/bin/../libexec/gcc/xtensa-esp-elf/14.2.0/collect2] ==> ignore
    arg [-plugin] ==> ignore
    arg [/home/vietnq/.espressif/tools/xtensa-esp-elf/esp-14.2.0_20260121/xtensa-esp-elf/bin/../libexec/gcc/xtensa-esp-elf/14.2.0/liblto_plugin.so] ==> ignore
    arg [-plugin-opt=/home/vietnq/.espressif/tools/xtensa-esp-elf/esp-14.2.0_20260121/xtensa-esp-elf/bin/../libexec/gcc/xtensa-esp-elf/14.2.0/lto-wrapper] ==> ignore
    arg [-plugin-opt=-fresolution=/tmp/cc5C5Ct2.res] ==> ignore
    arg [-plugin-opt=-pass-through=-lgcc] ==> ignore
    arg [-plugin-opt=-pass-through=-lc] ==> ignore
    arg [-plugin-opt=-pass-through=-lnosys] ==> ignore
    arg [-plugin-opt=-pass-through=-lc] ==> ignore
    arg [-plugin-opt=-pass-through=-lgcc] ==> ignore
    arg [--sysroot=/home/vietnq/.espressif/tools/xtensa-esp-elf/esp-14.2.0_20260121/xtensa-esp-elf/bin/../xtensa-esp-elf] ==> ignore
    arg [--dynconfig=xtensa_esp32.so] ==> ignore
    arg [-o] ==> ignore
    arg [cmTC_5a618] ==> ignore
    arg [-L/home/vietnq/.espressif/tools/xtensa-esp-elf/esp-14.2.0_20260121/xtensa-esp-elf/bin/../lib/gcc/xtensa-esp-elf/14.2.0/esp32/no-rtti] ==> dir [/home/vietnq/.espressif/tools/xtensa-esp-elf/esp-14.2.0_20260121/xtensa-esp-elf/bin/../lib/gcc/xtensa-esp-elf/14.2.0/esp32/no-rtti]
    arg [-L/home/vietnq/.espressif/tools/xtensa-esp-elf/esp-14.2.0_20260121/xtensa-esp-elf/bin/../lib/gcc/xtensa-esp-elf/14.2.0/../../../../xtensa-esp-elf/lib/esp32/no-rtti] ==> dir [/home/vietnq/.espressif/tools/xtensa-esp-elf/esp-14.2.0_20260121/xtensa-esp-elf/bin/../lib/gcc/xtensa-esp-elf/14.2.0/../../../../xtensa-esp-elf/lib/esp32/no-rtti]
    arg [-L/home/vietnq/.espressif/tools/xtensa-esp-elf/esp-14.2.0_20260121/xtensa-esp-elf/bin/../xtensa-esp-elf/lib/esp32/no-rtti] ==> dir [/home/vietnq/.espressif/tools/xtensa-esp-elf/esp-14.2.0_20260121/xtensa-esp-elf/bin/../xtensa-esp-elf/lib/esp32/no-rtti]
    arg [-L/home/vietnq/.espressif/tools/xtensa-esp-elf/esp-14.2.0_20260121/xtensa-esp-elf/bin/../lib/gcc/xtensa-esp-elf/14.2.0] ==> dir [/home/vietnq/.espressif/tools/xtensa-esp-elf/esp-14.2.0_20260121/xtensa-esp-elf/bin/../lib/gcc/xtensa-esp-elf/14.2.0]
    arg [-L/home/vietnq/.espressif/tools/xtensa-esp-elf/esp-14.2.0_20260121/xtensa-esp-elf/bin/../lib/gcc] ==> dir [/home/vietnq/.espressif/tools/xtensa-esp-elf/esp-14.2.0_20260121/xtensa-esp-elf/bin/../lib/gcc]
    arg [-L/home/vietnq/.espressif/tools/xtensa-esp-elf/esp-14.2.0_20260121/xtensa-esp-elf/bin/../lib/gcc/xtensa-esp-elf/14.2.0/../../../../xtensa-esp-elf/lib] ==> dir [/home/vietnq/.espressif/tools/xtensa-esp-elf/esp-14.2.0_20260121/xtensa-esp-elf/bin/../lib/gcc/xtensa-esp-elf/14.2.0/../../../../xtensa-esp-elf/lib]
    arg [-L/home/vietnq/.espressif/tools/xtensa-esp-elf/esp-14.2.0_20260121/xtensa-esp-elf/bin/../xtensa-esp-elf/lib] ==> dir [/home/vietnq/.espressif/tools/xtensa-esp-elf/esp-14.2.0_20260121/xtensa-esp-elf/bin/../xtensa-esp-elf/lib]
    arg [-L/home/vietnq/.espressif/tools/xtensa-esp-elf/esp-14.2.0_20260121/xtensa-esp-elf/bin/../xtensa-esp-elf/usr/lib] ==> dir [/home/vietnq/.espressif/tools/xtensa-esp-elf/esp-14.2.0_20260121/xtensa-esp-elf/bin/../xtensa-esp-elf/usr/lib]
    arg [@/tmp/cc8ALrmR] ==> ignore
    arg [-lgcc] ==> lib [gcc]
    arg [-lc] ==> lib [c]
    arg [-lnosys] ==> lib [nosys]
    arg [-lc] ==> lib [c]
    arg [-lgcc] ==> lib [gcc]
  collapse library dir [/home/vietnq/.espressif/tools/xtensa-esp-elf/esp-14.2.0_20260121/xtensa-esp-elf/bin/../lib/gcc/xtensa-esp-elf/14.2.0/esp32/no-rtti] ==> [/home/vietnq/.espressif/tools/xtensa-esp-elf/esp-14.2.0_20260121/xtensa-esp-elf/lib/gcc/xtensa-esp-elf/14.2.0/esp32/no-rtti]
  collapse library dir [/home/vietnq/.espressif/tools/xtensa-esp-elf/esp-14.2.0_20260121/xtensa-esp-elf/bin/../lib/gcc/xtensa-esp-elf/14.2.0/../../../../xtensa-esp-elf/lib/esp32/no-rtti] ==> [/home/vietnq/.espressif/tools/xtensa-esp-elf/esp-14.2.0_20260121/xtensa-esp-elf/xtensa-esp-elf/lib/esp32/no-rtti]
  collapse library dir [/home/vietnq/.espressif/tools/xtensa-esp-elf/esp-14.2.0_20260121/xtensa-esp-elf/bin/../xtensa-esp-elf/lib/esp32/no-rtti] ==> [/home/vietnq/.espressif/tools/xtensa-esp-elf/esp-14.2.0_20260121/xtensa-esp-elf/xtensa-esp-elf/lib/esp32/no-rtti]
  collapse library dir [/home/vietnq/.espressif/tools/xtensa-esp-elf/esp-14.2.0_20260121/xtensa-esp-elf/bin/../lib/gcc/xtensa-esp-elf/14.2.0] ==> [/home/vietnq/.espressif/tools/xtensa-esp-elf/esp-14.2.0_20260121/xtensa-esp-elf/lib/gcc/xtensa-esp-elf/14.2.0]
  collapse library dir [/home/vietnq/.espressif/tools/xtensa-esp-elf/esp-14.2.0_20260121/xtensa-esp-elf/bin/../lib/gcc] ==> [/home/vietnq/.espressif/tools/xtensa-esp-elf/esp-14.2.0_20260121/xtensa-esp-elf/lib/gcc]
  collapse library dir [/home/vietnq/.espressif/tools/xtensa-esp-elf/esp-14.2.0_20260121/xtensa-esp-elf/bin/../lib/gcc/xtensa-esp-elf/14.2.0/../../../../xtensa-esp-elf/lib] ==> [/home/vietnq/.espressif/tools/xtensa-esp-elf/esp-14.2.0_20260121/xtensa-esp-elf/xtensa-esp-elf/lib]
  collapse library dir [/home/vietnq/.espressif/tools/xtensa-esp-elf/esp-14.2.0_20260121/xtensa-esp-elf/bin/../xtensa-esp-elf/lib] ==> [/home/vietnq/.espressif/tools/xtensa-esp-elf/esp-14.2.0_20260121/xtensa-esp-elf/xtensa-esp-elf/lib]
  collapse library dir [/home/vietnq/.espressif/tools/xtensa-esp-elf/esp-14.2.0_20260121/xtensa-esp-elf/bin/../xtensa-esp-elf/usr/lib] ==> [/home/vietnq/.espressif/tools/xtensa-esp-elf/esp-14.2.0_20260121/xtensa-esp-elf/xtensa-esp-elf/usr/lib]
  implicit libs: [gcc;c;nosys;c;gcc]
  implicit objs: []
  implicit dirs: [/home/vietnq/.espressif/tools/xtensa-esp-elf/esp-14.2.0_20260121/xtensa-esp-elf/lib/gcc/xtensa-esp-elf/14.2.0/esp32/no-rtti;/home/vietnq/.espressif/tools/xtensa-esp-elf/esp-14.2.0_20260121/xtensa-esp-elf/xtensa-esp-elf/lib/esp32/no-rtti;/home/vietnq/.espressif/tools/xtensa-esp-elf/esp-14.2.0_20260121/xtensa-esp-elf/lib/gcc/xtensa-esp-elf/14.2.0;/home/vietnq/.espressif/tools/xtensa-esp-elf/esp-14.2.0_20260121/xtensa-esp-elf/lib/gcc;/home/vietnq/.espressif/tools/xtensa-esp-elf/esp-14.2.0_20260121/xtensa-esp-elf/xtensa-esp-elf/lib;/home/vietnq/.espressif/tools/xtensa-esp-elf/esp-14.2.0_20260121/xtensa-esp-elf/xtensa-esp-elf/usr/lib]
  implicit fwks: []


Detecting CXX compiler ABI info compiled with the following output:
Change Dir: /home/vietnq/esp/ota/build/bootloader/CMakeFiles/CMakeTmp

Run Build Command(s):/usr/bin/ninja cmTC_4107f && [1/2] Building CXX object CMakeFiles/cmTC_4107f.dir/CMakeCXXCompilerABI.cpp.obj
Using built-in specs.
COLLECT_GCC=/home/vietnq/.espressif/tools/xtensa-esp-elf/esp-14.2.0_20260121/xtensa-esp-elf/bin/xtensa-esp-elf-g++
Target: xtensa-esp-elf
Configured with: /builds/idf/crosstool-NG/.build/xtensa-esp-elf/src/gcc/configure --build=x86_64-build_pc-linux-gnu --host=x86_64-build_pc-linux-gnu --target=xtensa-esp-elf --prefix=/builds/idf/crosstool-NG/builds/xtensa-esp-elf --exec_prefix=/builds/idf/crosstool-NG/builds/xtensa-esp-elf --with-local-prefix=/builds/idf/crosstool-NG/builds/xtensa-esp-elf/xtensa-esp-elf --with-sysroot=/builds/idf/crosstool-NG/builds/xtensa-esp-elf/xtensa-esp-elf --with-native-system-header-dir=/include --with-headers=/builds/idf/crosstool-NG/builds/xtensa-esp-elf/xtensa-esp-elf/include --with-newlib --enable-threads=no --disable-shared --with-pkgversion='crosstool-NG esp-14.2.0_20260121' --disable-__cxa_atexit --enable-cxx-flags='-ffunction-sections -fdata-sections' --disable-libgomp --disable-libmudflap --disable-libmpx --disable-libssp --disable-libquadmath --disable-libquadmath-support --disable-libstdcxx-verbose --with-gmp=/builds/idf/crosstool-NG/.build/xtensa-esp-elf/buildtools --with-mpfr=/builds/idf/crosstool-NG/.build/xtensa-esp-elf/buildtools --with-mpc=/builds/idf/crosstool-NG/.build/xtensa-esp-elf/buildtools --with-isl=/builds/idf/crosstool-NG/.build/xtensa-esp-elf/buildtools --enable-lto --enable-target-optspace --without-long-double-128 --enable-plugin --disable-nls --enable-multiarch --enable-languages=c,c++ --disable-libstdcxx-verbose --enable-threads=posix --enable-libstdcxx-time=yes --disable-win32-utf8-manifest
Thread model: posix
Supported LTO compression algorithms: zlib zstd
gcc version 14.2.0 (crosstool-NG esp-14.2.0_20260121) 
COLLECT_GCC_OPTIONS='-mdynconfig=xtensa_esp32.so' '-Wno-frame-address' '-mlongcalls' '-fno-builtin-memcpy' '-fno-builtin-memset' '-fno-builtin-bzero' '-fno-rtti' '-v' '-o' 'CMakeFiles/cmTC_4107f.dir/CMakeCXXCompilerABI.cpp.obj' '-c' '-dumpdir' 'CMakeFiles/cmTC_4107f.dir/'
 /home/vietnq/.espressif/tools/xtensa-esp-elf/esp-14.2.0_20260121/xtensa-esp-elf/bin/../libexec/gcc/xtensa-esp-elf/14.2.0/cc1plus -quiet -v -imultilib esp32/no-rtti -iprefix /home/vietnq/.espressif/tools/xtensa-esp-elf/esp-14.2.0_20260121/xtensa-esp-elf/bin/../lib/gcc/xtensa-esp-elf/14.2.0/ -isysroot /home/vietnq/.espressif/tools/xtensa-esp-elf/esp-14.2.0_20260121/xtensa-esp-elf/bin/../xtensa-esp-elf /usr/share/cmake-3.22/Modules/CMakeCXXCompilerABI.cpp -quiet -dumpdir CMakeFiles/cmTC_4107f.dir/ -dumpbase CMakeCXXCompilerABI.cpp.cpp -dumpbase-ext .cpp -mdynconfig=xtensa_esp32.so -mlongcalls -Wno-frame-address -version -fno-builtin-memcpy -fno-builtin-memset -fno-builtin-bzero -fno-rtti -o /tmp/ccMGP69L.s
GNU C++17 (crosstool-NG esp-14.2.0_20260121) version 14.2.0 (xtensa-esp-elf)
	compiled by GNU C version 6.3.0, GMP version 6.3.0, MPFR version 4.2.1, MPC version 1.3.1, isl version isl-0.26-GMP

GGC heuristics: --param ggc-min-expand=100 --param ggc-min-heapsize=131072
ignoring duplicate directory "/home/vietnq/.espressif/tools/xtensa-esp-elf/esp-14.2.0_20260121/xtensa-esp-elf/bin/../lib/gcc/../../lib/gcc/xtensa-esp-elf/14.2.0/../../../../xtensa-esp-elf/include/c++/14.2.0"
ignoring duplicate directory "/home/vietnq/.espressif/tools/xtensa-esp-elf/esp-14.2.0_20260121/xtensa-esp-elf/bin/../lib/gcc/../../lib/gcc/xtensa-esp-elf/14.2.0/../../../../xtensa-esp-elf/include/c++/14.2.0/xtensa-esp-elf/esp32/no-rtti"
ignoring duplicate directory "/home/vietnq/.espressif/tools/xtensa-esp-elf/esp-14.2.0_20260121/xtensa-esp-elf/bin/../lib/gcc/../../lib/gcc/xtensa-esp-elf/14.2.0/../../../../xtensa-esp-elf/include/c++/14.2.0/backward"
ignoring duplicate directory "/home/vietnq/.espressif/tools/xtensa-esp-elf/esp-14.2.0_20260121/xtensa-esp-elf/bin/../lib/gcc/../../lib/gcc/xtensa-esp-elf/14.2.0/include"
ignoring nonexistent directory "/home/vietnq/.espressif/tools/xtensa-esp-elf/esp-14.2.0_20260121/xtensa-esp-elf/bin/../xtensa-esp-elf/builds/idf/crosstool-NG/builds/xtensa-esp-elf/xtensa-esp-elf/include"
ignoring duplicate directory "/home/vietnq/.espressif/tools/xtensa-esp-elf/esp-14.2.0_20260121/xtensa-esp-elf/bin/../lib/gcc/../../lib/gcc/xtensa-esp-elf/14.2.0/include-fixed"
ignoring duplicate directory "/home/vietnq/.espressif/tools/xtensa-esp-elf/esp-14.2.0_20260121/xtensa-esp-elf/bin/../lib/gcc/../../lib/gcc/xtensa-esp-elf/14.2.0/../../../../xtensa-esp-elf/include"
ignoring duplicate directory "/home/vietnq/.espressif/tools/xtensa-esp-elf/esp-14.2.0_20260121/xtensa-esp-elf/bin/../xtensa-esp-elf/include"
#include "..." search starts here:
#include <...> search starts here:
 /home/vietnq/.espressif/tools/xtensa-esp-elf/esp-14.2.0_20260121/xtensa-esp-elf/bin/../lib/gcc/xtensa-esp-elf/14.2.0/../../../../xtensa-esp-elf/include/c++/14.2.0
 /home/vietnq/.espressif/tools/xtensa-esp-elf/esp-14.2.0_20260121/xtensa-esp-elf/bin/../lib/gcc/xtensa-esp-elf/14.2.0/../../../../xtensa-esp-elf/include/c++/14.2.0/xtensa-esp-elf/esp32/no-rtti
 /home/vietnq/.espressif/tools/xtensa-esp-elf/esp-14.2.0_20260121/xtensa-esp-elf/bin/../lib/gcc/xtensa-esp-elf/14.2.0/../../../../xtensa-esp-elf/include/c++/14.2.0/backward
 /home/vietnq/.espressif/tools/xtensa-esp-elf/esp-14.2.0_20260121/xtensa-esp-elf/bin/../lib/gcc/xtensa-esp-elf/14.2.0/include
 /home/vietnq/.espressif/tools/xtensa-esp-elf/esp-14.2.0_20260121/xtensa-esp-elf/bin/../lib/gcc/xtensa-esp-elf/14.2.0/include-fixed
 /home/vietnq/.espressif/tools/xtensa-esp-elf/esp-14.2.0_20260121/xtensa-esp-elf/bin/../lib/gcc/xtensa-esp-elf/14.2.0/../../../../xtensa-esp-elf/include
End of search list.
Compiler executable checksum: a254981dd59757a59628c9ca49d36a87
COLLECT_GCC_OPTIONS='-mdynconfig=xtensa_esp32.so' '-Wno-frame-address' '-mlongcalls' '-fno-builtin-memcpy' '-fno-builtin-memset' '-fno-builtin-bzero' '-fno-rtti' '-v' '-o' 'CMakeFiles/cmTC_4107f.dir/CMakeCXXCompilerABI.cpp.obj' '-c' '-dumpdir' 'CMakeFiles/cmTC_4107f.dir/'
 /home/vietnq/.espressif/tools/xtensa-esp-elf/esp-14.2.0_20260121/xtensa-esp-elf/bin/../lib/gcc/xtensa-esp-elf/14.2.0/../../../../xtensa-esp-elf/bin/as --traditional-format --longcalls --dynconfig=xtensa_esp32.so -o CMakeFiles/cmTC_4107f.dir/CMakeCXXCompilerABI.cpp.obj /tmp/ccMGP69L.s
COMPILER_PATH=/home/vietnq/.espressif/tools/xtensa-esp-elf/esp-14.2.0_20260121/xtensa-esp-elf/bin/../libexec/gcc/xtensa-esp-elf/14.2.0/:/home/vietnq/.espressif/tools/xtensa-esp-elf/esp-14.2.0_20260121/xtensa-esp-elf/bin/../libexec/gcc/:/home/vietnq/.espressif/tools/xtensa-esp-elf/esp-14.2.0_20260121/xtensa-esp-elf/bin/../lib/gcc/xtensa-esp-elf/14.2.0/../../../../xtensa-esp-elf/bin/
LIBRARY_PATH=/home/vietnq/.espressif/tools/xtensa-esp-elf/esp-14.2.0_20260121/xtensa-esp-elf/bin/../lib/gcc/xtensa-esp-elf/14.2.0/esp32/no-rtti/:/home/vietnq/.espressif/tools/xtensa-esp-elf/esp-14.2.0_20260121/xtensa-esp-elf/bin/../lib/gcc/xtensa-esp-elf/14.2.0/../../../../xtensa-esp-elf/lib/esp32/no-rtti/:/home/vietnq/.espressif/tools/xtensa-esp-elf/esp-14.2.0_20260121/xtensa-esp-elf/bin/../xtensa-esp-elf/lib/esp32/no-rtti/:/home/vietnq/.espressif/tools/xtensa-esp-elf/esp-14.2.0_20260121/xtensa-esp-elf/bin/../lib/gcc/xtensa-esp-elf/14.2.0/:/home/vietnq/.espressif/tools/xtensa-esp-elf/esp-14.2.0_20260121/xtensa-esp-elf/bin/../lib/gcc/:/home/vietnq/.espressif/tools/xtensa-esp-elf/esp-14.2.0_20260121/xtensa-esp-elf/bin/../lib/gcc/xtensa-esp-elf/14.2.0/../../../../xtensa-esp-elf/lib/:/home/vietnq/.espressif/tools/xtensa-esp-elf/esp-14.2.0_20260121/xtensa-esp-elf/bin/../xtensa-esp-elf/lib/:/home/vietnq/.espressif/tools/xtensa-esp-elf/esp-14.2.0_20260121/xtensa-esp-elf/bin/../xtensa-esp-elf/usr/lib/
COLLECT_GCC_OPTIONS='-mdynconfig=xtensa_esp32.so' '-Wno-frame-address' '-mlongcalls' '-fno-builtin-memcpy' '-fno-builtin-memset' '-fno-builtin-bzero' '-fno-rtti' '-v' '-o' 'CMakeFiles/cmTC_4107f.dir/CMakeCXXCompilerABI.cpp.obj' '-c' '-dumpdir' 'CMakeFiles/cmTC_4107f.dir/CMakeCXXCompilerABI.cpp.'
[2/2] Linking CXX executable cmTC_4107f
Using built-in specs.
COLLECT_GCC=/home/vietnq/.espressif/tools/xtensa-esp-elf/esp-14.2.0_20260121/xtensa-esp-elf/bin/xtensa-esp-elf-g++
COLLECT_LTO_WRAPPER=/home/vietnq/.espressif/tools/xtensa-esp-elf/esp-14.2.0_20260121/xtensa-esp-elf/bin/../libexec/gcc/xtensa-esp-elf/14.2.0/lto-wrapper
Target: xtensa-esp-elf
Configured with: /builds/idf/crosstool-NG/.build/xtensa-esp-elf/src/gcc/configure --build=x86_64-build_pc-linux-gnu --host=x86_64-build_pc-linux-gnu --target=xtensa-esp-elf --prefix=/builds/idf/crosstool-NG/builds/xtensa-esp-elf --exec_prefix=/builds/idf/crosstool-NG/builds/xtensa-esp-elf --with-local-prefix=/builds/idf/crosstool-NG/builds/xtensa-esp-elf/xtensa-esp-elf --with-sysroot=/builds/idf/crosstool-NG/builds/xtensa-esp-elf/xtensa-esp-elf --with-native-system-header-dir=/include --with-headers=/builds/idf/crosstool-NG/builds/xtensa-esp-elf/xtensa-esp-elf/include --with-newlib --enable-threads=no --disable-shared --with-pkgversion='crosstool-NG esp-14.2.0_20260121' --disable-__cxa_atexit --enable-cxx-flags='-ffunction-sections -fdata-sections' --disable-libgomp --disable-libmudflap --disable-libmpx --disable-libssp --disable-libquadmath --disable-libquadmath-support --disable-libstdcxx-verbose --with-gmp=/builds/idf/crosstool-NG/.build/xtensa-esp-elf/buildtools --with-mpfr=/builds/idf/crosstool-NG/.build/xtensa-esp-elf/buildtools --with-mpc=/builds/idf/crosstool-NG/.build/xtensa-esp-elf/buildtools --with-isl=/builds/idf/crosstool-NG/.build/xtensa-esp-elf/buildtools --enable-lto --enable-target-optspace --without-long-double-128 --enable-plugin --disable-nls --enable-multiarch --enable-languages=c,c++ --disable-libstdcxx-verbose --enable-threads=posix --enable-libstdcxx-time=yes --disable-win32-utf8-manifest
Thread model: posix
Supported LTO compression algorithms: zlib zstd
gcc version 14.2.0 (crosstool-NG esp-14.2.0_20260121) 
COMPILER_PATH=/home/vietnq/.espressif/tools/xtensa-esp-elf/esp-14.2.0_20260121/xtensa-esp-elf/bin/../libexec/gcc/xtensa-esp-elf/14.2.0/:/home/vietnq/.espressif/tools/xtensa-esp-elf/esp-14.2.0_20260121/xtensa-esp-elf/bin/../libexec/gcc/:/home/vietnq/.espressif/tools/xtensa-esp-elf/esp-14.2.0_20260121/xtensa-esp-elf/bin/../lib/gcc/xtensa-esp-elf/14.2.0/../../../../xtensa-esp-elf/bin/
LIBRARY_PATH=/home/vietnq/.espressif/tools/xtensa-esp-elf/esp-14.2.0_20260121/xtensa-esp-elf/bin/../lib/gcc/xtensa-esp-elf/14.2.0/esp32/no-rtti/:/home/vietnq/.espressif/tools/xtensa-esp-elf/esp-14.2.0_20260121/xtensa-esp-elf/bin/../lib/gcc/xtensa-esp-elf/14.2.0/../../../../xtensa-esp-elf/lib/esp32/no-rtti/:/home/vietnq/.espressif/tools/xtensa-esp-elf/esp-14.2.0_20260121/xtensa-esp-elf/bin/../xtensa-esp-elf/lib/esp32/no-rtti/:/home/vietnq/.espressif/tools/xtensa-esp-elf/esp-14.2.0_20260121/xtensa-esp-elf/bin/../lib/gcc/xtensa-esp-elf/14.2.0/:/home/vietnq/.espressif/tools/xtensa-esp-elf/esp-14.2.0_20260121/xtensa-esp-elf/bin/../lib/gcc/:/home/vietnq/.espressif/tools/xtensa-esp-elf/esp-14.2.0_20260121/xtensa-esp-elf/bin/../lib/gcc/xtensa-esp-elf/14.2.0/../../../../xtensa-esp-elf/lib/:/home/vietnq/.espressif/tools/xtensa-esp-elf/esp-14.2.0_20260121/xtensa-esp-elf/bin/../xtensa-esp-elf/lib/:/home/vietnq/.espressif/tools/xtensa-esp-elf/esp-14.2.0_20260121/xtensa-esp-elf/bin/../xtensa-esp-elf/usr/lib/
COLLECT_GCC_OPTIONS='-mdynconfig=xtensa_esp32.so' '-Wno-frame-address' '-mlongcalls' '-fno-builtin-memcpy' '-fno-builtin-memset' '-fno-builtin-bzero' '-nostartfiles' '-fno-rtti' '-v' '-o' 'cmTC_4107f' '-dumpdir' 'cmTC_4107f.'
 /home/vietnq/.espressif/tools/xtensa-esp-elf/esp-14.2.0_20260121/xtensa-esp-elf/bin/../libexec/gcc/xtensa-esp-elf/14.2.0/collect2 -plugin /home/vietnq/.espressif/tools/xtensa-esp-elf/esp-14.2.0_20260121/xtensa-esp-elf/bin/../libexec/gcc/xtensa-esp-elf/14.2.0/liblto_plugin.so -plugin-opt=/home/vietnq/.espressif/tools/xtensa-esp-elf/esp-14.2.0_20260121/xtensa-esp-elf/bin/../libexec/gcc/xtensa-esp-elf/14.2.0/lto-wrapper -plugin-opt=-fresolution=/tmp/cc5jY6LV.res -plugin-opt=-pass-through=-lgcc -plugin-opt=-pass-through=-lc -plugin-opt=-pass-through=-lnosys -plugin-opt=-pass-through=-lc -plugin-opt=-pass-through=-lgcc --sysroot=/home/vietnq/.espressif/tools/xtensa-esp-elf/esp-14.2.0_20260121/xtensa-esp-elf/bin/../xtensa-esp-elf --dynconfig=xtensa_esp32.so -o cmTC_4107f -L/home/vietnq/.espressif/tools/xtensa-esp-elf/esp-14.2.0_20260121/xtensa-esp-elf/bin/../lib/gcc/xtensa-esp-elf/14.2.0/esp32/no-rtti -L/home/vietnq/.espressif/tools/xtensa-esp-elf/esp-14.2.0_20260121/xtensa-esp-elf/bin/../lib/gcc/xtensa-esp-elf/14.2.0/../../../../xtensa-esp-elf/lib/esp32/no-rtti -L/home/vietnq/.espressif/tools/xtensa-esp-elf/esp-14.2.0_20260121/xtensa-esp-elf/bin/../xtensa-esp-elf/lib/esp32/no-rtti -L/home/vietnq/.espressif/tools/xtensa-esp-elf/esp-14.2.0_20260121/xtensa-esp-elf/bin/../lib/gcc/xtensa-esp-elf/14.2.0 -L/home/vietnq/.espressif/tools/xtensa-esp-elf/esp-14.2.0_20260121/xtensa-esp-elf/bin/../lib/gcc -L/home/vietnq/.espressif/tools/xtensa-esp-elf/esp-14.2.0_20260121/xtensa-esp-elf/bin/../lib/gcc/xtensa-esp-elf/14.2.0/../../../../xtensa-esp-elf/lib -L/home/vietnq/.espressif/tools/xtensa-esp-elf/esp-14.2.0_20260121/xtensa-esp-elf/bin/../xtensa-esp-elf/lib -L/home/vietnq/.espressif/tools/xtensa-esp-elf/esp-14.2.0_20260121/xtensa-esp-elf/bin/../xtensa-esp-elf/usr/lib @/tmp/ccG1eU8y -lgcc -lc -lnosys -lc -lgcc
/home/vietnq/.espressif/tools/xtensa-esp-elf/esp-14.2.0_20260121/xtensa-esp-elf/bin/../lib/gcc/xtensa-esp-elf/14.2.0/../../../../xtensa-esp-elf/bin/ld: warning: cannot find entry symbol _start; defaulting to 00400054
COLLECT_GCC_OPTIONS='-mdynconfig=xtensa_esp32.so' '-Wno-frame-address' '-mlongcalls' '-fno-builtin-memcpy' '-fno-builtin-memset' '-fno-builtin-bzero' '-nostartfiles' '-fno-rtti' '-v' '-o' 'cmTC_4107f' '-dumpdir' 'cmTC_4107f.'



Parsed CXX implicit include dir info from above output: rv=done
  found start of include info
  found start of implicit include info
    add: [/home/vietnq/.espressif/tools/xtensa-esp-elf/esp-14.2.0_20260121/xtensa-esp-elf/bin/../lib/gcc/xtensa-esp-elf/14.2.0/../../../../xtensa-esp-elf/include/c++/14.2.0]
    add: [/home/vietnq/.espressif/tools/xtensa-esp-elf/esp-14.2.0_20260121/xtensa-esp-elf/bin/../lib/gcc/xtensa-esp-elf/14.2.0/../../../../xtensa-esp-elf/include/c++/14.2.0/xtensa-esp-elf/esp32/no-rtti]
    add: [/home/vietnq/.espressif/tools/xtensa-esp-elf/esp-14.2.0_20260121/xtensa-esp-elf/bin/../lib/gcc/xtensa-esp-elf/14.2.0/../../../../xtensa-esp-elf/include/c++/14.2.0/backward]
    add: [/home/vietnq/.espressif/tools/xtensa-esp-elf/esp-14.2.0_20260121/xtensa-esp-elf/bin/../lib/gcc/xtensa-esp-elf/14.2.0/include]
    add: [/home/vietnq/.espressif/tools/xtensa-esp-elf/esp-14.2.0_20260121/xtensa-esp-elf/bin/../lib/gcc/xtensa-esp-elf/14.2.0/include-fixed]
    add: [/home/vietnq/.espressif/tools/xtensa-esp-elf/esp-14.2.0_20260121/xtensa-esp-elf/bin/../lib/gcc/xtensa-esp-elf/14.2.0/../../../../xtensa-esp-elf/include]
  end of search list found
  collapse include dir [/home/vietnq/.espressif/tools/xtensa-esp-elf/esp-14.2.0_20260121/xtensa-esp-elf/bin/../lib/gcc/xtensa-esp-elf/14.2.0/../../../../xtensa-esp-elf/include/c++/14.2.0] ==> [/home/vietnq/.espressif/tools/xtensa-esp-elf/esp-14.2.0_20260121/xtensa-esp-elf/xtensa-esp-elf/include/c++/14.2.0]
  collapse include dir [/home/vietnq/.espressif/tools/xtensa-esp-elf/esp-14.2.0_20260121/xtensa-esp-elf/bin/../lib/gcc/xtensa-esp-elf/14.2.0/../../../../xtensa-esp-elf/include/c++/14.2.0/xtensa-esp-elf/esp32/no-rtti] ==> [/home/vietnq/.espressif/tools/xtensa-esp-elf/esp-14.2.0_20260121/xtensa-esp-elf/xtensa-esp-elf/include/c++/14.2.0/xtensa-esp-elf/esp32/no-rtti]
  collapse include dir [/home/vietnq/.espressif/tools/xtensa-esp-elf/esp-14.2.0_20260121/xtensa-esp-elf/bin/../lib/gcc/xtensa-esp-elf/14.2.0/../../../../xtensa-esp-elf/include/c++/14.2.0/backward] ==> [/home/vietnq/.espressif/tools/xtensa-esp-elf/esp-14.2.0_20260121/xtensa-esp-elf/xtensa-esp-elf/include/c++/14.2.0/backward]
  collapse include dir [/home/vietnq/.espressif/tools/xtensa-esp-elf/esp-14.2.0_20260121/xtensa-esp-elf/bin/../lib/gcc/xtensa-esp-elf/14.2.0/include] ==> [/home/vietnq/.espressif/tools/xtensa-esp-elf/esp-14.2.0_20260121/xtensa-esp-elf/lib/gcc/xtensa-esp-elf/14.2.0/include]
  collapse include dir [/home/vietnq/.espressif/tools/xtensa-esp-elf/esp-14.2.0_20260121/xtensa-esp-elf/bin/../lib/gcc/xtensa-esp-elf/14.2.0/include-fixed] ==> [/home/vietnq/.espressif/tools/xtensa-esp-elf/esp-14.2.0_20260121/xtensa-esp-elf/lib/gcc/xtensa-esp-elf/14.2.0/include-fixed]
  collapse include dir [/home/vietnq/.espressif/tools/xtensa-esp-elf/esp-14.2.0_20260121/xtensa-esp-elf/bin/../lib/gcc/xtensa-esp-elf/14.2.0/../../../../xtensa-esp-elf/include] ==> [/home/vietnq/.espressif/tools/xtensa-esp-elf/esp-14.2.0_20260121/xtensa-esp-elf/xtensa-esp-elf/include]
  implicit include dirs: [/home/vietnq/.espressif/tools/xtensa-esp-elf/esp-14.2.0_20260121/xtensa-esp-elf/xtensa-esp-elf/include/c++/14.2.0;/home/vietnq/.espressif/tools/xtensa-esp-elf/esp-14.2.0_20260121/xtensa-esp-elf/xtensa-esp-elf/include/c++/14.2.0/xtensa-esp-elf/esp32/no-rtti;/home/vietnq/.espressif/tools/xtensa-esp-elf/esp-14.2.0_20260121/xtensa-esp-elf/xtensa-esp-elf/include/c++/14.2.0/backward;/home/vietnq/.espressif/tools/xtensa-esp-elf/esp-14.2.0_20260121/xtensa-esp-elf/lib/gcc/xtensa-esp-elf/14.2.0/include;/home/vietnq/.espressif/tools/xtensa-esp-elf/esp-14.2.0_20260121/xtensa-esp-elf/lib/gcc/xtensa-esp-elf/14.2.0/include-fixed;/home/vietnq/.espressif/tools/xtensa-esp-elf/esp-14.2.0_20260121/xtensa-esp-elf/xtensa-esp-elf/include]


Parsed CXX implicit link information from above output:
  link line regex: [^( *|.*[/\])(xtensa-esp32-elf-ld|CMAKE_LINK_STARTFILE-NOTFOUND|([^/\]+-)?ld|collect2)[^/\]*( |$)]
  ignore line: [Change Dir: /home/vietnq/esp/ota/build/bootloader/CMakeFiles/CMakeTmp]
  ignore line: []
  ignore line: [Run Build Command(s):/usr/bin/ninja cmTC_4107f && [1/2] Building CXX object CMakeFiles/cmTC_4107f.dir/CMakeCXXCompilerABI.cpp.obj]
  ignore line: [Using built-in specs.]
  ignore line: [COLLECT_GCC=/home/vietnq/.espressif/tools/xtensa-esp-elf/esp-14.2.0_20260121/xtensa-esp-elf/bin/xtensa-esp-elf-g++]
  ignore line: [Target: xtensa-esp-elf]
  ignore line: [Configured with: /builds/idf/crosstool-NG/.build/xtensa-esp-elf/src/gcc/configure --build=x86_64-build_pc-linux-gnu --host=x86_64-build_pc-linux-gnu --target=xtensa-esp-elf --prefix=/builds/idf/crosstool-NG/builds/xtensa-esp-elf --exec_prefix=/builds/idf/crosstool-NG/builds/xtensa-esp-elf --with-local-prefix=/builds/idf/crosstool-NG/builds/xtensa-esp-elf/xtensa-esp-elf --with-sysroot=/builds/idf/crosstool-NG/builds/xtensa-esp-elf/xtensa-esp-elf --with-native-system-header-dir=/include --with-headers=/builds/idf/crosstool-NG/builds/xtensa-esp-elf/xtensa-esp-elf/include --with-newlib --enable-threads=no --disable-shared --with-pkgversion='crosstool-NG esp-14.2.0_20260121' --disable-__cxa_atexit --enable-cxx-flags='-ffunction-sections -fdata-sections' --disable-libgomp --disable-libmudflap --disable-libmpx --disable-libssp --disable-libquadmath --disable-libquadmath-support --disable-libstdcxx-verbose --with-gmp=/builds/idf/crosstool-NG/.build/xtensa-esp-elf/buildtools --with-mpfr=/builds/idf/crosstool-NG/.build/xtensa-esp-elf/buildtools --with-mpc=/builds/idf/crosstool-NG/.build/xtensa-esp-elf/buildtools --with-isl=/builds/idf/crosstool-NG/.build/xtensa-esp-elf/buildtools --enable-lto --enable-target-optspace --without-long-double-128 --enable-plugin --disable-nls --enable-multiarch --enable-languages=c c++ --disable-libstdcxx-verbose --enable-threads=posix --enable-libstdcxx-time=yes --disable-win32-utf8-manifest]
  ignore line: [Thread model: posix]
  ignore line: [Supported LTO compression algorithms: zlib zstd]
  ignore line: [gcc version 14.2.0 (crosstool-NG esp-14.2.0_20260121) ]
  ignore line: [COLLECT_GCC_OPTIONS='-mdynconfig=xtensa_esp32.so' '-Wno-frame-address' '-mlongcalls' '-fno-builtin-memcpy' '-fno-builtin-memset' '-fno-builtin-bzero' '-fno-rtti' '-v' '-o' 'CMakeFiles/cmTC_4107f.dir/CMakeCXXCompilerABI.cpp.obj' '-c' '-dumpdir' 'CMakeFiles/cmTC_4107f.dir/']
  ignore line: [ /home/vietnq/.espressif/tools/xtensa-esp-elf/esp-14.2.0_20260121/xtensa-esp-elf/bin/../libexec/gcc/xtensa-esp-elf/14.2.0/cc1plus -quiet -v -imultilib esp32/no-rtti -iprefix /home/vietnq/.espressif/tools/xtensa-esp-elf/esp-14.2.0_20260121/xtensa-esp-elf/bin/../lib/gcc/xtensa-esp-elf/14.2.0/ -isysroot /home/vietnq/.espressif/tools/xtensa-esp-elf/esp-14.2.0_20260121/xtensa-esp-elf/bin/../xtensa-esp-elf /usr/share/cmake-3.22/Modules/CMakeCXXCompilerABI.cpp -quiet -dumpdir CMakeFiles/cmTC_4107f.dir/ -dumpbase CMakeCXXCompilerABI.cpp.cpp -dumpbase-ext .cpp -mdynconfig=xtensa_esp32.so -mlongcalls -Wno-frame-address -version -fno-builtin-memcpy -fno-builtin-memset -fno-builtin-bzero -fno-rtti -o /tmp/ccMGP69L.s]
  ignore line: [GNU C++17 (crosstool-NG esp-14.2.0_20260121) version 14.2.0 (xtensa-esp-elf)]
  ignore line: [	compiled by GNU C version 6.3.0  GMP version 6.3.0  MPFR version 4.2.1  MPC version 1.3.1  isl version isl-0.26-GMP]
  ignore line: []
  ignore line: [GGC heuristics: --param ggc-min-expand=100 --param ggc-min-heapsize=131072]
  ignore line: [ignoring duplicate directory "/home/vietnq/.espressif/tools/xtensa-esp-elf/esp-14.2.0_20260121/xtensa-esp-elf/bin/../lib/gcc/../../lib/gcc/xtensa-esp-elf/14.2.0/../../../../xtensa-esp-elf/include/c++/14.2.0"]
  ignore line: [ignoring duplicate directory "/home/vietnq/.espressif/tools/xtensa-esp-elf/esp-14.2.0_20260121/xtensa-esp-elf/bin/../lib/gcc/../../lib/gcc/xtensa-esp-elf/14.2.0/../../../../xtensa-esp-elf/include/c++/14.2.0/xtensa-esp-elf/esp32/no-rtti"]
  ignore line: [ignoring duplicate directory "/home/vietnq/.espressif/tools/xtensa-esp-elf/esp-14.2.0_20260121/xtensa-esp-elf/bin/../lib/gcc/../../lib/gcc/xtensa-esp-elf/14.2.0/../../../../xtensa-esp-elf/include/c++/14.2.0/backward"]
  ignore line: [ignoring duplicate directory "/home/vietnq/.espressif/tools/xtensa-esp-elf/esp-14.2.0_20260121/xtensa-esp-elf/bin/../lib/gcc/../../lib/gcc/xtensa-esp-elf/14.2.0/include"]
  ignore line: [ignoring nonexistent directory "/home/vietnq/.espressif/tools/xtensa-esp-elf/esp-14.2.0_20260121/xtensa-esp-elf/bin/../xtensa-esp-elf/builds/idf/crosstool-NG/builds/xtensa-esp-elf/xtensa-esp-elf/include"]
  ignore line: [ignoring duplicate directory "/home/vietnq/.espressif/tools/xtensa-esp-elf/esp-14.2.0_20260121/xtensa-esp-elf/bin/../lib/gcc/../../lib/gcc/xtensa-esp-elf/14.2.0/include-fixed"]
  ignore line: [ignoring duplicate directory "/home/vietnq/.espressif/tools/xtensa-esp-elf/esp-14.2.0_20260121/xtensa-esp-elf/bin/../lib/gcc/../../lib/gcc/xtensa-esp-elf/14.2.0/../../../../xtensa-esp-elf/include"]
  ignore line: [ignoring duplicate directory "/home/vietnq/.espressif/tools/xtensa-esp-elf/esp-14.2.0_20260121/xtensa-esp-elf/bin/../xtensa-esp-elf/include"]
  ignore line: [#include "..." search starts here:]
  ignore line: [#include <...> search starts here:]
  ignore line: [ /home/vietnq/.espressif/tools/xtensa-esp-elf/esp-14.2.0_20260121/xtensa-esp-elf/bin/../lib/gcc/xtensa-esp-elf/14.2.0/../../../../xtensa-esp-elf/include/c++/14.2.0]
  ignore line: [ /home/vietnq/.espressif/tools/xtensa-esp-elf/esp-14.2.0_20260121/xtensa-esp-elf/bin/../lib/gcc/xtensa-esp-elf/14.2.0/../../../../xtensa-esp-elf/include/c++/14.2.0/xtensa-esp-elf/esp32/no-rtti]
  ignore line: [ /home/vietnq/.espressif/tools/xtensa-esp-elf/esp-14.2.0_20260121/xtensa-esp-elf/bin/../lib/gcc/xtensa-esp-elf/14.2.0/../../../../xtensa-esp-elf/include/c++/14.2.0/backward]
  ignore line: [ /home/vietnq/.espressif/tools/xtensa-esp-elf/esp-14.2.0_20260121/xtensa-esp-elf/bin/../lib/gcc/xtensa-esp-elf/14.2.0/include]
  ignore line: [ /home/vietnq/.espressif/tools/xtensa-esp-elf/esp-14.2.0_20260121/xtensa-esp-elf/bin/../lib/gcc/xtensa-esp-elf/14.2.0/include-fixed]
  ignore line: [ /home/vietnq/.espressif/tools/xtensa-esp-elf/esp-14.2.0_20260121/xtensa-esp-elf/bin/../lib/gcc/xtensa-esp-elf/14.2.0/../../../../xtensa-esp-elf/include]
  ignore line: [End of search list.]
  ignore line: [Compiler executable checksum: a254981dd59757a59628c9ca49d36a87]
  ignore line: [COLLECT_GCC_OPTIONS='-mdynconfig=xtensa_esp32.so' '-Wno-frame-address' '-mlongcalls' '-fno-builtin-memcpy' '-fno-builtin-memset' '-fno-builtin-bzero' '-fno-rtti' '-v' '-o' 'CMakeFiles/cmTC_4107f.dir/CMakeCXXCompilerABI.cpp.obj' '-c' '-dumpdir' 'CMakeFiles/cmTC_4107f.dir/']
  ignore line: [ /home/vietnq/.espressif/tools/xtensa-esp-elf/esp-14.2.0_20260121/xtensa-esp-elf/bin/../lib/gcc/xtensa-esp-elf/14.2.0/../../../../xtensa-esp-elf/bin/as --traditional-format --longcalls --dynconfig=xtensa_esp32.so -o CMakeFiles/cmTC_4107f.dir/CMakeCXXCompilerABI.cpp.obj /tmp/ccMGP69L.s]
  ignore line: [COMPILER_PATH=/home/vietnq/.espressif/tools/xtensa-esp-elf/esp-14.2.0_20260121/xtensa-esp-elf/bin/../libexec/gcc/xtensa-esp-elf/14.2.0/:/home/vietnq/.espressif/tools/xtensa-esp-elf/esp-14.2.0_20260121/xtensa-esp-elf/bin/../libexec/gcc/:/home/vietnq/.espressif/tools/xtensa-esp-elf/esp-14.2.0_20260121/xtensa-esp-elf/bin/../lib/gcc/xtensa-esp-elf/14.2.0/../../../../xtensa-esp-elf/bin/]
  ignore line: [LIBRARY_PATH=/home/vietnq/.espressif/tools/xtensa-esp-elf/esp-14.2.0_20260121/xtensa-esp-elf/bin/../lib/gcc/xtensa-esp-elf/14.2.0/esp32/no-rtti/:/home/vietnq/.espressif/tools/xtensa-esp-elf/esp-14.2.0_20260121/xtensa-esp-elf/bin/../lib/gcc/xtensa-esp-elf/14.2.0/../../../../xtensa-esp-elf/lib/esp32/no-rtti/:/home/vietnq/.espressif/tools/xtensa-esp-elf/esp-14.2.0_20260121/xtensa-esp-elf/bin/../xtensa-esp-elf/lib/esp32/no-rtti/:/home/vietnq/.espressif/tools/xtensa-esp-elf/esp-14.2.0_20260121/xtensa-esp-elf/bin/../lib/gcc/xtensa-esp-elf/14.2.0/:/home/vietnq/.espressif/tools/xtensa-esp-elf/esp-14.2.0_20260121/xtensa-esp-elf/bin/../lib/gcc/:/home/vietnq/.espressif/tools/xtensa-esp-elf/esp-14.2.0_20260121/xtensa-esp-elf/bin/../lib/gcc/xtensa-esp-elf/14.2.0/../../../../xtensa-esp-elf/lib/:/home/vietnq/.espressif/tools/xtensa-esp-elf/esp-14.2.0_20260121/xtensa-esp-elf/bin/../xtensa-esp-elf/lib/:/home/vietnq/.espressif/tools/xtensa-esp-elf/esp-14.2.0_20260121/xtensa-esp-elf/bin/../xtensa-esp-elf/usr/lib/]
  ignore line: [COLLECT_GCC_OPTIONS='-mdynconfig=xtensa_esp32.so' '-Wno-frame-address' '-mlongcalls' '-fno-builtin-memcpy' '-fno-builtin-memset' '-fno-builtin-bzero' '-fno-rtti' '-v' '-o' 'CMakeFiles/cmTC_4107f.dir/CMakeCXXCompilerABI.cpp.obj' '-c' '-dumpdir' 'CMakeFiles/cmTC_4107f.dir/CMakeCXXCompilerABI.cpp.']
  ignore line: [[2/2] Linking CXX executable cmTC_4107f]
  ignore line: [Using built-in specs.]
  ignore line: [COLLECT_GCC=/home/vietnq/.espressif/tools/xtensa-esp-elf/esp-14.2.0_20260121/xtensa-esp-elf/bin/xtensa-esp-elf-g++]
  ignore line: [COLLECT_LTO_WRAPPER=/home/vietnq/.espressif/tools/xtensa-esp-elf/esp-14.2.0_20260121/xtensa-esp-elf/bin/../libexec/gcc/xtensa-esp-elf/14.2.0/lto-wrapper]
  ignore line: [Target: xtensa-esp-elf]
  ignore line: [Configured with: /builds/idf/crosstool-NG/.build/xtensa-esp-elf/src/gcc/configure --build=x86_64-build_pc-linux-gnu --host=x86_64-build_pc-linux-gnu --target=xtensa-esp-elf --prefix=/builds/idf/crosstool-NG/builds/xtensa-esp-elf --exec_prefix=/builds/idf/crosstool-NG/builds/xtensa-esp-elf --with-local-prefix=/builds/idf/crosstool-NG/builds/xtensa-esp-elf/xtensa-esp-elf --with-sysroot=/builds/idf/crosstool-NG/builds/xtensa-esp-elf/xtensa-esp-elf --with-native-system-header-dir=/include --with-headers=/builds/idf/crosstool-NG/builds/xtensa-esp-elf/xtensa-esp-elf/include --with-newlib --enable-threads=no --disable-shared --with-pkgversion='crosstool-NG esp-14.2.0_20260121' --disable-__cxa_atexit --enable-cxx-flags='-ffunction-sections -fdata-sections' --disable-libgomp --disable-libmudflap --disable-libmpx --disable-libssp --disable-libquadmath --disable-libquadmath-support --disable-libstdcxx-verbose --with-gmp=/builds/idf/crosstool-NG/.build/xtensa-esp-elf/buildtools --with-mpfr=/builds/idf/crosstool-NG/.build/xtensa-esp-elf/buildtools --with-mpc=/builds/idf/crosstool-NG/.build/xtensa-esp-elf/buildtools --with-isl=/builds/idf/crosstool-NG/.build/xtensa-esp-elf/buildtools --enable-lto --enable-target-optspace --without-long-double-128 --enable-plugin --disable-nls --enable-multiarch --enable-languages=c c++ --disable-libstdcxx-verbose --enable-threads=posix --enable-libstdcxx-time=yes --disable-win32-utf8-manifest]
  ignore line: [Thread model: posix]
  ignore line: [Supported LTO compression algorithms: zlib zstd]
  ignore line: [gcc version 14.2.0 (crosstool-NG esp-14.2.0_20260121) ]
  ignore line: [COMPILER_PATH=/home/vietnq/.espressif/tools/xtensa-esp-elf/esp-14.2.0_20260121/xtensa-esp-elf/bin/../libexec/gcc/xtensa-esp-elf/14.2.0/:/home/vietnq/.espressif/tools/xtensa-esp-elf/esp-14.2.0_20260121/xtensa-esp-elf/bin/../libexec/gcc/:/home/vietnq/.espressif/tools/xtensa-esp-elf/esp-14.2.0_20260121/xtensa-esp-elf/bin/../lib/gcc/xtensa-esp-elf/14.2.0/../../../../xtensa-esp-elf/bin/]
  ignore line: [LIBRARY_PATH=/home/vietnq/.espressif/tools/xtensa-esp-elf/esp-14.2.0_20260121/xtensa-esp-elf/bin/../lib/gcc/xtensa-esp-elf/14.2.0/esp32/no-rtti/:/home/vietnq/.espressif/tools/xtensa-esp-elf/esp-14.2.0_20260121/xtensa-esp-elf/bin/../lib/gcc/xtensa-esp-elf/14.2.0/../../../../xtensa-esp-elf/lib/esp32/no-rtti/:/home/vietnq/.espressif/tools/xtensa-esp-elf/esp-14.2.0_20260121/xtensa-esp-elf/bin/../xtensa-esp-elf/lib/esp32/no-rtti/:/home/vietnq/.espressif/tools/xtensa-esp-elf/esp-14.2.0_20260121/xtensa-esp-elf/bin/../lib/gcc/xtensa-esp-elf/14.2.0/:/home/vietnq/.espressif/tools/xtensa-esp-elf/esp-14.2.0_20260121/xtensa-esp-elf/bin/../lib/gcc/:/home/vietnq/.espressif/tools/xtensa-esp-elf/esp-14.2.0_20260121/xtensa-esp-elf/bin/../lib/gcc/xtensa-esp-elf/14.2.0/../../../../xtensa-esp-elf/lib/:/home/vietnq/.espressif/tools/xtensa-esp-elf/esp-14.2.0_20260121/xtensa-esp-elf/bin/../xtensa-esp-elf/lib/:/home/vietnq/.espressif/tools/xtensa-esp-elf/esp-14.2.0_20260121/xtensa-esp-elf/bin/../xtensa-esp-elf/usr/lib/]
  ignore line: [COLLECT_GCC_OPTIONS='-mdynconfig=xtensa_esp32.so' '-Wno-frame-address' '-mlongcalls' '-fno-builtin-memcpy' '-fno-builtin-memset' '-fno-builtin-bzero' '-nostartfiles' '-fno-rtti' '-v' '-o' 'cmTC_4107f' '-dumpdir' 'cmTC_4107f.']
  link line: [ /home/vietnq/.espressif/tools/xtensa-esp-elf/esp-14.2.0_20260121/xtensa-esp-elf/bin/../libexec/gcc/xtensa-esp-elf/14.2.0/collect2 -plugin /home/vietnq/.espressif/tools/xtensa-esp-elf/esp-14.2.0_20260121/xtensa-esp-elf/bin/../libexec/gcc/xtensa-esp-elf/14.2.0/liblto_plugin.so -plugin-opt=/home/vietnq/.espressif/tools/xtensa-esp-elf/esp-14.2.0_20260121/xtensa-esp-elf/bin/../libexec/gcc/xtensa-esp-elf/14.2.0/lto-wrapper -plugin-opt=-fresolution=/tmp/cc5jY6LV.res -plugin-opt=-pass-through=-lgcc -plugin-opt=-pass-through=-lc -plugin-opt=-pass-through=-lnosys -plugin-opt=-pass-through=-lc -plugin-opt=-pass-through=-lgcc --sysroot=/home/vietnq/.espressif/tools/xtensa-esp-elf/esp-14.2.0_20260121/xtensa-esp-elf/bin/../xtensa-esp-elf --dynconfig=xtensa_esp32.so -o cmTC_4107f -L/home/vietnq/.espressif/tools/xtensa-esp-elf/esp-14.2.0_20260121/xtensa-esp-elf/bin/../lib/gcc/xtensa-esp-elf/14.2.0/esp32/no-rtti -L/home/vietnq/.espressif/tools/xtensa-esp-elf/esp-14.2.0_20260121/xtensa-esp-elf/bin/../lib/gcc/xtensa-esp-elf/14.2.0/../../../../xtensa-esp-elf/lib/esp32/no-rtti -L/home/vietnq/.espressif/tools/xtensa-esp-elf/esp-14.2.0_20260121/xtensa-esp-elf/bin/../xtensa-esp-elf/lib/esp32/no-rtti -L/home/vietnq/.espressif/tools/xtensa-esp-elf/esp-14.2.0_20260121/xtensa-esp-elf/bin/../lib/gcc/xtensa-esp-elf/14.2.0 -L/home/vietnq/.espressif/tools/xtensa-esp-elf/esp-14.2.0_20260121/xtensa-esp-elf/bin/../lib/gcc -L/home/vietnq/.espressif/tools/xtensa-esp-elf/esp-14.2.0_20260121/xtensa-esp-elf/bin/../lib/gcc/xtensa-esp-elf/14.2.0/../../../../xtensa-esp-elf/lib -L/home/vietnq/.espressif/tools/xtensa-esp-elf/esp-14.2.0_20260121/xtensa-esp-elf/bin/../xtensa-esp-elf/lib -L/home/vietnq/.espressif/tools/xtensa-esp-elf/esp-14.2.0_20260121/xtensa-esp-elf/bin/../xtensa-esp-elf/usr/lib @/tmp/ccG1eU8y -lgcc -lc -lnosys -lc -lgcc]
    arg [/home/vietnq/.espressif/tools/xtensa-esp-elf/esp-14.2.0_20260121/xtensa-esp-elf/bin/../libexec/gcc/xtensa-esp-elf/14.2.0/collect2] ==> ignore
    arg [-plugin] ==> ignore
    arg [/home/vietnq/.espressif/tools/xtensa-esp-elf/esp-14.2.0_20260121/xtensa-esp-elf/bin/../libexec/gcc/xtensa-esp-elf/14.2.0/liblto_plugin.so] ==> ignore
    arg [-plugin-opt=/home/vietnq/.espressif/tools/xtensa-esp-elf/esp-14.2.0_20260121/xtensa-esp-elf/bin/../libexec/gcc/xtensa-esp-elf/14.2.0/lto-wrapper] ==> ignore
    arg [-plugin-opt=-fresolution=/tmp/cc5jY6LV.res] ==> ignore
    arg [-plugin-opt=-pass-through=-lgcc] ==> ignore
    arg [-plugin-opt=-pass-through=-lc] ==> ignore
    arg [-plugin-opt=-pass-through=-lnosys] ==> ignore
    arg [-plugin-opt=-pass-through=-lc] ==> ignore
    arg [-plugin-opt=-pass-through=-lgcc] ==> ignore
    arg [--sysroot=/home/vietnq/.espressif/tools/xtensa-esp-elf/esp-14.2.0_20260121/xtensa-esp-elf/bin/../xtensa-esp-elf] ==> ignore
    arg [--dynconfig=xtensa_esp32.so] ==> ignore
    arg [-o] ==> ignore
    arg [cmTC_4107f] ==> ignore
    arg [-L/home/vietnq/.espressif/tools/xtensa-esp-elf/esp-14.2.0_20260121/xtensa-esp-elf/bin/../lib/gcc/xtensa-esp-elf/14.2.0/esp32/no-rtti] ==> dir [/home/vietnq/.espressif/tools/xtensa-esp-elf/esp-14.2.0_20260121/xtensa-esp-elf/bin/../lib/gcc/xtensa-esp-elf/14.2.0/esp32/no-rtti]
    arg [-L/home/vietnq/.espressif/tools/xtensa-esp-elf/esp-14.2.0_20260121/xtensa-esp-elf/bin/../lib/gcc/xtensa-esp-elf/14.2.0/../../../../xtensa-esp-elf/lib/esp32/no-rtti] ==> dir [/home/vietnq/.espressif/tools/xtensa-esp-elf/esp-14.2.0_20260121/xtensa-esp-elf/bin/../lib/gcc/xtensa-esp-elf/14.2.0/../../../../xtensa-esp-elf/lib/esp32/no-rtti]
    arg [-L/home/vietnq/.espressif/tools/xtensa-esp-elf/esp-14.2.0_20260121/xtensa-esp-elf/bin/../xtensa-esp-elf/lib/esp32/no-rtti] ==> dir [/home/vietnq/.espressif/tools/xtensa-esp-elf/esp-14.2.0_20260121/xtensa-esp-elf/bin/../xtensa-esp-elf/lib/esp32/no-rtti]
    arg [-L/home/vietnq/.espressif/tools/xtensa-esp-elf/esp-14.2.0_20260121/xtensa-esp-elf/bin/../lib/gcc/xtensa-esp-elf/14.2.0] ==> dir [/home/vietnq/.espressif/tools/xtensa-esp-elf/esp-14.2.0_20260121/xtensa-esp-elf/bin/../lib/gcc/xtensa-esp-elf/14.2.0]
    arg [-L/home/vietnq/.espressif/tools/xtensa-esp-elf/esp-14.2.0_20260121/xtensa-esp-elf/bin/../lib/gcc] ==> dir [/home/vietnq/.espressif/tools/xtensa-esp-elf/esp-14.2.0_20260121/xtensa-esp-elf/bin/../lib/gcc]
    arg [-L/home/vietnq/.espressif/tools/xtensa-esp-elf/esp-14.2.0_20260121/xtensa-esp-elf/bin/../lib/gcc/xtensa-esp-elf/14.2.0/../../../../xtensa-esp-elf/lib] ==> dir [/home/vietnq/.espressif/tools/xtensa-esp-elf/esp-14.2.0_20260121/xtensa-esp-elf/bin/../lib/gcc/xtensa-esp-elf/14.2.0/../../../../xtensa-esp-elf/lib]
    arg [-L/home/vietnq/.espressif/tools/xtensa-esp-elf/esp-14.2.0_20260121/xtensa-esp-elf/bin/../xtensa-esp-elf/lib] ==> dir [/home/vietnq/.espressif/tools/xtensa-esp-elf/esp-14.2.0_20260121/xtensa-esp-elf/bin/../xtensa-esp-elf/lib]
    arg [-L/home/vietnq/.espressif/tools/xtensa-esp-elf/esp-14.2.0_20260121/xtensa-esp-elf/bin/../xtensa-esp-elf/usr/lib] ==> dir [/home/vietnq/.espressif/tools/xtensa-esp-elf/esp-14.2.0_20260121/xtensa-esp-elf/bin/../xtensa-esp-elf/usr/lib]
    arg [@/tmp/ccG1eU8y] ==> ignore
    arg [-lgcc] ==> lib [gcc]
    arg [-lc] ==> lib [c]
    arg [-lnosys] ==> lib [nosys]
    arg [-lc] ==> lib [c]
    arg [-lgcc] ==> lib [gcc]
  collapse library dir [/home/vietnq/.espressif/tools/xtensa-esp-elf/esp-14.2.0_20260121/xtensa-esp-elf/bin/../lib/gcc/xtensa-esp-elf/14.2.0/esp32/no-rtti] ==> [/home/vietnq/.espressif/tools/xtensa-esp-elf/esp-14.2.0_20260121/xtensa-esp-elf/lib/gcc/xtensa-esp-elf/14.2.0/esp32/no-rtti]
  collapse library dir [/home/vietnq/.espressif/tools/xtensa-esp-elf/esp-14.2.0_20260121/xtensa-esp-elf/bin/../lib/gcc/xtensa-esp-elf/14.2.0/../../../../xtensa-esp-elf/lib/esp32/no-rtti] ==> [/home/vietnq/.espressif/tools/xtensa-esp-elf/esp-14.2.0_20260121/xtensa-esp-elf/xtensa-esp-elf/lib/esp32/no-rtti]
  collapse library dir [/home/vietnq/.espressif/tools/xtensa-esp-elf/esp-14.2.0_20260121/xtensa-esp-elf/bin/../xtensa-esp-elf/lib/esp32/no-rtti] ==> [/home/vietnq/.espressif/tools/xtensa-esp-elf/esp-14.2.0_20260121/xtensa-esp-elf/xtensa-esp-elf/lib/esp32/no-rtti]
  collapse library dir [/home/vietnq/.espressif/tools/xtensa-esp-elf/esp-14.2.0_20260121/xtensa-esp-elf/bin/../lib/gcc/xtensa-esp-elf/14.2.0] ==> [/home/vietnq/.espressif/tools/xtensa-esp-elf/esp-14.2.0_20260121/xtensa-esp-elf/lib/gcc/xtensa-esp-elf/14.2.0]
  collapse library dir [/home/vietnq/.espressif/tools/xtensa-esp-elf/esp-14.2.0_20260121/xtensa-esp-elf/bin/../lib/gcc] ==> [/home/vietnq/.espressif/tools/xtensa-esp-elf/esp-14.2.0_20260121/xtensa-esp-elf/lib/gcc]
  collapse library dir [/home/vietnq/.espressif/tools/xtensa-esp-elf/esp-14.2.0_20260121/xtensa-esp-elf/bin/../lib/gcc/xtensa-esp-elf/14.2.0/../../../../xtensa-esp-elf/lib] ==> [/home/vietnq/.espressif/tools/xtensa-esp-elf/esp-14.2.0_20260121/xtensa-esp-elf/xtensa-esp-elf/lib]
  collapse library dir [/home/vietnq/.espressif/tools/xtensa-esp-elf/esp-14.2.0_20260121/xtensa-esp-elf/bin/../xtensa-esp-elf/lib] ==> [/home/vietnq/.espressif/tools/xtensa-esp-elf/esp-14.2.0_20260121/xtensa-esp-elf/xtensa-esp-elf/lib]
  collapse library dir [/home/vietnq/.espressif/tools/xtensa-esp-elf/esp-14.2.0_20260121/xtensa-esp-elf/bin/../xtensa-esp-elf/usr/lib] ==> [/home/vietnq/.espressif/tools/xtensa-esp-elf/esp-14.2.0_20260121/xtensa-esp-elf/xtensa-esp-elf/usr/lib]
  implicit libs: [gcc;c;nosys;c;gcc]
  implicit objs: []
  implicit dirs: [/home/vietnq/.espressif/tools/xtensa-esp-elf/esp-14.2.0_20260121/xtensa-esp-elf/lib/gcc/xtensa-esp-elf/14.2.0/esp32/no-rtti;/home/vietnq/.espressif/tools/xtensa-esp-elf/esp-14.2.0_20260121/xtensa-esp-elf/xtensa-esp-elf/lib/esp32/no-rtti;/home/vietnq/.espressif/tools/xtensa-esp-elf/esp-14.2.0_20260121/xtensa-esp-elf/lib/gcc/xtensa-esp-elf/14.2.0;/home/vietnq/.espressif/tools/xtensa-esp-elf/esp-14.2.0_20260121/xtensa-esp-elf/lib/gcc;/home/vietnq/.espressif/tools/xtensa-esp-elf/esp-14.2.0_20260121/xtensa-esp-elf/xtensa-esp-elf/lib;/home/vietnq/.espressif/tools/xtensa-esp-elf/esp-14.2.0_20260121/xtensa-esp-elf/xtensa-esp-elf/usr/lib]
  implicit fwks: []


Detecting C compiler ABI info compiled with the following output:
Change Dir: /home/vietnq/esp/ota/build/bootloader/CMakeFiles/CMakeTmp

Run Build Command(s):/usr/bin/ninja cmTC_fde4b && [1/2] Building C object CMakeFiles/cmTC_fde4b.dir/CMakeCCompilerABI.c.obj
Using built-in specs.
COLLECT_GCC=/home/vietnq/.espressif/tools/xtensa-esp-elf/esp-14.2.0_20260121/xtensa-esp-elf/bin/xtensa-esp-elf-gcc
Target: xtensa-esp-elf
Configured with: /builds/idf/crosstool-NG/.build/xtensa-esp-elf/src/gcc/configure --build=x86_64-build_pc-linux-gnu --host=x86_64-build_pc-linux-gnu --target=xtensa-esp-elf --prefix=/builds/idf/crosstool-NG/builds/xtensa-esp-elf --exec_prefix=/builds/idf/crosstool-NG/builds/xtensa-esp-elf --with-local-prefix=/builds/idf/crosstool-NG/builds/xtensa-esp-elf/xtensa-esp-elf --with-sysroot=/builds/idf/crosstool-NG/builds/xtensa-esp-elf/xtensa-esp-elf --with-native-system-header-dir=/include --with-headers=/builds/idf/crosstool-NG/builds/xtensa-esp-elf/xtensa-esp-elf/include --with-newlib --enable-threads=no --disable-shared --with-pkgversion='crosstool-NG esp-14.2.0_20260121' --disable-__cxa_atexit --enable-cxx-flags='-ffunction-sections -fdata-sections' --disable-libgomp --disable-libmudflap --disable-libmpx --disable-libssp --disable-libquadmath --disable-libquadmath-support --disable-libstdcxx-verbose --with-gmp=/builds/idf/crosstool-NG/.build/xtensa-esp-elf/buildtools --with-mpfr=/builds/idf/crosstool-NG/.build/xtensa-esp-elf/buildtools --with-mpc=/builds/idf/crosstool-NG/.build/xtensa-esp-elf/buildtools --with-isl=/builds/idf/crosstool-NG/.build/xtensa-esp-elf/buildtools --enable-lto --enable-target-optspace --without-long-double-128 --enable-plugin --disable-nls --enable-multiarch --enable-languages=c,c++ --disable-libstdcxx-verbose --enable-threads=posix --enable-libstdcxx-time=yes --disable-win32-utf8-manifest
Thread model: posix
Supported LTO compression algorithms: zlib zstd
gcc version 14.2.0 (crosstool-NG esp-14.2.0_20260121) 
COLLECT_GCC_OPTIONS='-mdynconfig=xtensa_esp32.so' '-Wno-frame-address' '-mlongcalls' '-fno-builtin-memcpy' '-fno-builtin-memset' '-fno-builtin-bzero' '-v' '-o' 'CMakeFiles/cmTC_fde4b.dir/CMakeCCompilerABI.c.obj' '-c' '-dumpdir' 'CMakeFiles/cmTC_fde4b.dir/'
 /home/vietnq/.espressif/tools/xtensa-esp-elf/esp-14.2.0_20260121/xtensa-esp-elf/bin/../libexec/gcc/xtensa-esp-elf/14.2.0/cc1 -quiet -v -imultilib esp32 -iprefix /home/vietnq/.espressif/tools/xtensa-esp-elf/esp-14.2.0_20260121/xtensa-esp-elf/bin/../lib/gcc/xtensa-esp-elf/14.2.0/ -isysroot /home/vietnq/.espressif/tools/xtensa-esp-elf/esp-14.2.0_20260121/xtensa-esp-elf/bin/../xtensa-esp-elf /usr/share/cmake-3.22/Modules/CMakeCCompilerABI.c -quiet -dumpdir CMakeFiles/cmTC_fde4b.dir/ -dumpbase CMakeCCompilerABI.c.c -dumpbase-ext .c -mdynconfig=xtensa_esp32.so -mlongcalls -Wno-frame-address -version -fno-builtin-memcpy -fno-builtin-memset -fno-builtin-bzero -o /tmp/ccgc7lZD.s
GNU C17 (crosstool-NG esp-14.2.0_20260121) version 14.2.0 (xtensa-esp-elf)
	compiled by GNU C version 6.3.0, GMP version 6.3.0, MPFR version 4.2.1, MPC version 1.3.1, isl version isl-0.26-GMP

GGC heuristics: --param ggc-min-expand=100 --param ggc-min-heapsize=131072
ignoring duplicate directory "/home/vietnq/.espressif/tools/xtensa-esp-elf/esp-14.2.0_20260121/xtensa-esp-elf/bin/../lib/gcc/../../lib/gcc/xtensa-esp-elf/14.2.0/include"
ignoring nonexistent directory "/home/vietnq/.espressif/tools/xtensa-esp-elf/esp-14.2.0_20260121/xtensa-esp-elf/bin/../xtensa-esp-elf/builds/idf/crosstool-NG/builds/xtensa-esp-elf/xtensa-esp-elf/include"
ignoring duplicate directory "/home/vietnq/.espressif/tools/xtensa-esp-elf/esp-14.2.0_20260121/xtensa-esp-elf/bin/../lib/gcc/../../lib/gcc/xtensa-esp-elf/14.2.0/include-fixed"
ignoring duplicate directory "/home/vietnq/.espressif/tools/xtensa-esp-elf/esp-14.2.0_20260121/xtensa-esp-elf/bin/../lib/gcc/../../lib/gcc/xtensa-esp-elf/14.2.0/../../../../xtensa-esp-elf/include"
ignoring duplicate directory "/home/vietnq/.espressif/tools/xtensa-esp-elf/esp-14.2.0_20260121/xtensa-esp-elf/bin/../xtensa-esp-elf/include"
#include "..." search starts here:
#include <...> search starts here:
 /home/vietnq/.espressif/tools/xtensa-esp-elf/esp-14.2.0_20260121/xtensa-esp-elf/bin/../lib/gcc/xtensa-esp-elf/14.2.0/include
 /home/vietnq/.espressif/tools/xtensa-esp-elf/esp-14.2.0_20260121/xtensa-esp-elf/bin/../lib/gcc/xtensa-esp-elf/14.2.0/include-fixed
 /home/vietnq/.espressif/tools/xtensa-esp-elf/esp-14.2.0_20260121/xtensa-esp-elf/bin/../lib/gcc/xtensa-esp-elf/14.2.0/../../../../xtensa-esp-elf/include
End of search list.
Compiler executable checksum: 709abf7e99d4c633116df3b91860509f
COLLECT_GCC_OPTIONS='-mdynconfig=xtensa_esp32.so' '-Wno-frame-address' '-mlongcalls' '-fno-builtin-memcpy' '-fno-builtin-memset' '-fno-builtin-bzero' '-v' '-o' 'CMakeFiles/cmTC_fde4b.dir/CMakeCCompilerABI.c.obj' '-c' '-dumpdir' 'CMakeFiles/cmTC_fde4b.dir/'
 /home/vietnq/.espressif/tools/xtensa-esp-elf/esp-14.2.0_20260121/xtensa-esp-elf/bin/../lib/gcc/xtensa-esp-elf/14.2.0/../../../../xtensa-esp-elf/bin/as --traditional-format --longcalls --dynconfig=xtensa_esp32.so -o CMakeFiles/cmTC_fde4b.dir/CMakeCCompilerABI.c.obj /tmp/ccgc7lZD.s
COMPILER_PATH=/home/vietnq/.espressif/tools/xtensa-esp-elf/esp-14.2.0_20260121/xtensa-esp-elf/bin/../libexec/gcc/xtensa-esp-elf/14.2.0/:/home/vietnq/.espressif/tools/xtensa-esp-elf/esp-14.2.0_20260121/xtensa-esp-elf/bin/../libexec/gcc/:/home/vietnq/.espressif/tools/xtensa-esp-elf/esp-14.2.0_20260121/xtensa-esp-elf/bin/../lib/gcc/xtensa-esp-elf/14.2.0/../../../../xtensa-esp-elf/bin/
LIBRARY_PATH=/home/vietnq/.espressif/tools/xtensa-esp-elf/esp-14.2.0_20260121/xtensa-esp-elf/bin/../lib/gcc/xtensa-esp-elf/14.2.0/esp32/:/home/vietnq/.espressif/tools/xtensa-esp-elf/esp-14.2.0_20260121/xtensa-esp-elf/bin/../lib/gcc/xtensa-esp-elf/14.2.0/../../../../xtensa-esp-elf/lib/esp32/:/home/vietnq/.espressif/tools/xtensa-esp-elf/esp-14.2.0_20260121/xtensa-esp-elf/bin/../xtensa-esp-elf/lib/esp32/:/home/vietnq/.espressif/tools/xtensa-esp-elf/esp-14.2.0_20260121/xtensa-esp-elf/bin/../lib/gcc/xtensa-esp-elf/14.2.0/:/home/vietnq/.espressif/tools/xtensa-esp-elf/esp-14.2.0_20260121/xtensa-esp-elf/bin/../lib/gcc/:/home/vietnq/.espressif/tools/xtensa-esp-elf/esp-14.2.0_20260121/xtensa-esp-elf/bin/../lib/gcc/xtensa-esp-elf/14.2.0/../../../../xtensa-esp-elf/lib/:/home/vietnq/.espressif/tools/xtensa-esp-elf/esp-14.2.0_20260121/xtensa-esp-elf/bin/../xtensa-esp-elf/lib/:/home/vietnq/.espressif/tools/xtensa-esp-elf/esp-14.2.0_20260121/xtensa-esp-elf/bin/../xtensa-esp-elf/usr/lib/
COLLECT_GCC_OPTIONS='-mdynconfig=xtensa_esp32.so' '-Wno-frame-address' '-mlongcalls' '-fno-builtin-memcpy' '-fno-builtin-memset' '-fno-builtin-bzero' '-v' '-o' 'CMakeFiles/cmTC_fde4b.dir/CMakeCCompilerABI.c.obj' '-c' '-dumpdir' 'CMakeFiles/cmTC_fde4b.dir/CMakeCCompilerABI.c.'
[2/2] Linking C executable cmTC_fde4b
Using built-in specs.
COLLECT_GCC=/home/vietnq/.espressif/tools/xtensa-esp-elf/esp-14.2.0_20260121/xtensa-esp-elf/bin/xtensa-esp-elf-gcc
COLLECT_LTO_WRAPPER=/home/vietnq/.espressif/tools/xtensa-esp-elf/esp-14.2.0_20260121/xtensa-esp-elf/bin/../libexec/gcc/xtensa-esp-elf/14.2.0/lto-wrapper
Target: xtensa-esp-elf
Configured with: /builds/idf/crosstool-NG/.build/xtensa-esp-elf/src/gcc/configure --build=x86_64-build_pc-linux-gnu --host=x86_64-build_pc-linux-gnu --target=xtensa-esp-elf --prefix=/builds/idf/crosstool-NG/builds/xtensa-esp-elf --exec_prefix=/builds/idf/crosstool-NG/builds/xtensa-esp-elf --with-local-prefix=/builds/idf/crosstool-NG/builds/xtensa-esp-elf/xtensa-esp-elf --with-sysroot=/builds/idf/crosstool-NG/builds/xtensa-esp-elf/xtensa-esp-elf --with-native-system-header-dir=/include --with-headers=/builds/idf/crosstool-NG/builds/xtensa-esp-elf/xtensa-esp-elf/include --with-newlib --enable-threads=no --disable-shared --with-pkgversion='crosstool-NG esp-14.2.0_20260121' --disable-__cxa_atexit --enable-cxx-flags='-ffunction-sections -fdata-sections' --disable-libgomp --disable-libmudflap --disable-libmpx --disable-libssp --disable-libquadmath --disable-libquadmath-support --disable-libstdcxx-verbose --with-gmp=/builds/idf/crosstool-NG/.build/xtensa-esp-elf/buildtools --with-mpfr=/builds/idf/crosstool-NG/.build/xtensa-esp-elf/buildtools --with-mpc=/builds/idf/crosstool-NG/.build/xtensa-esp-elf/buildtools --with-isl=/builds/idf/crosstool-NG/.build/xtensa-esp-elf/buildtools --enable-lto --enable-target-optspace --without-long-double-128 --enable-plugin --disable-nls --enable-multiarch --enable-languages=c,c++ --disable-libstdcxx-verbose --enable-threads=posix --enable-libstdcxx-time=yes --disable-win32-utf8-manifest
Thread model: posix
Supported LTO compression algorithms: zlib zstd
gcc version 14.2.0 (crosstool-NG esp-14.2.0_20260121) 
COMPILER_PATH=/home/vietnq/.espressif/tools/xtensa-esp-elf/esp-14.2.0_20260121/xtensa-esp-elf/bin/../libexec/gcc/xtensa-esp-elf/14.2.0/:/home/vietnq/.espressif/tools/xtensa-esp-elf/esp-14.2.0_20260121/xtensa-esp-elf/bin/../libexec/gcc/:/home/vietnq/.espressif/tools/xtensa-esp-elf/esp-14.2.0_20260121/xtensa-esp-elf/bin/../lib/gcc/xtensa-esp-elf/14.2.0/../../../../xtensa-esp-elf/bin/
LIBRARY_PATH=/home/vietnq/.espressif/tools/xtensa-esp-elf/esp-14.2.0_20260121/xtensa-esp-elf/bin/../lib/gcc/xtensa-esp-elf/14.2.0/esp32/no-rtti/:/home/vietnq/.espressif/tools/xtensa-esp-elf/esp-14.2.0_20260121/xtensa-esp-elf/bin/../lib/gcc/xtensa-esp-elf/14.2.0/../../../../xtensa-esp-elf/lib/esp32/no-rtti/:/home/vietnq/.espressif/tools/xtensa-esp-elf/esp-14.2.0_20260121/xtensa-esp-elf/bin/../xtensa-esp-elf/lib/esp32/no-rtti/:/home/vietnq/.espressif/tools/xtensa-esp-elf/esp-14.2.0_20260121/xtensa-esp-elf/bin/../lib/gcc/xtensa-esp-elf/14.2.0/:/home/vietnq/.espressif/tools/xtensa-esp-elf/esp-14.2.0_20260121/xtensa-esp-elf/bin/../lib/gcc/:/home/vietnq/.espressif/tools/xtensa-esp-elf/esp-14.2.0_20260121/xtensa-esp-elf/bin/../lib/gcc/xtensa-esp-elf/14.2.0/../../../../xtensa-esp-elf/lib/:/home/vietnq/.espressif/tools/xtensa-esp-elf/esp-14.2.0_20260121/xtensa-esp-elf/bin/../xtensa-esp-elf/lib/:/home/vietnq/.espressif/tools/xtensa-esp-elf/esp-14.2.0_20260121/xtensa-esp-elf/bin/../xtensa-esp-elf/usr/lib/
COLLECT_GCC_OPTIONS='-mdynconfig=xtensa_esp32.so' '-Wno-frame-address' '-mlongcalls' '-fno-builtin-memcpy' '-fno-builtin-memset' '-fno-builtin-bzero' '-nostartfiles' '-fno-rtti' '-v' '-o' 'cmTC_fde4b' '-dumpdir' 'cmTC_fde4b.'
 /home/vietnq/.espressif/tools/xtensa-esp-elf/esp-14.2.0_20260121/xtensa-esp-elf/bin/../libexec/gcc/xtensa-esp-elf/14.2.0/collect2 -plugin /home/vietnq/.espressif/tools/xtensa-esp-elf/esp-14.2.0_20260121/xtensa-esp-elf/bin/../libexec/gcc/xtensa-esp-elf/14.2.0/liblto_plugin.so -plugin-opt=/home/vietnq/.espressif/tools/xtensa-esp-elf/esp-14.2.0_20260121/xtensa-esp-elf/bin/../libexec/gcc/xtensa-esp-elf/14.2.0/lto-wrapper -plugin-opt=-fresolution=/tmp/ccYR4DD7.res -plugin-opt=-pass-through=-lgcc -plugin-opt=-pass-through=-lc -plugin-opt=-pass-through=-lnosys -plugin-opt=-pass-through=-lc -plugin-opt=-pass-through=-lgcc --sysroot=/home/vietnq/.espressif/tools/xtensa-esp-elf/esp-14.2.0_20260121/xtensa-esp-elf/bin/../xtensa-esp-elf --dynconfig=xtensa_esp32.so -o cmTC_fde4b -L/home/vietnq/.espressif/tools/xtensa-esp-elf/esp-14.2.0_20260121/xtensa-esp-elf/bin/../lib/gcc/xtensa-esp-elf/14.2.0/esp32/no-rtti -L/home/vietnq/.espressif/tools/xtensa-esp-elf/esp-14.2.0_20260121/xtensa-esp-elf/bin/../lib/gcc/xtensa-esp-elf/14.2.0/../../../../xtensa-esp-elf/lib/esp32/no-rtti -L/home/vietnq/.espressif/tools/xtensa-esp-elf/esp-14.2.0_20260121/xtensa-esp-elf/bin/../xtensa-esp-elf/lib/esp32/no-rtti -L/home/vietnq/.espressif/tools/xtensa-esp-elf/esp-14.2.0_20260121/xtensa-esp-elf/bin/../lib/gcc/xtensa-esp-elf/14.2.0 -L/home/vietnq/.espressif/tools/xtensa-esp-elf/esp-14.2.0_20260121/xtensa-esp-elf/bin/../lib/gcc -L/home/vietnq/.espressif/tools/xtensa-esp-elf/esp-14.2.0_20260121/xtensa-esp-elf/bin/../lib/gcc/xtensa-esp-elf/14.2.0/../../../../xtensa-esp-elf/lib -L/home/vietnq/.espressif/tools/xtensa-esp-elf/esp-14.2.0_20260121/xtensa-esp-elf/bin/../xtensa-esp-elf/lib -L/home/vietnq/.espressif/tools/xtensa-esp-elf/esp-14.2.0_20260121/xtensa-esp-elf/bin/../xtensa-esp-elf/usr/lib @/tmp/ccCXtzv9 -lgcc -lc -lnosys -lc -lgcc
/home/vietnq/.espressif/tools/xtensa-esp-elf/esp-14.2.0_20260121/xtensa-esp-elf/bin/../lib/gcc/xtensa-esp-elf/14.2.0/../../../../xtensa-esp-elf/bin/ld: warning: cannot find entry symbol _start; defaulting to 00400054
COLLECT_GCC_OPTIONS='-mdynconfig=xtensa_esp32.so' '-Wno-frame-address' '-mlongcalls' '-fno-builtin-memcpy' '-fno-builtin-memset' '-fno-builtin-bzero' '-nostartfiles' '-fno-rtti' '-v' '-o' 'cmTC_fde4b' '-dumpdir' 'cmTC_fde4b.'



Parsed C implicit include dir info from above output: rv=done
  found start of include info
  found start of implicit include info
    add: [/home/vietnq/.espressif/tools/xtensa-esp-elf/esp-14.2.0_20260121/xtensa-esp-elf/bin/../lib/gcc/xtensa-esp-elf/14.2.0/include]
    add: [/home/vietnq/.espressif/tools/xtensa-esp-elf/esp-14.2.0_20260121/xtensa-esp-elf/bin/../lib/gcc/xtensa-esp-elf/14.2.0/include-fixed]
    add: [/home/vietnq/.espressif/tools/xtensa-esp-elf/esp-14.2.0_20260121/xtensa-esp-elf/bin/../lib/gcc/xtensa-esp-elf/14.2.0/../../../../xtensa-esp-elf/include]
  end of search list found
  collapse include dir [/home/vietnq/.espressif/tools/xtensa-esp-elf/esp-14.2.0_20260121/xtensa-esp-elf/bin/../lib/gcc/xtensa-esp-elf/14.2.0/include] ==> [/home/vietnq/.espressif/tools/xtensa-esp-elf/esp-14.2.0_20260121/xtensa-esp-elf/lib/gcc/xtensa-esp-elf/14.2.0/include]
  collapse include dir [/home/vietnq/.espressif/tools/xtensa-esp-elf/esp-14.2.0_20260121/xtensa-esp-elf/bin/../lib/gcc/xtensa-esp-elf/14.2.0/include-fixed] ==> [/home/vietnq/.espressif/tools/xtensa-esp-elf/esp-14.2.0_20260121/xtensa-esp-elf/lib/gcc/xtensa-esp-elf/14.2.0/include-fixed]
  collapse include dir [/home/vietnq/.espressif/tools/xtensa-esp-elf/esp-14.2.0_20260121/xtensa-esp-elf/bin/../lib/gcc/xtensa-esp-elf/14.2.0/../../../../xtensa-esp-elf/include] ==> [/home/vietnq/.espressif/tools/xtensa-esp-elf/esp-14.2.0_20260121/xtensa-esp-elf/xtensa-esp-elf/include]
  implicit include dirs: [/home/vietnq/.espressif/tools/xtensa-esp-elf/esp-14.2.0_20260121/xtensa-esp-elf/lib/gcc/xtensa-esp-elf/14.2.0/include;/home/vietnq/.espressif/tools/xtensa-esp-elf/esp-14.2.0_20260121/xtensa-esp-elf/lib/gcc/xtensa-esp-elf/14.2.0/include-fixed;/home/vietnq/.espressif/tools/xtensa-esp-elf/esp-14.2.0_20260121/xtensa-esp-elf/xtensa-esp-elf/include]


Parsed C implicit link information from above output:
  link line regex: [^( *|.*[/\])(xtensa-esp32-elf-ld|CMAKE_LINK_STARTFILE-NOTFOUND|([^/\]+-)?ld|collect2)[^/\]*( |$)]
  ignore line: [Change Dir: /home/vietnq/esp/ota/build/bootloader/CMakeFiles/CMakeTmp]
  ignore line: []
  ignore line: [Run Build Command(s):/usr/bin/ninja cmTC_fde4b && [1/2] Building C object CMakeFiles/cmTC_fde4b.dir/CMakeCCompilerABI.c.obj]
  ignore line: [Using built-in specs.]
  ignore line: [COLLECT_GCC=/home/vietnq/.espressif/tools/xtensa-esp-elf/esp-14.2.0_20260121/xtensa-esp-elf/bin/xtensa-esp-elf-gcc]
  ignore line: [Target: xtensa-esp-elf]
  ignore line: [Configured with: /builds/idf/crosstool-NG/.build/xtensa-esp-elf/src/gcc/configure --build=x86_64-build_pc-linux-gnu --host=x86_64-build_pc-linux-gnu --target=xtensa-esp-elf --prefix=/builds/idf/crosstool-NG/builds/xtensa-esp-elf --exec_prefix=/builds/idf/crosstool-NG/builds/xtensa-esp-elf --with-local-prefix=/builds/idf/crosstool-NG/builds/xtensa-esp-elf/xtensa-esp-elf --with-sysroot=/builds/idf/crosstool-NG/builds/xtensa-esp-elf/xtensa-esp-elf --with-native-system-header-dir=/include --with-headers=/builds/idf/crosstool-NG/builds/xtensa-esp-elf/xtensa-esp-elf/include --with-newlib --enable-threads=no --disable-shared --with-pkgversion='crosstool-NG esp-14.2.0_20260121' --disable-__cxa_atexit --enable-cxx-flags='-ffunction-sections -fdata-sections' --disable-libgomp --disable-libmudflap --disable-libmpx --disable-libssp --disable-libquadmath --disable-libquadmath-support --disable-libstdcxx-verbose --with-gmp=/builds/idf/crosstool-NG/.build/xtensa-esp-elf/buildtools --with-mpfr=/builds/idf/crosstool-NG/.build/xtensa-esp-elf/buildtools --with-mpc=/builds/idf/crosstool-NG/.build/xtensa-esp-elf/buildtools --with-isl=/builds/idf/crosstool-NG/.build/xtensa-esp-elf/buildtools --enable-lto --enable-target-optspace --without-long-double-128 --enable-plugin --disable-nls --enable-multiarch --enable-languages=c c++ --disable-libstdcxx-verbose --enable-threads=posix --enable-libstdcxx-time=yes --disable-win32-utf8-manifest]
  ignore line: [Thread model: posix]
  ignore line: [Supported LTO compression algorithms: zlib zstd]
  ignore line: [gcc version 14.2.0 (crosstool-NG esp-14.2.0_20260121) ]
  ignore line: [COLLECT_GCC_OPTIONS='-mdynconfig=xtensa_esp32.so' '-Wno-frame-address' '-mlongcalls' '-fno-builtin-memcpy' '-fno-builtin-memset' '-fno-builtin-bzero' '-v' '-o' 'CMakeFiles/cmTC_fde4b.dir/CMakeCCompilerABI.c.obj' '-c' '-dumpdir' 'CMakeFiles/cmTC_fde4b.dir/']
  ignore line: [ /home/vietnq/.espressif/tools/xtensa-esp-elf/esp-14.2.0_20260121/xtensa-esp-elf/bin/../libexec/gcc/xtensa-esp-elf/14.2.0/cc1 -quiet -v -imultilib esp32 -iprefix /home/vietnq/.espressif/tools/xtensa-esp-elf/esp-14.2.0_20260121/xtensa-esp-elf/bin/../lib/gcc/xtensa-esp-elf/14.2.0/ -isysroot /home/vietnq/.espressif/tools/xtensa-esp-elf/esp-14.2.0_20260121/xtensa-esp-elf/bin/../xtensa-esp-elf /usr/share/cmake-3.22/Modules/CMakeCCompilerABI.c -quiet -dumpdir CMakeFiles/cmTC_fde4b.dir/ -dumpbase CMakeCCompilerABI.c.c -dumpbase-ext .c -mdynconfig=xtensa_esp32.so -mlongcalls -Wno-frame-address -version -fno-builtin-memcpy -fno-builtin-memset -fno-builtin-bzero -o /tmp/ccgc7lZD.s]
  ignore line: [GNU C17 (crosstool-NG esp-14.2.0_20260121) version 14.2.0 (xtensa-esp-elf)]
  ignore line: [	compiled by GNU C version 6.3.0  GMP version 6.3.0  MPFR version 4.2.1  MPC version 1.3.1  isl version isl-0.26-GMP]
  ignore line: []
  ignore line: [GGC heuristics: --param ggc-min-expand=100 --param ggc-min-heapsize=131072]
  ignore line: [ignoring duplicate directory "/home/vietnq/.espressif/tools/xtensa-esp-elf/esp-14.2.0_20260121/xtensa-esp-elf/bin/../lib/gcc/../../lib/gcc/xtensa-esp-elf/14.2.0/include"]
  ignore line: [ignoring nonexistent directory "/home/vietnq/.espressif/tools/xtensa-esp-elf/esp-14.2.0_20260121/xtensa-esp-elf/bin/../xtensa-esp-elf/builds/idf/crosstool-NG/builds/xtensa-esp-elf/xtensa-esp-elf/include"]
  ignore line: [ignoring duplicate directory "/home/vietnq/.espressif/tools/xtensa-esp-elf/esp-14.2.0_20260121/xtensa-esp-elf/bin/../lib/gcc/../../lib/gcc/xtensa-esp-elf/14.2.0/include-fixed"]
  ignore line: [ignoring duplicate directory "/home/vietnq/.espressif/tools/xtensa-esp-elf/esp-14.2.0_20260121/xtensa-esp-elf/bin/../lib/gcc/../../lib/gcc/xtensa-esp-elf/14.2.0/../../../../xtensa-esp-elf/include"]
  ignore line: [ignoring duplicate directory "/home/vietnq/.espressif/tools/xtensa-esp-elf/esp-14.2.0_20260121/xtensa-esp-elf/bin/../xtensa-esp-elf/include"]
  ignore line: [#include "..." search starts here:]
  ignore line: [#include <...> search starts here:]
  ignore line: [ /home/vietnq/.espressif/tools/xtensa-esp-elf/esp-14.2.0_20260121/xtensa-esp-elf/bin/../lib/gcc/xtensa-esp-elf/14.2.0/include]
  ignore line: [ /home/vietnq/.espressif/tools/xtensa-esp-elf/esp-14.2.0_20260121/xtensa-esp-elf/bin/../lib/gcc/xtensa-esp-elf/14.2.0/include-fixed]
  ignore line: [ /home/vietnq/.espressif/tools/xtensa-esp-elf/esp-14.2.0_20260121/xtensa-esp-elf/bin/../lib/gcc/xtensa-esp-elf/14.2.0/../../../../xtensa-esp-elf/include]
  ignore line: [End of search list.]
  ignore line: [Compiler executable checksum: 709abf7e99d4c633116df3b91860509f]
  ignore line: [COLLECT_GCC_OPTIONS='-mdynconfig=xtensa_esp32.so' '-Wno-frame-address' '-mlongcalls' '-fno-builtin-memcpy' '-fno-builtin-memset' '-fno-builtin-bzero' '-v' '-o' 'CMakeFiles/cmTC_fde4b.dir/CMakeCCompilerABI.c.obj' '-c' '-dumpdir' 'CMakeFiles/cmTC_fde4b.dir/']
  ignore line: [ /home/vietnq/.espressif/tools/xtensa-esp-elf/esp-14.2.0_20260121/xtensa-esp-elf/bin/../lib/gcc/xtensa-esp-elf/14.2.0/../../../../xtensa-esp-elf/bin/as --traditional-format --longcalls --dynconfig=xtensa_esp32.so -o CMakeFiles/cmTC_fde4b.dir/CMakeCCompilerABI.c.obj /tmp/ccgc7lZD.s]
  ignore line: [COMPILER_PATH=/home/vietnq/.espressif/tools/xtensa-esp-elf/esp-14.2.0_20260121/xtensa-esp-elf/bin/../libexec/gcc/xtensa-esp-elf/14.2.0/:/home/vietnq/.espressif/tools/xtensa-esp-elf/esp-14.2.0_20260121/xtensa-esp-elf/bin/../libexec/gcc/:/home/vietnq/.espressif/tools/xtensa-esp-elf/esp-14.2.0_20260121/xtensa-esp-elf/bin/../lib/gcc/xtensa-esp-elf/14.2.0/../../../../xtensa-esp-elf/bin/]
  ignore line: [LIBRARY_PATH=/home/vietnq/.espressif/tools/xtensa-esp-elf/esp-14.2.0_20260121/xtensa-esp-elf/bin/../lib/gcc/xtensa-esp-elf/14.2.0/esp32/:/home/vietnq/.espressif/tools/xtensa-esp-elf/esp-14.2.0_20260121/xtensa-esp-elf/bin/../lib/gcc/xtensa-esp-elf/14.2.0/../../../../xtensa-esp-elf/lib/esp32/:/home/vietnq/.espressif/tools/xtensa-esp-elf/esp-14.2.0_20260121/xtensa-esp-elf/bin/../xtensa-esp-elf/lib/esp32/:/home/vietnq/.espressif/tools/xtensa-esp-elf/esp-14.2.0_20260121/xtensa-esp-elf/bin/../lib/gcc/xtensa-esp-elf/14.2.0/:/home/vietnq/.espressif/tools/xtensa-esp-elf/esp-14.2.0_20260121/xtensa-esp-elf/bin/../lib/gcc/:/home/vietnq/.espressif/tools/xtensa-esp-elf/esp-14.2.0_20260121/xtensa-esp-elf/bin/../lib/gcc/xtensa-esp-elf/14.2.0/../../../../xtensa-esp-elf/lib/:/home/vietnq/.espressif/tools/xtensa-esp-elf/esp-14.2.0_20260121/xtensa-esp-elf/bin/../xtensa-esp-elf/lib/:/home/vietnq/.espressif/tools/xtensa-esp-elf/esp-14.2.0_20260121/xtensa-esp-elf/bin/../xtensa-esp-elf/usr/lib/]
  ignore line: [COLLECT_GCC_OPTIONS='-mdynconfig=xtensa_esp32.so' '-Wno-frame-address' '-mlongcalls' '-fno-builtin-memcpy' '-fno-builtin-memset' '-fno-builtin-bzero' '-v' '-o' 'CMakeFiles/cmTC_fde4b.dir/CMakeCCompilerABI.c.obj' '-c' '-dumpdir' 'CMakeFiles/cmTC_fde4b.dir/CMakeCCompilerABI.c.']
  ignore line: [[2/2] Linking C executable cmTC_fde4b]
  ignore line: [Using built-in specs.]
  ignore line: [COLLECT_GCC=/home/vietnq/.espressif/tools/xtensa-esp-elf/esp-14.2.0_20260121/xtensa-esp-elf/bin/xtensa-esp-elf-gcc]
  ignore line: [COLLECT_LTO_WRAPPER=/home/vietnq/.espressif/tools/xtensa-esp-elf/esp-14.2.0_20260121/xtensa-esp-elf/bin/../libexec/gcc/xtensa-esp-elf/14.2.0/lto-wrapper]
  ignore line: [Target: xtensa-esp-elf]
  ignore line: [Configured with: /builds/idf/crosstool-NG/.build/xtensa-esp-elf/src/gcc/configure --build=x86_64-build_pc-linux-gnu --host=x86_64-build_pc-linux-gnu --target=xtensa-esp-elf --prefix=/builds/idf/crosstool-NG/builds/xtensa-esp-elf --exec_prefix=/builds/idf/crosstool-NG/builds/xtensa-esp-elf --with-local-prefix=/builds/idf/crosstool-NG/builds/xtensa-esp-elf/xtensa-esp-elf --with-sysroot=/builds/idf/crosstool-NG/builds/xtensa-esp-elf/xtensa-esp-elf --with-native-system-header-dir=/include --with-headers=/builds/idf/crosstool-NG/builds/xtensa-esp-elf/xtensa-esp-elf/include --with-newlib --enable-threads=no --disable-shared --with-pkgversion='crosstool-NG esp-14.2.0_20260121' --disable-__cxa_atexit --enable-cxx-flags='-ffunction-sections -fdata-sections' --disable-libgomp --disable-libmudflap --disable-libmpx --disable-libssp --disable-libquadmath --disable-libquadmath-support --disable-libstdcxx-verbose --with-gmp=/builds/idf/crosstool-NG/.build/xtensa-esp-elf/buildtools --with-mpfr=/builds/idf/crosstool-NG/.build/xtensa-esp-elf/buildtools --with-mpc=/builds/idf/crosstool-NG/.build/xtensa-esp-elf/buildtools --with-isl=/builds/idf/crosstool-NG/.build/xtensa-esp-elf/buildtools --enable-lto --enable-target-optspace --without-long-double-128 --enable-plugin --disable-nls --enable-multiarch --enable-languages=c c++ --disable-libstdcxx-verbose --enable-threads=posix --enable-libstdcxx-time=yes --disable-win32-utf8-manifest]
  ignore line: [Thread model: posix]
  ignore line: [Supported LTO compression algorithms: zlib zstd]
  ignore line: [gcc version 14.2.0 (crosstool-NG esp-14.2.0_20260121) ]
  ignore line: [COMPILER_PATH=/home/vietnq/.espressif/tools/xtensa-esp-elf/esp-14.2.0_20260121/xtensa-esp-elf/bin/../libexec/gcc/xtensa-esp-elf/14.2.0/:/home/vietnq/.espressif/tools/xtensa-esp-elf/esp-14.2.0_20260121/xtensa-esp-elf/bin/../libexec/gcc/:/home/vietnq/.espressif/tools/xtensa-esp-elf/esp-14.2.0_20260121/xtensa-esp-elf/bin/../lib/gcc/xtensa-esp-elf/14.2.0/../../../../xtensa-esp-elf/bin/]
  ignore line: [LIBRARY_PATH=/home/vietnq/.espressif/tools/xtensa-esp-elf/esp-14.2.0_20260121/xtensa-esp-elf/bin/../lib/gcc/xtensa-esp-elf/14.2.0/esp32/no-rtti/:/home/vietnq/.espressif/tools/xtensa-esp-elf/esp-14.2.0_20260121/xtensa-esp-elf/bin/../lib/gcc/xtensa-esp-elf/14.2.0/../../../../xtensa-esp-elf/lib/esp32/no-rtti/:/home/vietnq/.espressif/tools/xtensa-esp-elf/esp-14.2.0_20260121/xtensa-esp-elf/bin/../xtensa-esp-elf/lib/esp32/no-rtti/:/home/vietnq/.espressif/tools/xtensa-esp-elf/esp-14.2.0_20260121/xtensa-esp-elf/bin/../lib/gcc/xtensa-esp-elf/14.2.0/:/home/vietnq/.espressif/tools/xtensa-esp-elf/esp-14.2.0_20260121/xtensa-esp-elf/bin/../lib/gcc/:/home/vietnq/.espressif/tools/xtensa-esp-elf/esp-14.2.0_20260121/xtensa-esp-elf/bin/../lib/gcc/xtensa-esp-elf/14.2.0/../../../../xtensa-esp-elf/lib/:/home/vietnq/.espressif/tools/xtensa-esp-elf/esp-14.2.0_20260121/xtensa-esp-elf/bin/../xtensa-esp-elf/lib/:/home/vietnq/.espressif/tools/xtensa-esp-elf/esp-14.2.0_20260121/xtensa-esp-elf/bin/../xtensa-esp-elf/usr/lib/]
  ignore line: [COLLECT_GCC_OPTIONS='-mdynconfig=xtensa_esp32.so' '-Wno-frame-address' '-mlongcalls' '-fno-builtin-memcpy' '-fno-builtin-memset' '-fno-builtin-bzero' '-nostartfiles' '-fno-rtti' '-v' '-o' 'cmTC_fde4b' '-dumpdir' 'cmTC_fde4b.']
  link line: [ /home/vietnq/.espressif/tools/xtensa-esp-elf/esp-14.2.0_20260121/xtensa-esp-elf/bin/../libexec/gcc/xtensa-esp-elf/14.2.0/collect2 -plugin /home/vietnq/.espressif/tools/xtensa-esp-elf/esp-14.2.0_20260121/xtensa-esp-elf/bin/../libexec/gcc/xtensa-esp-elf/14.2.0/liblto_plugin.so -plugin-opt=/home/vietnq/.espressif/tools/xtensa-esp-elf/esp-14.2.0_20260121/xtensa-esp-elf/bin/../libexec/gcc/xtensa-esp-elf/14.2.0/lto-wrapper -plugin-opt=-fresolution=/tmp/ccYR4DD7.res -plugin-opt=-pass-through=-lgcc -plugin-opt=-pass-through=-lc -plugin-opt=-pass-through=-lnosys -plugin-opt=-pass-through=-lc -plugin-opt=-pass-through=-lgcc --sysroot=/home/vietnq/.espressif/tools/xtensa-esp-elf/esp-14.2.0_20260121/xtensa-esp-elf/bin/../xtensa-esp-elf --dynconfig=xtensa_esp32.so -o cmTC_fde4b -L/home/vietnq/.espressif/tools/xtensa-esp-elf/esp-14.2.0_20260121/xtensa-esp-elf/bin/../lib/gcc/xtensa-esp-elf/14.2.0/esp32/no-rtti -L/home/vietnq/.espressif/tools/xtensa-esp-elf/esp-14.2.0_20260121/xtensa-esp-elf/bin/../lib/gcc/xtensa-esp-elf/14.2.0/../../../../xtensa-esp-elf/lib/esp32/no-rtti -L/home/vietnq/.espressif/tools/xtensa-esp-elf/esp-14.2.0_20260121/xtensa-esp-elf/bin/../xtensa-esp-elf/lib/esp32/no-rtti -L/home/vietnq/.espressif/tools/xtensa-esp-elf/esp-14.2.0_20260121/xtensa-esp-elf/bin/../lib/gcc/xtensa-esp-elf/14.2.0 -L/home/vietnq/.espressif/tools/xtensa-esp-elf/esp-14.2.0_20260121/xtensa-esp-elf/bin/../lib/gcc -L/home/vietnq/.espressif/tools/xtensa-esp-elf/esp-14.2.0_20260121/xtensa-esp-elf/bin/../lib/gcc/xtensa-esp-elf/14.2.0/../../../../xtensa-esp-elf/lib -L/home/vietnq/.espressif/tools/xtensa-esp-elf/esp-14.2.0_20260121/xtensa-esp-elf/bin/../xtensa-esp-elf/lib -L/home/vietnq/.espressif/tools/xtensa-esp-elf/esp-14.2.0_20260121/xtensa-esp-elf/bin/../xtensa-esp-elf/usr/lib @/tmp/ccCXtzv9 -lgcc -lc -lnosys -lc -lgcc]
    arg [/home/vietnq/.espressif/tools/xtensa-esp-elf/esp-14.2.0_20260121/xtensa-esp-elf/bin/../libexec/gcc/xtensa-esp-elf/14.2.0/collect2] ==> ignore
    arg [-plugin] ==> ignore
    arg [/home/vietnq/.espressif/tools/xtensa-esp-elf/esp-14.2.0_20260121/xtensa-esp-elf/bin/../libexec/gcc/xtensa-esp-elf/14.2.0/liblto_plugin.so] ==> ignore
    arg [-plugin-opt=/home/vietnq/.espressif/tools/xtensa-esp-elf/esp-14.2.0_20260121/xtensa-esp-elf/bin/../libexec/gcc/xtensa-esp-elf/14.2.0/lto-wrapper] ==> ignore
    arg [-plugin-opt=-fresolution=/tmp/ccYR4DD7.res] ==> ignore
    arg [-plugin-opt=-pass-through=-lgcc] ==> ignore
    arg [-plugin-opt=-pass-through=-lc] ==> ignore
    arg [-plugin-opt=-pass-through=-lnosys] ==> ignore
    arg [-plugin-opt=-pass-through=-lc] ==> ignore
    arg [-plugin-opt=-pass-through=-lgcc] ==> ignore
    arg [--sysroot=/home/vietnq/.espressif/tools/xtensa-esp-elf/esp-14.2.0_20260121/xtensa-esp-elf/bin/../xtensa-esp-elf] ==> ignore
    arg [--dynconfig=xtensa_esp32.so] ==> ignore
    arg [-o] ==> ignore
    arg [cmTC_fde4b] ==> ignore
    arg [-L/home/vietnq/.espressif/tools/xtensa-esp-elf/esp-14.2.0_20260121/xtensa-esp-elf/bin/../lib/gcc/xtensa-esp-elf/14.2.0/esp32/no-rtti] ==> dir [/home/vietnq/.espressif/tools/xtensa-esp-elf/esp-14.2.0_20260121/xtensa-esp-elf/bin/../lib/gcc/xtensa-esp-elf/14.2.0/esp32/no-rtti]
    arg [-L/home/vietnq/.espressif/tools/xtensa-esp-elf/esp-14.2.0_20260121/xtensa-esp-elf/bin/../lib/gcc/xtensa-esp-elf/14.2.0/../../../../xtensa-esp-elf/lib/esp32/no-rtti] ==> dir [/home/vietnq/.espressif/tools/xtensa-esp-elf/esp-14.2.0_20260121/xtensa-esp-elf/bin/../lib/gcc/xtensa-esp-elf/14.2.0/../../../../xtensa-esp-elf/lib/esp32/no-rtti]
    arg [-L/home/vietnq/.espressif/tools/xtensa-esp-elf/esp-14.2.0_20260121/xtensa-esp-elf/bin/../xtensa-esp-elf/lib/esp32/no-rtti] ==> dir [/home/vietnq/.espressif/tools/xtensa-esp-elf/esp-14.2.0_20260121/xtensa-esp-elf/bin/../xtensa-esp-elf/lib/esp32/no-rtti]
    arg [-L/home/vietnq/.espressif/tools/xtensa-esp-elf/esp-14.2.0_20260121/xtensa-esp-elf/bin/../lib/gcc/xtensa-esp-elf/14.2.0] ==> dir [/home/vietnq/.espressif/tools/xtensa-esp-elf/esp-14.2.0_20260121/xtensa-esp-elf/bin/../lib/gcc/xtensa-esp-elf/14.2.0]
    arg [-L/home/vietnq/.espressif/tools/xtensa-esp-elf/esp-14.2.0_20260121/xtensa-esp-elf/bin/../lib/gcc] ==> dir [/home/vietnq/.espressif/tools/xtensa-esp-elf/esp-14.2.0_20260121/xtensa-esp-elf/bin/../lib/gcc]
    arg [-L/home/vietnq/.espressif/tools/xtensa-esp-elf/esp-14.2.0_20260121/xtensa-esp-elf/bin/../lib/gcc/xtensa-esp-elf/14.2.0/../../../../xtensa-esp-elf/lib] ==> dir [/home/vietnq/.espressif/tools/xtensa-esp-elf/esp-14.2.0_20260121/xtensa-esp-elf/bin/../lib/gcc/xtensa-esp-elf/14.2.0/../../../../xtensa-esp-elf/lib]
    arg [-L/home/vietnq/.espressif/tools/xtensa-esp-elf/esp-14.2.0_20260121/xtensa-esp-elf/bin/../xtensa-esp-elf/lib] ==> dir [/home/vietnq/.espressif/tools/xtensa-esp-elf/esp-14.2.0_20260121/xtensa-esp-elf/bin/../xtensa-esp-elf/lib]
    arg [-L/home/vietnq/.espressif/tools/xtensa-esp-elf/esp-14.2.0_20260121/xtensa-esp-elf/bin/../xtensa-esp-elf/usr/lib] ==> dir [/home/vietnq/.espressif/tools/xtensa-esp-elf/esp-14.2.0_20260121/xtensa-esp-elf/bin/../xtensa-esp-elf/usr/lib]
    arg [@/tmp/ccCXtzv9] ==> ignore
    arg [-lgcc] ==> lib [gcc]
    arg [-lc] ==> lib [c]
    arg [-lnosys] ==> lib [nosys]
    arg [-lc] ==> lib [c]
    arg [-lgcc] ==> lib [gcc]
  collapse library dir [/home/vietnq/.espressif/tools/xtensa-esp-elf/esp-14.2.0_20260121/xtensa-esp-elf/bin/../lib/gcc/xtensa-esp-elf/14.2.0/esp32/no-rtti] ==> [/home/vietnq/.espressif/tools/xtensa-esp-elf/esp-14.2.0_20260121/xtensa-esp-elf/lib/gcc/xtensa-esp-elf/14.2.0/esp32/no-rtti]
  collapse library dir [/home/vietnq/.espressif/tools/xtensa-esp-elf/esp-14.2.0_20260121/xtensa-esp-elf/bin/../lib/gcc/xtensa-esp-elf/14.2.0/../../../../xtensa-esp-elf/lib/esp32/no-rtti] ==> [/home/vietnq/.espressif/tools/xtensa-esp-elf/esp-14.2.0_20260121/xtensa-esp-elf/xtensa-esp-elf/lib/esp32/no-rtti]
  collapse library dir [/home/vietnq/.espressif/tools/xtensa-esp-elf/esp-14.2.0_20260121/xtensa-esp-elf/bin/../xtensa-esp-elf/lib/esp32/no-rtti] ==> [/home/vietnq/.espressif/tools/xtensa-esp-elf/esp-14.2.0_20260121/xtensa-esp-elf/xtensa-esp-elf/lib/esp32/no-rtti]
  collapse library dir [/home/vietnq/.espressif/tools/xtensa-esp-elf/esp-14.2.0_20260121/xtensa-esp-elf/bin/../lib/gcc/xtensa-esp-elf/14.2.0] ==> [/home/vietnq/.espressif/tools/xtensa-esp-elf/esp-14.2.0_20260121/xtensa-esp-elf/lib/gcc/xtensa-esp-elf/14.2.0]
  collapse library dir [/home/vietnq/.espressif/tools/xtensa-esp-elf/esp-14.2.0_20260121/xtensa-esp-elf/bin/../lib/gcc] ==> [/home/vietnq/.espressif/tools/xtensa-esp-elf/esp-14.2.0_20260121/xtensa-esp-elf/lib/gcc]
  collapse library dir [/home/vietnq/.espressif/tools/xtensa-esp-elf/esp-14.2.0_20260121/xtensa-esp-elf/bin/../lib/gcc/xtensa-esp-elf/14.2.0/../../../../xtensa-esp-elf/lib] ==> [/home/vietnq/.espressif/tools/xtensa-esp-elf/esp-14.2.0_20260121/xtensa-esp-elf/xtensa-esp-elf/lib]
  collapse library dir [/home/vietnq/.espressif/tools/xtensa-esp-elf/esp-14.2.0_20260121/xtensa-esp-elf/bin/../xtensa-esp-elf/lib] ==> [/home/vietnq/.espressif/tools/xtensa-esp-elf/esp-14.2.0_20260121/xtensa-esp-elf/xtensa-esp-elf/lib]
  collapse library dir [/home/vietnq/.espressif/tools/xtensa-esp-elf/esp-14.2.0_20260121/xtensa-esp-elf/bin/../xtensa-esp-elf/usr/lib] ==> [/home/vietnq/.espressif/tools/xtensa-esp-elf/esp-14.2.0_20260121/xtensa-esp-elf/xtensa-esp-elf/usr/lib]
  implicit libs: [gcc;c;nosys;c;gcc]
  implicit objs: []
  implicit dirs: [/home/vietnq/.espressif/tools/xtensa-esp-elf/esp-14.2.0_20260121/xtensa-esp-elf/lib/gcc/xtensa-esp-elf/14.2.0/esp32/no-rtti;/home/vietnq/.espressif/tools/xtensa-esp-elf/esp-14.2.0_20260121/xtensa-esp-elf/xtensa-esp-elf/lib/esp32/no-rtti;/home/vietnq/.espressif/tools/xtensa-esp-elf/esp-14.2.0_20260121/xtensa-esp-elf/lib/gcc/xtensa-esp-elf/14.2.0;/home/vietnq/.espressif/tools/xtensa-esp-elf/esp-14.2.0_20260121/xtensa-esp-elf/lib/gcc;/home/vietnq/.espressif/tools/xtensa-esp-elf/esp-14.2.0_20260121/xtensa-esp-elf/xtensa-esp-elf/lib;/home/vietnq/.espressif/tools/xtensa-esp-elf/esp-14.2.0_20260121/xtensa-esp-elf/xtensa-esp-elf/usr/lib]
  implicit fwks: []


Detecting CXX compiler ABI info compiled with the following output:
Change Dir: /home/vietnq/esp/ota/build/bootloader/CMakeFiles/CMakeTmp

Run Build Command(s):/usr/bin/ninja cmTC_2a64c && [1/2] Building CXX object CMakeFiles/cmTC_2a64c.dir/CMakeCXXCompilerABI.cpp.obj
Using built-in specs.
COLLECT_GCC=/home/vietnq/.espressif/tools/xtensa-esp-elf/esp-14.2.0_20260121/xtensa-esp-elf/bin/xtensa-esp-elf-g++
Target: xtensa-esp-elf
Configured with: /builds/idf/crosstool-NG/.build/xtensa-esp-elf/src/gcc/configure --build=x86_64-build_pc-linux-gnu --host=x86_64-build_pc-linux-gnu --target=xtensa-esp-elf --prefix=/builds/idf/crosstool-NG/builds/xtensa-esp-elf --exec_prefix=/builds/idf/crosstool-NG/builds/xtensa-esp-elf --with-local-prefix=/builds/idf/crosstool-NG/builds/xtensa-esp-elf/xtensa-esp-elf --with-sysroot=/builds/idf/crosstool-NG/builds/xtensa-esp-elf/xtensa-esp-elf --with-native-system-header-dir=/include --with-headers=/builds/idf/crosstool-NG/builds/xtensa-esp-elf/xtensa-esp-elf/include --with-newlib --enable-threads=no --disable-shared --with-pkgversion='crosstool-NG esp-14.2.0_20260121' --disable-__cxa_atexit --enable-cxx-flags='-ffunction-sections -fdata-sections' --disable-libgomp --disable-libmudflap --disable-libmpx --disable-libssp --disable-libquadmath --disable-libquadmath-support --disable-libstdcxx-verbose --with-gmp=/builds/idf/crosstool-NG/.build/xtensa-esp-elf/buildtools --with-mpfr=/builds/idf/crosstool-NG/.build/xtensa-esp-elf/buildtools --with-mpc=/builds/idf/crosstool-NG/.build/xtensa-esp-elf/buildtools --with-isl=/builds/idf/crosstool-NG/.build/xtensa-esp-elf/buildtools --enable-lto --enable-target-optspace --without-long-double-128 --enable-plugin --disable-nls --enable-multiarch --enable-languages=c,c++ --disable-libstdcxx-verbose --enable-threads=posix --enable-libstdcxx-time=yes --disable-win32-utf8-manifest
Thread model: posix
Supported LTO compression algorithms: zlib zstd
gcc version 14.2.0 (crosstool-NG esp-14.2.0_20260121) 
COLLECT_GCC_OPTIONS='-mdynconfig=xtensa_esp32.so' '-Wno-frame-address' '-mlongcalls' '-fno-builtin-memcpy' '-fno-builtin-memset' '-fno-builtin-bzero' '-fno-rtti' '-v' '-o' 'CMakeFiles/cmTC_2a64c.dir/CMakeCXXCompilerABI.cpp.obj' '-c' '-dumpdir' 'CMakeFiles/cmTC_2a64c.dir/'
 /home/vietnq/.espressif/tools/xtensa-esp-elf/esp-14.2.0_20260121/xtensa-esp-elf/bin/../libexec/gcc/xtensa-esp-elf/14.2.0/cc1plus -quiet -v -imultilib esp32/no-rtti -iprefix /home/vietnq/.espressif/tools/xtensa-esp-elf/esp-14.2.0_20260121/xtensa-esp-elf/bin/../lib/gcc/xtensa-esp-elf/14.2.0/ -isysroot /home/vietnq/.espressif/tools/xtensa-esp-elf/esp-14.2.0_20260121/xtensa-esp-elf/bin/../xtensa-esp-elf /usr/share/cmake-3.22/Modules/CMakeCXXCompilerABI.cpp -quiet -dumpdir CMakeFiles/cmTC_2a64c.dir/ -dumpbase CMakeCXXCompilerABI.cpp.cpp -dumpbase-ext .cpp -mdynconfig=xtensa_esp32.so -mlongcalls -Wno-frame-address -version -fno-builtin-memcpy -fno-builtin-memset -fno-builtin-bzero -fno-rtti -o /tmp/cchW6Ray.s
GNU C++17 (crosstool-NG esp-14.2.0_20260121) version 14.2.0 (xtensa-esp-elf)
	compiled by GNU C version 6.3.0, GMP version 6.3.0, MPFR version 4.2.1, MPC version 1.3.1, isl version isl-0.26-GMP

GGC heuristics: --param ggc-min-expand=100 --param ggc-min-heapsize=131072
ignoring duplicate directory "/home/vietnq/.espressif/tools/xtensa-esp-elf/esp-14.2.0_20260121/xtensa-esp-elf/bin/../lib/gcc/../../lib/gcc/xtensa-esp-elf/14.2.0/../../../../xtensa-esp-elf/include/c++/14.2.0"
ignoring duplicate directory "/home/vietnq/.espressif/tools/xtensa-esp-elf/esp-14.2.0_20260121/xtensa-esp-elf/bin/../lib/gcc/../../lib/gcc/xtensa-esp-elf/14.2.0/../../../../xtensa-esp-elf/include/c++/14.2.0/xtensa-esp-elf/esp32/no-rtti"
ignoring duplicate directory "/home/vietnq/.espressif/tools/xtensa-esp-elf/esp-14.2.0_20260121/xtensa-esp-elf/bin/../lib/gcc/../../lib/gcc/xtensa-esp-elf/14.2.0/../../../../xtensa-esp-elf/include/c++/14.2.0/backward"
ignoring duplicate directory "/home/vietnq/.espressif/tools/xtensa-esp-elf/esp-14.2.0_20260121/xtensa-esp-elf/bin/../lib/gcc/../../lib/gcc/xtensa-esp-elf/14.2.0/include"
ignoring nonexistent directory "/home/vietnq/.espressif/tools/xtensa-esp-elf/esp-14.2.0_20260121/xtensa-esp-elf/bin/../xtensa-esp-elf/builds/idf/crosstool-NG/builds/xtensa-esp-elf/xtensa-esp-elf/include"
ignoring duplicate directory "/home/vietnq/.espressif/tools/xtensa-esp-elf/esp-14.2.0_20260121/xtensa-esp-elf/bin/../lib/gcc/../../lib/gcc/xtensa-esp-elf/14.2.0/include-fixed"
ignoring duplicate directory "/home/vietnq/.espressif/tools/xtensa-esp-elf/esp-14.2.0_20260121/xtensa-esp-elf/bin/../lib/gcc/../../lib/gcc/xtensa-esp-elf/14.2.0/../../../../xtensa-esp-elf/include"
ignoring duplicate directory "/home/vietnq/.espressif/tools/xtensa-esp-elf/esp-14.2.0_20260121/xtensa-esp-elf/bin/../xtensa-esp-elf/include"
#include "..." search starts here:
#include <...> search starts here:
 /home/vietnq/.espressif/tools/xtensa-esp-elf/esp-14.2.0_20260121/xtensa-esp-elf/bin/../lib/gcc/xtensa-esp-elf/14.2.0/../../../../xtensa-esp-elf/include/c++/14.2.0
 /home/vietnq/.espressif/tools/xtensa-esp-elf/esp-14.2.0_20260121/xtensa-esp-elf/bin/../lib/gcc/xtensa-esp-elf/14.2.0/../../../../xtensa-esp-elf/include/c++/14.2.0/xtensa-esp-elf/esp32/no-rtti
 /home/vietnq/.espressif/tools/xtensa-esp-elf/esp-14.2.0_20260121/xtensa-esp-elf/bin/../lib/gcc/xtensa-esp-elf/14.2.0/../../../../xtensa-esp-elf/include/c++/14.2.0/backward
 /home/vietnq/.espressif/tools/xtensa-esp-elf/esp-14.2.0_20260121/xtensa-esp-elf/bin/../lib/gcc/xtensa-esp-elf/14.2.0/include
 /home/vietnq/.espressif/tools/xtensa-esp-elf/esp-14.2.0_20260121/xtensa-esp-elf/bin/../lib/gcc/xtensa-esp-elf/14.2.0/include-fixed
 /home/vietnq/.espressif/tools/xtensa-esp-elf/esp-14.2.0_20260121/xtensa-esp-elf/bin/../lib/gcc/xtensa-esp-elf/14.2.0/../../../../xtensa-esp-elf/include
End of search list.
Compiler executable checksum: a254981dd59757a59628c9ca49d36a87
COLLECT_GCC_OPTIONS='-mdynconfig=xtensa_esp32.so' '-Wno-frame-address' '-mlongcalls' '-fno-builtin-memcpy' '-fno-builtin-memset' '-fno-builtin-bzero' '-fno-rtti' '-v' '-o' 'CMakeFiles/cmTC_2a64c.dir/CMakeCXXCompilerABI.cpp.obj' '-c' '-dumpdir' 'CMakeFiles/cmTC_2a64c.dir/'
 /home/vietnq/.espressif/tools/xtensa-esp-elf/esp-14.2.0_20260121/xtensa-esp-elf/bin/../lib/gcc/xtensa-esp-elf/14.2.0/../../../../xtensa-esp-elf/bin/as --traditional-format --longcalls --dynconfig=xtensa_esp32.so -o CMakeFiles/cmTC_2a64c.dir/CMakeCXXCompilerABI.cpp.obj /tmp/cchW6Ray.s
COMPILER_PATH=/home/vietnq/.espressif/tools/xtensa-esp-elf/esp-14.2.0_20260121/xtensa-esp-elf/bin/../libexec/gcc/xtensa-esp-elf/14.2.0/:/home/vietnq/.espressif/tools/xtensa-esp-elf/esp-14.2.0_20260121/xtensa-esp-elf/bin/../libexec/gcc/:/home/vietnq/.espressif/tools/xtensa-esp-elf/esp-14.2.0_20260121/xtensa-esp-elf/bin/../lib/gcc/xtensa-esp-elf/14.2.0/../../../../xtensa-esp-elf/bin/
LIBRARY_PATH=/home/vietnq/.espressif/tools/xtensa-esp-elf/esp-14.2.0_20260121/xtensa-esp-elf/bin/../lib/gcc/xtensa-esp-elf/14.2.0/esp32/no-rtti/:/home/vietnq/.espressif/tools/xtensa-esp-elf/esp-14.2.0_20260121/xtensa-esp-elf/bin/../lib/gcc/xtensa-esp-elf/14.2.0/../../../../xtensa-esp-elf/lib/esp32/no-rtti/:/home/vietnq/.espressif/tools/xtensa-esp-elf/esp-14.2.0_20260121/xtensa-esp-elf/bin/../xtensa-esp-elf/lib/esp32/no-rtti/:/home/vietnq/.espressif/tools/xtensa-esp-elf/esp-14.2.0_20260121/xtensa-esp-elf/bin/../lib/gcc/xtensa-esp-elf/14.2.0/:/home/vietnq/.espressif/tools/xtensa-esp-elf/esp-14.2.0_20260121/xtensa-esp-elf/bin/../lib/gcc/:/home/vietnq/.espressif/tools/xtensa-esp-elf/esp-14.2.0_20260121/xtensa-esp-elf/bin/../lib/gcc/xtensa-esp-elf/14.2.0/../../../../xtensa-esp-elf/lib/:/home/vietnq/.espressif/tools/xtensa-esp-elf/esp-14.2.0_20260121/xtensa-esp-elf/bin/../xtensa-esp-elf/lib/:/home/vietnq/.espressif/tools/xtensa-esp-elf/esp-14.2.0_20260121/xtensa-esp-elf/bin/../xtensa-esp-elf/usr/lib/
COLLECT_GCC_OPTIONS='-mdynconfig=xtensa_esp32.so' '-Wno-frame-address' '-mlongcalls' '-fno-builtin-memcpy' '-fno-builtin-memset' '-fno-builtin-bzero' '-fno-rtti' '-v' '-o' 'CMakeFiles/cmTC_2a64c.dir/CMakeCXXCompilerABI.cpp.obj' '-c' '-dumpdir' 'CMakeFiles/cmTC_2a64c.dir/CMakeCXXCompilerABI.cpp.'
[2/2] Linking CXX executable cmTC_2a64c
Using built-in specs.
COLLECT_GCC=/home/vietnq/.espressif/tools/xtensa-esp-elf/esp-14.2.0_20260121/xtensa-esp-elf/bin/xtensa-esp-elf-g++
COLLECT_LTO_WRAPPER=/home/vietnq/.espressif/tools/xtensa-esp-elf/esp-14.2.0_20260121/xtensa-esp-elf/bin/../libexec/gcc/xtensa-esp-elf/14.2.0/lto-wrapper
Target: xtensa-esp-elf
Configured with: /builds/idf/crosstool-NG/.build/xtensa-esp-elf/src/gcc/configure --build=x86_64-build_pc-linux-gnu --host=x86_64-build_pc-linux-gnu --target=xtensa-esp-elf --prefix=/builds/idf/crosstool-NG/builds/xtensa-esp-elf --exec_prefix=/builds/idf/crosstool-NG/builds/xtensa-esp-elf --with-local-prefix=/builds/idf/crosstool-NG/builds/xtensa-esp-elf/xtensa-esp-elf --with-sysroot=/builds/idf/crosstool-NG/builds/xtensa-esp-elf/xtensa-esp-elf --with-native-system-header-dir=/include --with-headers=/builds/idf/crosstool-NG/builds/xtensa-esp-elf/xtensa-esp-elf/include --with-newlib --enable-threads=no --disable-shared --with-pkgversion='crosstool-NG esp-14.2.0_20260121' --disable-__cxa_atexit --enable-cxx-flags='-ffunction-sections -fdata-sections' --disable-libgomp --disable-libmudflap --disable-libmpx --disable-libssp --disable-libquadmath --disable-libquadmath-support --disable-libstdcxx-verbose --with-gmp=/builds/idf/crosstool-NG/.build/xtensa-esp-elf/buildtools --with-mpfr=/builds/idf/crosstool-NG/.build/xtensa-esp-elf/buildtools --with-mpc=/builds/idf/crosstool-NG/.build/xtensa-esp-elf/buildtools --with-isl=/builds/idf/crosstool-NG/.build/xtensa-esp-elf/buildtools --enable-lto --enable-target-optspace --without-long-double-128 --enable-plugin --disable-nls --enable-multiarch --enable-languages=c,c++ --disable-libstdcxx-verbose --enable-threads=posix --enable-libstdcxx-time=yes --disable-win32-utf8-manifest
Thread model: posix
Supported LTO compression algorithms: zlib zstd
gcc version 14.2.0 (crosstool-NG esp-14.2.0_20260121) 
COMPILER_PATH=/home/vietnq/.espressif/tools/xtensa-esp-elf/esp-14.2.0_20260121/xtensa-esp-elf/bin/../libexec/gcc/xtensa-esp-elf/14.2.0/:/home/vietnq/.espressif/tools/xtensa-esp-elf/esp-14.2.0_20260121/xtensa-esp-elf/bin/../libexec/gcc/:/home/vietnq/.espressif/tools/xtensa-esp-elf/esp-14.2.0_20260121/xtensa-esp-elf/bin/../lib/gcc/xtensa-esp-elf/14.2.0/../../../../xtensa-esp-elf/bin/
LIBRARY_PATH=/home/vietnq/.espressif/tools/xtensa-esp-elf/esp-14.2.0_20260121/xtensa-esp-elf/bin/../lib/gcc/xtensa-esp-elf/14.2.0/esp32/no-rtti/:/home/vietnq/.espressif/tools/xtensa-esp-elf/esp-14.2.0_20260121/xtensa-esp-elf/bin/../lib/gcc/xtensa-esp-elf/14.2.0/../../../../xtensa-esp-elf/lib/esp32/no-rtti/:/home/vietnq/.espressif/tools/xtensa-esp-elf/esp-14.2.0_20260121/xtensa-esp-elf/bin/../xtensa-esp-elf/lib/esp32/no-rtti/:/home/vietnq/.espressif/tools/xtensa-esp-elf/esp-14.2.0_20260121/xtensa-esp-elf/bin/../lib/gcc/xtensa-esp-elf/14.2.0/:/home/vietnq/.espressif/tools/xtensa-esp-elf/esp-14.2.0_20260121/xtensa-esp-elf/bin/../lib/gcc/:/home/vietnq/.espressif/tools/xtensa-esp-elf/esp-14.2.0_20260121/xtensa-esp-elf/bin/../lib/gcc/xtensa-esp-elf/14.2.0/../../../../xtensa-esp-elf/lib/:/home/vietnq/.espressif/tools/xtensa-esp-elf/esp-14.2.0_20260121/xtensa-esp-elf/bin/../xtensa-esp-elf/lib/:/home/vietnq/.espressif/tools/xtensa-esp-elf/esp-14.2.0_20260121/xtensa-esp-elf/bin/../xtensa-esp-elf/usr/lib/
COLLECT_GCC_OPTIONS='-mdynconfig=xtensa_esp32.so' '-Wno-frame-address' '-mlongcalls' '-fno-builtin-memcpy' '-fno-builtin-memset' '-fno-builtin-bzero' '-nostartfiles' '-fno-rtti' '-v' '-o' 'cmTC_2a64c' '-dumpdir' 'cmTC_2a64c.'
 /home/vietnq/.espressif/tools/xtensa-esp-elf/esp-14.2.0_20260121/xtensa-esp-elf/bin/../libexec/gcc/xtensa-esp-elf/14.2.0/collect2 -plugin /home/vietnq/.espressif/tools/xtensa-esp-elf/esp-14.2.0_20260121/xtensa-esp-elf/bin/../libexec/gcc/xtensa-esp-elf/14.2.0/liblto_plugin.so -plugin-opt=/home/vietnq/.espressif/tools/xtensa-esp-elf/esp-14.2.0_20260121/xtensa-esp-elf/bin/../libexec/gcc/xtensa-esp-elf/14.2.0/lto-wrapper -plugin-opt=-fresolution=/tmp/cchyRNcE.res -plugin-opt=-pass-through=-lgcc -plugin-opt=-pass-through=-lc -plugin-opt=-pass-through=-lnosys -plugin-opt=-pass-through=-lc -plugin-opt=-pass-through=-lgcc --sysroot=/home/vietnq/.espressif/tools/xtensa-esp-elf/esp-14.2.0_20260121/xtensa-esp-elf/bin/../xtensa-esp-elf --dynconfig=xtensa_esp32.so -o cmTC_2a64c -L/home/vietnq/.espressif/tools/xtensa-esp-elf/esp-14.2.0_20260121/xtensa-esp-elf/bin/../lib/gcc/xtensa-esp-elf/14.2.0/esp32/no-rtti -L/home/vietnq/.espressif/tools/xtensa-esp-elf/esp-14.2.0_20260121/xtensa-esp-elf/bin/../lib/gcc/xtensa-esp-elf/14.2.0/../../../../xtensa-esp-elf/lib/esp32/no-rtti -L/home/vietnq/.espressif/tools/xtensa-esp-elf/esp-14.2.0_20260121/xtensa-esp-elf/bin/../xtensa-esp-elf/lib/esp32/no-rtti -L/home/vietnq/.espressif/tools/xtensa-esp-elf/esp-14.2.0_20260121/xtensa-esp-elf/bin/../lib/gcc/xtensa-esp-elf/14.2.0 -L/home/vietnq/.espressif/tools/xtensa-esp-elf/esp-14.2.0_20260121/xtensa-esp-elf/bin/../lib/gcc -L/home/vietnq/.espressif/tools/xtensa-esp-elf/esp-14.2.0_20260121/xtensa-esp-elf/bin/../lib/gcc/xtensa-esp-elf/14.2.0/../../../../xtensa-esp-elf/lib -L/home/vietnq/.espressif/tools/xtensa-esp-elf/esp-14.2.0_20260121/xtensa-esp-elf/bin/../xtensa-esp-elf/lib -L/home/vietnq/.espressif/tools/xtensa-esp-elf/esp-14.2.0_20260121/xtensa-esp-elf/bin/../xtensa-esp-elf/usr/lib @/tmp/ccyX9rEI -lgcc -lc -lnosys -lc -lgcc
/home/vietnq/.espressif/tools/xtensa-esp-elf/esp-14.2.0_20260121/xtensa-esp-elf/bin/../lib/gcc/xtensa-esp-elf/14.2.0/../../../../xtensa-esp-elf/bin/ld: warning: cannot find entry symbol _start; defaulting to 00400054
COLLECT_GCC_OPTIONS='-mdynconfig=xtensa_esp32.so' '-Wno-frame-address' '-mlongcalls' '-fno-builtin-memcpy' '-fno-builtin-memset' '-fno-builtin-bzero' '-nostartfiles' '-fno-rtti' '-v' '-o' 'cmTC_2a64c' '-dumpdir' 'cmTC_2a64c.'



Parsed CXX implicit include dir info from above output: rv=done
  found start of include info
  found start of implicit include info
    add: [/home/vietnq/.espressif/tools/xtensa-esp-elf/esp-14.2.0_20260121/xtensa-esp-elf/bin/../lib/gcc/xtensa-esp-elf/14.2.0/../../../../xtensa-esp-elf/include/c++/14.2.0]
    add: [/home/vietnq/.espressif/tools/xtensa-esp-elf/esp-14.2.0_20260121/xtensa-esp-elf/bin/../lib/gcc/xtensa-esp-elf/14.2.0/../../../../xtensa-esp-elf/include/c++/14.2.0/xtensa-esp-elf/esp32/no-rtti]
    add: [/home/vietnq/.espressif/tools/xtensa-esp-elf/esp-14.2.0_20260121/xtensa-esp-elf/bin/../lib/gcc/xtensa-esp-elf/14.2.0/../../../../xtensa-esp-elf/include/c++/14.2.0/backward]
    add: [/home/vietnq/.espressif/tools/xtensa-esp-elf/esp-14.2.0_20260121/xtensa-esp-elf/bin/../lib/gcc/xtensa-esp-elf/14.2.0/include]
    add: [/home/vietnq/.espressif/tools/xtensa-esp-elf/esp-14.2.0_20260121/xtensa-esp-elf/bin/../lib/gcc/xtensa-esp-elf/14.2.0/include-fixed]
    add: [/home/vietnq/.espressif/tools/xtensa-esp-elf/esp-14.2.0_20260121/xtensa-esp-elf/bin/../lib/gcc/xtensa-esp-elf/14.2.0/../../../../xtensa-esp-elf/include]
  end of search list found
  collapse include dir [/home/vietnq/.espressif/tools/xtensa-esp-elf/esp-14.2.0_20260121/xtensa-esp-elf/bin/../lib/gcc/xtensa-esp-elf/14.2.0/../../../../xtensa-esp-elf/include/c++/14.2.0] ==> [/home/vietnq/.espressif/tools/xtensa-esp-elf/esp-14.2.0_20260121/xtensa-esp-elf/xtensa-esp-elf/include/c++/14.2.0]
  collapse include dir [/home/vietnq/.espressif/tools/xtensa-esp-elf/esp-14.2.0_20260121/xtensa-esp-elf/bin/../lib/gcc/xtensa-esp-elf/14.2.0/../../../../xtensa-esp-elf/include/c++/14.2.0/xtensa-esp-elf/esp32/no-rtti] ==> [/home/vietnq/.espressif/tools/xtensa-esp-elf/esp-14.2.0_20260121/xtensa-esp-elf/xtensa-esp-elf/include/c++/14.2.0/xtensa-esp-elf/esp32/no-rtti]
  collapse include dir [/home/vietnq/.espressif/tools/xtensa-esp-elf/esp-14.2.0_20260121/xtensa-esp-elf/bin/../lib/gcc/xtensa-esp-elf/14.2.0/../../../../xtensa-esp-elf/include/c++/14.2.0/backward] ==> [/home/vietnq/.espressif/tools/xtensa-esp-elf/esp-14.2.0_20260121/xtensa-esp-elf/xtensa-esp-elf/include/c++/14.2.0/backward]
  collapse include dir [/home/vietnq/.espressif/tools/xtensa-esp-elf/esp-14.2.0_20260121/xtensa-esp-elf/bin/../lib/gcc/xtensa-esp-elf/14.2.0/include] ==> [/home/vietnq/.espressif/tools/xtensa-esp-elf/esp-14.2.0_20260121/xtensa-esp-elf/lib/gcc/xtensa-esp-elf/14.2.0/include]
  collapse include dir [/home/vietnq/.espressif/tools/xtensa-esp-elf/esp-14.2.0_20260121/xtensa-esp-elf/bin/../lib/gcc/xtensa-esp-elf/14.2.0/include-fixed] ==> [/home/vietnq/.espressif/tools/xtensa-esp-elf/esp-14.2.0_20260121/xtensa-esp-elf/lib/gcc/xtensa-esp-elf/14.2.0/include-fixed]
  collapse include dir [/home/vietnq/.espressif/tools/xtensa-esp-elf/esp-14.2.0_20260121/xtensa-esp-elf/bin/../lib/gcc/xtensa-esp-elf/14.2.0/../../../../xtensa-esp-elf/include] ==> [/home/vietnq/.espressif/tools/xtensa-esp-elf/esp-14.2.0_20260121/xtensa-esp-elf/xtensa-esp-elf/include]
  implicit include dirs: [/home/vietnq/.espressif/tools/xtensa-esp-elf/esp-14.2.0_20260121/xtensa-esp-elf/xtensa-esp-elf/include/c++/14.2.0;/home/vietnq/.espressif/tools/xtensa-esp-elf/esp-14.2.0_20260121/xtensa-esp-elf/xtensa-esp-elf/include/c++/14.2.0/xtensa-esp-elf/esp32/no-rtti;/home/vietnq/.espressif/tools/xtensa-esp-elf/esp-14.2.0_20260121/xtensa-esp-elf/xtensa-esp-elf/include/c++/14.2.0/backward;/home/vietnq/.espressif/tools/xtensa-esp-elf/esp-14.2.0_20260121/xtensa-esp-elf/lib/gcc/xtensa-esp-elf/14.2.0/include;/home/vietnq/.espressif/tools/xtensa-esp-elf/esp-14.2.0_20260121/xtensa-esp-elf/lib/gcc/xtensa-esp-elf/14.2.0/include-fixed;/home/vietnq/.espressif/tools/xtensa-esp-elf/esp-14.2.0_20260121/xtensa-esp-elf/xtensa-esp-elf/include]


Parsed CXX implicit link information from above output:
  link line regex: [^( *|.*[/\])(xtensa-esp32-elf-ld|CMAKE_LINK_STARTFILE-NOTFOUND|([^/\]+-)?ld|collect2)[^/\]*( |$)]
  ignore line: [Change Dir: /home/vietnq/esp/ota/build/bootloader/CMakeFiles/CMakeTmp]
  ignore line: []
  ignore line: [Run Build Command(s):/usr/bin/ninja cmTC_2a64c && [1/2] Building CXX object CMakeFiles/cmTC_2a64c.dir/CMakeCXXCompilerABI.cpp.obj]
  ignore line: [Using built-in specs.]
  ignore line: [COLLECT_GCC=/home/vietnq/.espressif/tools/xtensa-esp-elf/esp-14.2.0_20260121/xtensa-esp-elf/bin/xtensa-esp-elf-g++]
  ignore line: [Target: xtensa-esp-elf]
  ignore line: [Configured with: /builds/idf/crosstool-NG/.build/xtensa-esp-elf/src/gcc/configure --build=x86_64-build_pc-linux-gnu --host=x86_64-build_pc-linux-gnu --target=xtensa-esp-elf --prefix=/builds/idf/crosstool-NG/builds/xtensa-esp-elf --exec_prefix=/builds/idf/crosstool-NG/builds/xtensa-esp-elf --with-local-prefix=/builds/idf/crosstool-NG/builds/xtensa-esp-elf/xtensa-esp-elf --with-sysroot=/builds/idf/crosstool-NG/builds/xtensa-esp-elf/xtensa-esp-elf --with-native-system-header-dir=/include --with-headers=/builds/idf/crosstool-NG/builds/xtensa-esp-elf/xtensa-esp-elf/include --with-newlib --enable-threads=no --disable-shared --with-pkgversion='crosstool-NG esp-14.2.0_20260121' --disable-__cxa_atexit --enable-cxx-flags='-ffunction-sections -fdata-sections' --disable-libgomp --disable-libmudflap --disable-libmpx --disable-libssp --disable-libquadmath --disable-libquadmath-support --disable-libstdcxx-verbose --with-gmp=/builds/idf/crosstool-NG/.build/xtensa-esp-elf/buildtools --with-mpfr=/builds/idf/crosstool-NG/.build/xtensa-esp-elf/buildtools --with-mpc=/builds/idf/crosstool-NG/.build/xtensa-esp-elf/buildtools --with-isl=/builds/idf/crosstool-NG/.build/xtensa-esp-elf/buildtools --enable-lto --enable-target-optspace --without-long-double-128 --enable-plugin --disable-nls --enable-multiarch --enable-languages=c c++ --disable-libstdcxx-verbose --enable-threads=posix --enable-libstdcxx-time=yes --disable-win32-utf8-manifest]
  ignore line: [Thread model: posix]
  ignore line: [Supported LTO compression algorithms: zlib zstd]
  ignore line: [gcc version 14.2.0 (crosstool-NG esp-14.2.0_20260121) ]
  ignore line: [COLLECT_GCC_OPTIONS='-mdynconfig=xtensa_esp32.so' '-Wno-frame-address' '-mlongcalls' '-fno-builtin-memcpy' '-fno-builtin-memset' '-fno-builtin-bzero' '-fno-rtti' '-v' '-o' 'CMakeFiles/cmTC_2a64c.dir/CMakeCXXCompilerABI.cpp.obj' '-c' '-dumpdir' 'CMakeFiles/cmTC_2a64c.dir/']
  ignore line: [ /home/vietnq/.espressif/tools/xtensa-esp-elf/esp-14.2.0_20260121/xtensa-esp-elf/bin/../libexec/gcc/xtensa-esp-elf/14.2.0/cc1plus -quiet -v -imultilib esp32/no-rtti -iprefix /home/vietnq/.espressif/tools/xtensa-esp-elf/esp-14.2.0_20260121/xtensa-esp-elf/bin/../lib/gcc/xtensa-esp-elf/14.2.0/ -isysroot /home/vietnq/.espressif/tools/xtensa-esp-elf/esp-14.2.0_20260121/xtensa-esp-elf/bin/../xtensa-esp-elf /usr/share/cmake-3.22/Modules/CMakeCXXCompilerABI.cpp -quiet -dumpdir CMakeFiles/cmTC_2a64c.dir/ -dumpbase CMakeCXXCompilerABI.cpp.cpp -dumpbase-ext .cpp -mdynconfig=xtensa_esp32.so -mlongcalls -Wno-frame-address -version -fno-builtin-memcpy -fno-builtin-memset -fno-builtin-bzero -fno-rtti -o /tmp/cchW6Ray.s]
  ignore line: [GNU C++17 (crosstool-NG esp-14.2.0_20260121) version 14.2.0 (xtensa-esp-elf)]
  ignore line: [	compiled by GNU C version 6.3.0  GMP version 6.3.0  MPFR version 4.2.1  MPC version 1.3.1  isl version isl-0.26-GMP]
  ignore line: []
  ignore line: [GGC heuristics: --param ggc-min-expand=100 --param ggc-min-heapsize=131072]
  ignore line: [ignoring duplicate directory "/home/vietnq/.espressif/tools/xtensa-esp-elf/esp-14.2.0_20260121/xtensa-esp-elf/bin/../lib/gcc/../../lib/gcc/xtensa-esp-elf/14.2.0/../../../../xtensa-esp-elf/include/c++/14.2.0"]
  ignore line: [ignoring duplicate directory "/home/vietnq/.espressif/tools/xtensa-esp-elf/esp-14.2.0_20260121/xtensa-esp-elf/bin/../lib/gcc/../../lib/gcc/xtensa-esp-elf/14.2.0/../../../../xtensa-esp-elf/include/c++/14.2.0/xtensa-esp-elf/esp32/no-rtti"]
  ignore line: [ignoring duplicate directory "/home/vietnq/.espressif/tools/xtensa-esp-elf/esp-14.2.0_20260121/xtensa-esp-elf/bin/../lib/gcc/../../lib/gcc/xtensa-esp-elf/14.2.0/../../../../xtensa-esp-elf/include/c++/14.2.0/backward"]
  ignore line: [ignoring duplicate directory "/home/vietnq/.espressif/tools/xtensa-esp-elf/esp-14.2.0_20260121/xtensa-esp-elf/bin/../lib/gcc/../../lib/gcc/xtensa-esp-elf/14.2.0/include"]
  ignore line: [ignoring nonexistent directory "/home/vietnq/.espressif/tools/xtensa-esp-elf/esp-14.2.0_20260121/xtensa-esp-elf/bin/../xtensa-esp-elf/builds/idf/crosstool-NG/builds/xtensa-esp-elf/xtensa-esp-elf/include"]
  ignore line: [ignoring duplicate directory "/home/vietnq/.espressif/tools/xtensa-esp-elf/esp-14.2.0_20260121/xtensa-esp-elf/bin/../lib/gcc/../../lib/gcc/xtensa-esp-elf/14.2.0/include-fixed"]
  ignore line: [ignoring duplicate directory "/home/vietnq/.espressif/tools/xtensa-esp-elf/esp-14.2.0_20260121/xtensa-esp-elf/bin/../lib/gcc/../../lib/gcc/xtensa-esp-elf/14.2.0/../../../../xtensa-esp-elf/include"]
  ignore line: [ignoring duplicate directory "/home/vietnq/.espressif/tools/xtensa-esp-elf/esp-14.2.0_20260121/xtensa-esp-elf/bin/../xtensa-esp-elf/include"]
  ignore line: [#include "..." search starts here:]
  ignore line: [#include <...> search starts here:]
  ignore line: [ /home/vietnq/.espressif/tools/xtensa-esp-elf/esp-14.2.0_20260121/xtensa-esp-elf/bin/../lib/gcc/xtensa-esp-elf/14.2.0/../../../../xtensa-esp-elf/include/c++/14.2.0]
  ignore line: [ /home/vietnq/.espressif/tools/xtensa-esp-elf/esp-14.2.0_20260121/xtensa-esp-elf/bin/../lib/gcc/xtensa-esp-elf/14.2.0/../../../../xtensa-esp-elf/include/c++/14.2.0/xtensa-esp-elf/esp32/no-rtti]
  ignore line: [ /home/vietnq/.espressif/tools/xtensa-esp-elf/esp-14.2.0_20260121/xtensa-esp-elf/bin/../lib/gcc/xtensa-esp-elf/14.2.0/../../../../xtensa-esp-elf/include/c++/14.2.0/backward]
  ignore line: [ /home/vietnq/.espressif/tools/xtensa-esp-elf/esp-14.2.0_20260121/xtensa-esp-elf/bin/../lib/gcc/xtensa-esp-elf/14.2.0/include]
  ignore line: [ /home/vietnq/.espressif/tools/xtensa-esp-elf/esp-14.2.0_20260121/xtensa-esp-elf/bin/../lib/gcc/xtensa-esp-elf/14.2.0/include-fixed]
  ignore line: [ /home/vietnq/.espressif/tools/xtensa-esp-elf/esp-14.2.0_20260121/xtensa-esp-elf/bin/../lib/gcc/xtensa-esp-elf/14.2.0/../../../../xtensa-esp-elf/include]
  ignore line: [End of search list.]
  ignore line: [Compiler executable checksum: a254981dd59757a59628c9ca49d36a87]
  ignore line: [COLLECT_GCC_OPTIONS='-mdynconfig=xtensa_esp32.so' '-Wno-frame-address' '-mlongcalls' '-fno-builtin-memcpy' '-fno-builtin-memset' '-fno-builtin-bzero' '-fno-rtti' '-v' '-o' 'CMakeFiles/cmTC_2a64c.dir/CMakeCXXCompilerABI.cpp.obj' '-c' '-dumpdir' 'CMakeFiles/cmTC_2a64c.dir/']
  ignore line: [ /home/vietnq/.espressif/tools/xtensa-esp-elf/esp-14.2.0_20260121/xtensa-esp-elf/bin/../lib/gcc/xtensa-esp-elf/14.2.0/../../../../xtensa-esp-elf/bin/as --traditional-format --longcalls --dynconfig=xtensa_esp32.so -o CMakeFiles/cmTC_2a64c.dir/CMakeCXXCompilerABI.cpp.obj /tmp/cchW6Ray.s]
  ignore line: [COMPILER_PATH=/home/vietnq/.espressif/tools/xtensa-esp-elf/esp-14.2.0_20260121/xtensa-esp-elf/bin/../libexec/gcc/xtensa-esp-elf/14.2.0/:/home/vietnq/.espressif/tools/xtensa-esp-elf/esp-14.2.0_20260121/xtensa-esp-elf/bin/../libexec/gcc/:/home/vietnq/.espressif/tools/xtensa-esp-elf/esp-14.2.0_20260121/xtensa-esp-elf/bin/../lib/gcc/xtensa-esp-elf/14.2.0/../../../../xtensa-esp-elf/bin/]
  ignore line: [LIBRARY_PATH=/home/vietnq/.espressif/tools/xtensa-esp-elf/esp-14.2.0_20260121/xtensa-esp-elf/bin/../lib/gcc/xtensa-esp-elf/14.2.0/esp32/no-rtti/:/home/vietnq/.espressif/tools/xtensa-esp-elf/esp-14.2.0_20260121/xtensa-esp-elf/bin/../lib/gcc/xtensa-esp-elf/14.2.0/../../../../xtensa-esp-elf/lib/esp32/no-rtti/:/home/vietnq/.espressif/tools/xtensa-esp-elf/esp-14.2.0_20260121/xtensa-esp-elf/bin/../xtensa-esp-elf/lib/esp32/no-rtti/:/home/vietnq/.espressif/tools/xtensa-esp-elf/esp-14.2.0_20260121/xtensa-esp-elf/bin/../lib/gcc/xtensa-esp-elf/14.2.0/:/home/vietnq/.espressif/tools/xtensa-esp-elf/esp-14.2.0_20260121/xtensa-esp-elf/bin/../lib/gcc/:/home/vietnq/.espressif/tools/xtensa-esp-elf/esp-14.2.0_20260121/xtensa-esp-elf/bin/../lib/gcc/xtensa-esp-elf/14.2.0/../../../../xtensa-esp-elf/lib/:/home/vietnq/.espressif/tools/xtensa-esp-elf/esp-14.2.0_20260121/xtensa-esp-elf/bin/../xtensa-esp-elf/lib/:/home/vietnq/.espressif/tools/xtensa-esp-elf/esp-14.2.0_20260121/xtensa-esp-elf/bin/../xtensa-esp-elf/usr/lib/]
  ignore line: [COLLECT_GCC_OPTIONS='-mdynconfig=xtensa_esp32.so' '-Wno-frame-address' '-mlongcalls' '-fno-builtin-memcpy' '-fno-builtin-memset' '-fno-builtin-bzero' '-fno-rtti' '-v' '-o' 'CMakeFiles/cmTC_2a64c.dir/CMakeCXXCompilerABI.cpp.obj' '-c' '-dumpdir' 'CMakeFiles/cmTC_2a64c.dir/CMakeCXXCompilerABI.cpp.']
  ignore line: [[2/2] Linking CXX executable cmTC_2a64c]
  ignore line: [Using built-in specs.]
  ignore line: [COLLECT_GCC=/home/vietnq/.espressif/tools/xtensa-esp-elf/esp-14.2.0_20260121/xtensa-esp-elf/bin/xtensa-esp-elf-g++]
  ignore line: [COLLECT_LTO_WRAPPER=/home/vietnq/.espressif/tools/xtensa-esp-elf/esp-14.2.0_20260121/xtensa-esp-elf/bin/../libexec/gcc/xtensa-esp-elf/14.2.0/lto-wrapper]
  ignore line: [Target: xtensa-esp-elf]
  ignore line: [Configured with: /builds/idf/crosstool-NG/.build/xtensa-esp-elf/src/gcc/configure --build=x86_64-build_pc-linux-gnu --host=x86_64-build_pc-linux-gnu --target=xtensa-esp-elf --prefix=/builds/idf/crosstool-NG/builds/xtensa-esp-elf --exec_prefix=/builds/idf/crosstool-NG/builds/xtensa-esp-elf --with-local-prefix=/builds/idf/crosstool-NG/builds/xtensa-esp-elf/xtensa-esp-elf --with-sysroot=/builds/idf/crosstool-NG/builds/xtensa-esp-elf/xtensa-esp-elf --with-native-system-header-dir=/include --with-headers=/builds/idf/crosstool-NG/builds/xtensa-esp-elf/xtensa-esp-elf/include --with-newlib --enable-threads=no --disable-shared --with-pkgversion='crosstool-NG esp-14.2.0_20260121' --disable-__cxa_atexit --enable-cxx-flags='-ffunction-sections -fdata-sections' --disable-libgomp --disable-libmudflap --disable-libmpx --disable-libssp --disable-libquadmath --disable-libquadmath-support --disable-libstdcxx-verbose --with-gmp=/builds/idf/crosstool-NG/.build/xtensa-esp-elf/buildtools --with-mpfr=/builds/idf/crosstool-NG/.build/xtensa-esp-elf/buildtools --with-mpc=/builds/idf/crosstool-NG/.build/xtensa-esp-elf/buildtools --with-isl=/builds/idf/crosstool-NG/.build/xtensa-esp-elf/buildtools --enable-lto --enable-target-optspace --without-long-double-128 --enable-plugin --disable-nls --enable-multiarch --enable-languages=c c++ --disable-libstdcxx-verbose --enable-threads=posix --enable-libstdcxx-time=yes --disable-win32-utf8-manifest]
  ignore line: [Thread model: posix]
  ignore line: [Supported LTO compression algorithms: zlib zstd]
  ignore line: [gcc version 14.2.0 (crosstool-NG esp-14.2.0_20260121) ]
  ignore line: [COMPILER_PATH=/home/vietnq/.espressif/tools/xtensa-esp-elf/esp-14.2.0_20260121/xtensa-esp-elf/bin/../libexec/gcc/xtensa-esp-elf/14.2.0/:/home/vietnq/.espressif/tools/xtensa-esp-elf/esp-14.2.0_20260121/xtensa-esp-elf/bin/../libexec/gcc/:/home/vietnq/.espressif/tools/xtensa-esp-elf/esp-14.2.0_20260121/xtensa-esp-elf/bin/../lib/gcc/xtensa-esp-elf/14.2.0/../../../../xtensa-esp-elf/bin/]
  ignore line: [LIBRARY_PATH=/home/vietnq/.espressif/tools/xtensa-esp-elf/esp-14.2.0_20260121/xtensa-esp-elf/bin/../lib/gcc/xtensa-esp-elf/14.2.0/esp32/no-rtti/:/home/vietnq/.espressif/tools/xtensa-esp-elf/esp-14.2.0_20260121/xtensa-esp-elf/bin/../lib/gcc/xtensa-esp-elf/14.2.0/../../../../xtensa-esp-elf/lib/esp32/no-rtti/:/home/vietnq/.espressif/tools/xtensa-esp-elf/esp-14.2.0_20260121/xtensa-esp-elf/bin/../xtensa-esp-elf/lib/esp32/no-rtti/:/home/vietnq/.espressif/tools/xtensa-esp-elf/esp-14.2.0_20260121/xtensa-esp-elf/bin/../lib/gcc/xtensa-esp-elf/14.2.0/:/home/vietnq/.espressif/tools/xtensa-esp-elf/esp-14.2.0_20260121/xtensa-esp-elf/bin/../lib/gcc/:/home/vietnq/.espressif/tools/xtensa-esp-elf/esp-14.2.0_20260121/xtensa-esp-elf/bin/../lib/gcc/xtensa-esp-elf/14.2.0/../../../../xtensa-esp-elf/lib/:/home/vietnq/.espressif/tools/xtensa-esp-elf/esp-14.2.0_20260121/xtensa-esp-elf/bin/../xtensa-esp-elf/lib/:/home/vietnq/.espressif/tools/xtensa-esp-elf/esp-14.2.0_20260121/xtensa-esp-elf/bin/../xtensa-esp-elf/usr/lib/]
  ignore line: [COLLECT_GCC_OPTIONS='-mdynconfig=xtensa_esp32.so' '-Wno-frame-address' '-mlongcalls' '-fno-builtin-memcpy' '-fno-builtin-memset' '-fno-builtin-bzero' '-nostartfiles' '-fno-rtti' '-v' '-o' 'cmTC_2a64c' '-dumpdir' 'cmTC_2a64c.']
  link line: [ /home/vietnq/.espressif/tools/xtensa-esp-elf/esp-14.2.0_20260121/xtensa-esp-elf/bin/../libexec/gcc/xtensa-esp-elf/14.2.0/collect2 -plugin /home/vietnq/.espressif/tools/xtensa-esp-elf/esp-14.2.0_20260121/xtensa-esp-elf/bin/../libexec/gcc/xtensa-esp-elf/14.2.0/liblto_plugin.so -plugin-opt=/home/vietnq/.espressif/tools/xtensa-esp-elf/esp-14.2.0_20260121/xtensa-esp-elf/bin/../libexec/gcc/xtensa-esp-elf/14.2.0/lto-wrapper -plugin-opt=-fresolution=/tmp/cchyRNcE.res -plugin-opt=-pass-through=-lgcc -plugin-opt=-pass-through=-lc -plugin-opt=-pass-through=-lnosys -plugin-opt=-pass-through=-lc -plugin-opt=-pass-through=-lgcc --sysroot=/home/vietnq/.espressif/tools/xtensa-esp-elf/esp-14.2.0_20260121/xtensa-esp-elf/bin/../xtensa-esp-elf --dynconfig=xtensa_esp32.so -o cmTC_2a64c -L/home/vietnq/.espressif/tools/xtensa-esp-elf/esp-14.2.0_20260121/xtensa-esp-elf/bin/../lib/gcc/xtensa-esp-elf/14.2.0/esp32/no-rtti -L/home/vietnq/.espressif/tools/xtensa-esp-elf/esp-14.2.0_20260121/xtensa-esp-elf/bin/../lib/gcc/xtensa-esp-elf/14.2.0/../../../../xtensa-esp-elf/lib/esp32/no-rtti -L/home/vietnq/.espressif/tools/xtensa-esp-elf/esp-14.2.0_20260121/xtensa-esp-elf/bin/../xtensa-esp-elf/lib/esp32/no-rtti -L/home/vietnq/.espressif/tools/xtensa-esp-elf/esp-14.2.0_20260121/xtensa-esp-elf/bin/../lib/gcc/xtensa-esp-elf/14.2.0 -L/home/vietnq/.espressif/tools/xtensa-esp-elf/esp-14.2.0_20260121/xtensa-esp-elf/bin/../lib/gcc -L/home/vietnq/.espressif/tools/xtensa-esp-elf/esp-14.2.0_20260121/xtensa-esp-elf/bin/../lib/gcc/xtensa-esp-elf/14.2.0/../../../../xtensa-esp-elf/lib -L/home/vietnq/.espressif/tools/xtensa-esp-elf/esp-14.2.0_20260121/xtensa-esp-elf/bin/../xtensa-esp-elf/lib -L/home/vietnq/.espressif/tools/xtensa-esp-elf/esp-14.2.0_20260121/xtensa-esp-elf/bin/../xtensa-esp-elf/usr/lib @/tmp/ccyX9rEI -lgcc -lc -lnosys -lc -lgcc]
    arg [/home/vietnq/.espressif/tools/xtensa-esp-elf/esp-14.2.0_20260121/xtensa-esp-elf/bin/../libexec/gcc/xtensa-esp-elf/14.2.0/collect2] ==> ignore
    arg [-plugin] ==> ignore
    arg [/home/vietnq/.espressif/tools/xtensa-esp-elf/esp-14.2.0_20260121/xtensa-esp-elf/bin/../libexec/gcc/xtensa-esp-elf/14.2.0/liblto_plugin.so] ==> ignore
    arg [-plugin-opt=/home/vietnq/.espressif/tools/xtensa-esp-elf/esp-14.2.0_20260121/xtensa-esp-elf/bin/../libexec/gcc/xtensa-esp-elf/14.2.0/lto-wrapper] ==> ignore
    arg [-plugin-opt=-fresolution=/tmp/cchyRNcE.res] ==> ignore
    arg [-plugin-opt=-pass-through=-lgcc] ==> ignore
    arg [-plugin-opt=-pass-through=-lc] ==> ignore
    arg [-plugin-opt=-pass-through=-lnosys] ==> ignore
    arg [-plugin-opt=-pass-through=-lc] ==> ignore
    arg [-plugin-opt=-pass-through=-lgcc] ==> ignore
    arg [--sysroot=/home/vietnq/.espressif/tools/xtensa-esp-elf/esp-14.2.0_20260121/xtensa-esp-elf/bin/../xtensa-esp-elf] ==> ignore
    arg [--dynconfig=xtensa_esp32.so] ==> ignore
    arg [-o] ==> ignore
    arg [cmTC_2a64c] ==> ignore
    arg [-L/home/vietnq/.espressif/tools/xtensa-esp-elf/esp-14.2.0_20260121/xtensa-esp-elf/bin/../lib/gcc/xtensa-esp-elf/14.2.0/esp32/no-rtti] ==> dir [/home/vietnq/.espressif/tools/xtensa-esp-elf/esp-14.2.0_20260121/xtensa-esp-elf/bin/../lib/gcc/xtensa-esp-elf/14.2.0/esp32/no-rtti]
    arg [-L/home/vietnq/.espressif/tools/xtensa-esp-elf/esp-14.2.0_20260121/xtensa-esp-elf/bin/../lib/gcc/xtensa-esp-elf/14.2.0/../../../../xtensa-esp-elf/lib/esp32/no-rtti] ==> dir [/home/vietnq/.espressif/tools/xtensa-esp-elf/esp-14.2.0_20260121/xtensa-esp-elf/bin/../lib/gcc/xtensa-esp-elf/14.2.0/../../../../xtensa-esp-elf/lib/esp32/no-rtti]
    arg [-L/home/vietnq/.espressif/tools/xtensa-esp-elf/esp-14.2.0_20260121/xtensa-esp-elf/bin/../xtensa-esp-elf/lib/esp32/no-rtti] ==> dir [/home/vietnq/.espressif/tools/xtensa-esp-elf/esp-14.2.0_20260121/xtensa-esp-elf/bin/../xtensa-esp-elf/lib/esp32/no-rtti]
    arg [-L/home/vietnq/.espressif/tools/xtensa-esp-elf/esp-14.2.0_20260121/xtensa-esp-elf/bin/../lib/gcc/xtensa-esp-elf/14.2.0] ==> dir [/home/vietnq/.espressif/tools/xtensa-esp-elf/esp-14.2.0_20260121/xtensa-esp-elf/bin/../lib/gcc/xtensa-esp-elf/14.2.0]
    arg [-L/home/vietnq/.espressif/tools/xtensa-esp-elf/esp-14.2.0_20260121/xtensa-esp-elf/bin/../lib/gcc] ==> dir [/home/vietnq/.espressif/tools/xtensa-esp-elf/esp-14.2.0_20260121/xtensa-esp-elf/bin/../lib/gcc]
    arg [-L/home/vietnq/.espressif/tools/xtensa-esp-elf/esp-14.2.0_20260121/xtensa-esp-elf/bin/../lib/gcc/xtensa-esp-elf/14.2.0/../../../../xtensa-esp-elf/lib] ==> dir [/home/vietnq/.espressif/tools/xtensa-esp-elf/esp-14.2.0_20260121/xtensa-esp-elf/bin/../lib/gcc/xtensa-esp-elf/14.2.0/../../../../xtensa-esp-elf/lib]
    arg [-L/home/vietnq/.espressif/tools/xtensa-esp-elf/esp-14.2.0_20260121/xtensa-esp-elf/bin/../xtensa-esp-elf/lib] ==> dir [/home/vietnq/.espressif/tools/xtensa-esp-elf/esp-14.2.0_20260121/xtensa-esp-elf/bin/../xtensa-esp-elf/lib]
    arg [-L/home/vietnq/.espressif/tools/xtensa-esp-elf/esp-14.2.0_20260121/xtensa-esp-elf/bin/../xtensa-esp-elf/usr/lib] ==> dir [/home/vietnq/.espressif/tools/xtensa-esp-elf/esp-14.2.0_20260121/xtensa-esp-elf/bin/../xtensa-esp-elf/usr/lib]
    arg [@/tmp/ccyX9rEI] ==> ignore
    arg [-lgcc] ==> lib [gcc]
    arg [-lc] ==> lib [c]
    arg [-lnosys] ==> lib [nosys]
    arg [-lc] ==> lib [c]
    arg [-lgcc] ==> lib [gcc]
  collapse library dir [/home/vietnq/.espressif/tools/xtensa-esp-elf/esp-14.2.0_20260121/xtensa-esp-elf/bin/../lib/gcc/xtensa-esp-elf/14.2.0/esp32/no-rtti] ==> [/home/vietnq/.espressif/tools/xtensa-esp-elf/esp-14.2.0_20260121/xtensa-esp-elf/lib/gcc/xtensa-esp-elf/14.2.0/esp32/no-rtti]
  collapse library dir [/home/vietnq/.espressif/tools/xtensa-esp-elf/esp-14.2.0_20260121/xtensa-esp-elf/bin/../lib/gcc/xtensa-esp-elf/14.2.0/../../../../xtensa-esp-elf/lib/esp32/no-rtti] ==> [/home/vietnq/.espressif/tools/xtensa-esp-elf/esp-14.2.0_20260121/xtensa-esp-elf/xtensa-esp-elf/lib/esp32/no-rtti]
  collapse library dir [/home/vietnq/.espressif/tools/xtensa-esp-elf/esp-14.2.0_20260121/xtensa-esp-elf/bin/../xtensa-esp-elf/lib/esp32/no-rtti] ==> [/home/vietnq/.espressif/tools/xtensa-esp-elf/esp-14.2.0_20260121/xtensa-esp-elf/xtensa-esp-elf/lib/esp32/no-rtti]
  collapse library dir [/home/vietnq/.espressif/tools/xtensa-esp-elf/esp-14.2.0_20260121/xtensa-esp-elf/bin/../lib/gcc/xtensa-esp-elf/14.2.0] ==> [/home/vietnq/.espressif/tools/xtensa-esp-elf/esp-14.2.0_20260121/xtensa-esp-elf/lib/gcc/xtensa-esp-elf/14.2.0]
  collapse library dir [/home/vietnq/.espressif/tools/xtensa-esp-elf/esp-14.2.0_20260121/xtensa-esp-elf/bin/../lib/gcc] ==> [/home/vietnq/.espressif/tools/xtensa-esp-elf/esp-14.2.0_20260121/xtensa-esp-elf/lib/gcc]
  collapse library dir [/home/vietnq/.espressif/tools/xtensa-esp-elf/esp-14.2.0_20260121/xtensa-esp-elf/bin/../lib/gcc/xtensa-esp-elf/14.2.0/../../../../xtensa-esp-elf/lib] ==> [/home/vietnq/.espressif/tools/xtensa-esp-elf/esp-14.2.0_20260121/xtensa-esp-elf/xtensa-esp-elf/lib]
  collapse library dir [/home/vietnq/.espressif/tools/xtensa-esp-elf/esp-14.2.0_20260121/xtensa-esp-elf/bin/../xtensa-esp-elf/lib] ==> [/home/vietnq/.espressif/tools/xtensa-esp-elf/esp-14.2.0_20260121/xtensa-esp-elf/xtensa-esp-elf/lib]
  collapse library dir [/home/vietnq/.espressif/tools/xtensa-esp-elf/esp-14.2.0_20260121/xtensa-esp-elf/bin/../xtensa-esp-elf/usr/lib] ==> [/home/vietnq/.espressif/tools/xtensa-esp-elf/esp-14.2.0_20260121/xtensa-esp-elf/xtensa-esp-elf/usr/lib]
  implicit libs: [gcc;c;nosys;c;gcc]
  implicit objs: []
  implicit dirs: [/home/vietnq/.espressif/tools/xtensa-esp-elf/esp-14.2.0_20260121/xtensa-esp-elf/lib/gcc/xtensa-esp-elf/14.2.0/esp32/no-rtti;/home/vietnq/.espressif/tools/xtensa-esp-elf/esp-14.2.0_20260121/xtensa-esp-elf/xtensa-esp-elf/lib/esp32/no-rtti;/home/vietnq/.espressif/tools/xtensa-esp-elf/esp-14.2.0_20260121/xtensa-esp-elf/lib/gcc/xtensa-esp-elf/14.2.0;/home/vietnq/.espressif/tools/xtensa-esp-elf/esp-14.2.0_20260121/xtensa-esp-elf/lib/gcc;/home/vietnq/.espressif/tools/xtensa-esp-elf/esp-14.2.0_20260121/xtensa-esp-elf/xtensa-esp-elf/lib;/home/vietnq/.espressif/tools/xtensa-esp-elf/esp-14.2.0_20260121/xtensa-esp-elf/xtensa-esp-elf/usr/lib]
  implicit fwks: []


